window,start_ymm,end_ymm,PERMNO,nominal_ret,real_ret
1925-1955,192512,195512,10006,2.004558152022065,1.0067757806416004
1925-1955,192512,195512,10022,11.167467684547463,7.12677878930597
1925-1955,192512,195512,10030,5.761655188606649,3.5161801446290717
1925-1955,192512,195512,10049,-0.9327031238080782,-0.9107693271233037
1925-1955,192512,195512,10057,32.75420641161465,21.54478711820528
1925-1955,192512,195512,10073,-0.7168036159288873,-0.6404811861792262
1925-1955,192512,195512,10081,-0.9677507970855554,-0.96227054038114
1925-1955,192512,195512,10102,11.465026829765671,7.325521651224086
1925-1955,192512,195512,10110,-0.9519046858631919,-0.9458549608145367
1925-1955,192512,195512,10129,0.35457909246511593,0.40155871416910804
1925-1955,192512,195512,10137,4.16481380167849,2.449633098882281
1925-1955,192512,195512,10145,16.244926575634953,10.518066630741266
1925-1955,192512,195512,10153,12.836781473101714,8.241730909273157
1925-1955,192512,195512,10161,13.154164762594966,8.453714524270524
1925-1955,192512,195512,10188,1.130294203550585,0.42284575535654806
1925-1955,192512,195512,10196,-0.9890717935693621,-0.9927009367496858
1925-1955,192512,195512,10209,2.9870679646720846,1.663004349538443
1925-1955,192512,195512,10217,2.7344524807831756,1.4942798285827976
1925-1955,192512,195512,10225,8.301440428178113,5.212529241208512
1925-1955,192512,195512,10233,2.9080348327416843,1.6102172950028506
1925-1955,192512,195512,10241,12.91206976549335,8.29201674635564
1925-1955,192512,195512,10268,0.5136784027504078,0.011001619747474649
1925-1955,192512,195512,10276,2.422437356185797,1.2858816670046918
1925-1955,192512,195512,10284,0.918591216263452,1.4886074471823059
1925-1955,192512,195512,10292,49.59168242739191,32.79071326307145
1925-1955,192512,195512,10305,1.794687685817578,1.925433308545888
1925-1955,192512,195512,10313,2.964035018814764,1.647620404357621
1925-1955,192512,195512,10321,0.38803270226121955,-0.0729184563255292
1925-1955,192512,195512,10348,-0.9631031742776401,-0.9514372661448351
1925-1955,192512,195512,10356,2.222748669606038,2.3539070456946565
1925-1955,192512,195512,10364,13.75960426916873,8.858093896198545
1925-1955,192512,195512,10372,2.7382285500023307,1.496801904665738
1925-1955,192512,195512,10380,-0.986111090876329,-0.9822420376204493
1925-1955,192512,195512,10399,-0.8636358774844897,-0.8178419557442063
1925-1955,192512,195512,10401,9.18575448392339,5.803171838142846
1925-1955,192512,195512,10428,3.202169576254258,2.2144801459380914
1925-1955,192512,195512,10436,3.7194263806269436,2.1521541870605336
1925-1955,192512,195512,10444,9.049526649055085,5.712183843958445
1925-1955,192512,195512,10452,0.6428217921214625,0.10136741868817091
1925-1955,192512,195512,10460,1.5259355816137035,0.6870987653315415
1925-1955,192512,195512,10479,7.41652480170055,4.621484848897018
1925-1955,192512,195512,10487,4.935205621412889,2.9641858441526505
1925-1955,192512,195512,10495,9.226159574589632,5.830158820341578
1925-1955,192512,195512,10508,-0.1471556281473862,-0.10725647624784931
1925-1955,192512,195512,10516,27.944374989024226,18.332250459087096
1925-1955,192512,195512,10524,-0.3907081728342057,-0.5930476229004578
1925-1955,192512,195512,10532,3.0170702080968255,1.6830431613781087
1925-1955,192512,195512,10540,-0.5323723836831137,-0.38451953440645126
1925-1955,192512,195512,10559,4.450603742174377,2.640515186004526
1925-1955,192512,195512,10567,-0.6781208596030281,-0.5884545276353002
1925-1955,192512,195512,10575,10.973594545610688,6.997288894269812
1925-1955,192512,195512,10583,-0.9303797279743266,-0.9287884074708825
1925-1955,192512,195512,10591,1.6635052713698282,0.778982998414923
1925-1955,192512,195512,10604,18.139246039524004,11.783302392070153
1925-1955,192512,195512,10612,3.7675983917273763,2.1962551015700367
1925-1955,192512,195512,10620,9.83831623842979,6.239024651787068
1925-1955,192512,195512,10639,4.622522945562325,2.7413814396121072
1925-1955,192512,195512,10647,-0.7354632459652072,-0.8233131381633284
1925-1955,192512,195512,10655,-0.6666661865155503,-0.6590471279216201
1925-1955,192512,195512,10663,-0.8948312644951143,-0.8615793848869517
1925-1955,192512,195512,10671,-0.6066693960607565,-0.7372903802047585
1925-1955,192512,195512,10698,4.409580921020075,2.613115615158934
1925-1955,192512,195512,10700,-0.9962406259797981,-0.9950881171560866
1925-1955,192512,195512,10719,4.278608914266054,2.9867974500153
1925-1955,192512,195512,10727,16.468459046955495,10.667366303750141
1925-1955,192512,195512,10735,6.331296930637841,3.8966498156126015
1925-1955,192512,195512,10743,0.9873349200271031,0.3273617562867604
1925-1955,192512,195512,10751,16.360522388845467,10.595274282102027
1925-1955,192512,195512,10778,14.68413962879812,9.475600722219655
1925-1955,192512,195512,10786,54.03702793410195,35.759805970911366
1925-1955,192512,195512,10794,-0.9399999645840845,-0.9192480726357226
1925-1955,192512,195512,10807,14.944232798572521,9.649319667703294
1925-1955,192512,195512,10815,-0.2500002168374593,-0.20089308817800663
1925-1955,192512,195512,10823,2.5621462781112334,1.3791947156041457
1925-1955,192512,195512,10831,1.4578193446342649,1.8022271508887475
1925-1955,192512,195512,10858,-0.011287884653561448,0.017123383028808857
1925-1955,192512,195512,10866,25.623611498519196,16.782188276996003
1925-1955,192512,195512,10874,5.353644481367406,3.243665530465549
1925-1955,192512,195512,10882,-0.8422835659531069,-0.7861269568606525
1925-1955,192512,195512,10890,11.465705634927648,7.325975032283777
1925-1955,192512,195512,10903,-0.9404128869480797,-0.9227094693022193
1925-1955,192512,195512,10911,1.7160401649089625,0.8140716026817341
1925-1955,192512,195512,10938,0.8213024229648898,0.21646691683102773
1925-1955,192512,195512,10946,-0.762834278308731,-0.687848057479874
1925-1955,192512,195512,10954,5.069509333500587,3.053888696629129
1925-1955,192512,195512,10962,-0.8524631359194352,-0.8086297197795573
1925-1955,192512,195512,10970,53.111136846091235,35.14139363974006
1925-1955,192512,195512,10989,9.006633313065938,5.683534936711964
1925-1955,192512,195512,10997,0.8,0.8
1925-1955,192512,195512,11009,-0.46471606760448614,-0.31067752590793585
1925-1955,192512,195512,11017,2.659081786554609,1.4439389544525243
1925-1955,192512,195512,11025,-0.4355614392292736,-0.32643665081359907
1925-1955,192512,195512,11033,5.861139035759207,3.5826264455257384
1925-1955,192512,195512,11041,2.1227306759415274,1.0857044440057195
1925-1955,192512,195512,11068,10.60444032862919,6.75072693591278
1925-1955,192512,195512,11076,-0.8419654153494005,-0.8944470498042637
1925-1955,192512,195512,11084,0.8176387319756879,0.2140198993419742
1925-1955,192512,195512,11092,8.571879859298472,5.39315856274041
1925-1955,192512,195512,11105,0.2761862418575303,-0.14762187577426203
1925-1955,192512,195512,11113,-0.6520710788969358,-0.7676146385169831
1925-1955,192512,195512,11121,3.0143571523924884,3.251893078569559
1925-1955,192512,195512,11148,1.3868780373586511,0.5942207786835798
1925-1955,192512,195512,11156,17.18678101327535,11.147141049911518
1925-1955,192512,195512,11164,17.883825318659277,11.612704224029914
1925-1955,192512,195512,11172,-0.9365081186378107,-0.9247347896434974
1925-1955,192512,195512,11180,-0.7818667895396055,-0.7170590965767347
1925-1955,192512,195512,11199,-0.9966992534995862,-0.9957797598316137
1925-1955,192512,195512,11201,-0.9731181733101286,-0.9651315436413986
1925-1955,192512,195512,11228,-0.990694147640383,-0.9881018030544897
1925-1955,192512,195512,11236,9.183748507329561,12.403610167735218
1925-1955,192512,195512,11244,2.009007346405088,1.0097474440541458
1925-1955,192512,195512,11252,-0.9727837084344864,-0.9721616217701318
1925-1955,192512,195512,11260,23.273980814345038,15.21284539465585
1925-1955,192512,195512,11279,0.6104542715790133,1.0444774086003075
1925-1955,192512,195512,11287,-0.3196679687436756,-0.5455991283773053
1925-1955,192512,195512,11295,16.3958600973844,10.618876706835104
1925-1955,192512,195512,11308,30.94320189875662,20.33519828312475
1925-1955,192512,195512,11316,-0.04707852366686372,-0.36353379006107495
1925-1955,192512,195512,11324,-0.8208720626446866,-0.7709721372385636
1925-1955,192512,195512,11332,1.1235398953148361,0.4183344823184923
1925-1955,192512,195512,11340,1.3496569536704004,0.5693604280112008
1925-1955,192512,195512,11359,12.230940328904323,7.837083279380138
1925-1955,192512,195512,11367,22.350347335468395,14.595940944212108
1925-1955,192512,195512,11375,4.740686222058147,2.8342643050313807
1925-1955,192512,195512,11383,0.41119990699885073,0.5217155623662311
1925-1955,192512,195512,11391,9.881696396618343,6.267998712666723
1925-1955,192512,195512,11404,5.735466454431214,3.4986884154596494
1925-1955,192512,195512,11412,-0.4999988678598919,-0.4796499845751201
1925-1955,192512,195512,11420,-0.9130433642960666,-0.8896082426169922
1925-1955,192512,195512,11439,0.1956844733452744,-0.20138984802684892
1925-1955,192512,195512,11447,10.633601442074303,6.770203948251114
1925-1955,192512,195512,11455,13.465149232587438,8.661424300869987
1925-1955,192512,195512,11463,1.6461738853541559,0.7674071846208768
1925-1955,192512,195512,11471,12.001152365108366,7.683605497591051
1925-1955,192512,195512,11498,7.703326823600188,4.813042915762813
1925-1955,192512,195512,11500,1.3021082396046988,0.5376021451091089
1925-1955,192512,195512,11519,-0.6719993964575005,-0.5650954960436491
1925-1955,192512,195512,11527,1.1655864764370079,0.44641783314263034
1925-1955,192512,195512,11535,-0.9857083019389734,-0.9817270431934018
1925-1955,192512,195512,11543,0.8604812817822218,0.24263488596648577
1925-1955,192512,195512,11551,-0.881578959342946,-0.8745717971738896
1925-1955,192512,195512,11578,-0.9940000081154695,-0.9928400096844603
1925-1955,192512,195512,11586,1.7515596088371042,1.8802875437534605
1925-1955,192512,195512,11594,1.404313951874081,1.5167964759383645
1925-1955,192512,195512,11607,70.67352313961689,46.871494932803884
1925-1955,192512,195512,11615,-0.08333308478343743,-0.0833330847834375
1925-1955,192512,195512,11623,-0.9686720868732024,-0.9558449098449073
1925-1955,192512,195512,11631,-0.8864980496541714,-0.9241908615227488
1925-1955,192512,195512,11658,6.190299250745161,3.802475992102175
1925-1955,192512,195512,11666,-0.69521569137483,-0.7964313759555768
1925-1955,192512,195512,11674,8.629372449424562,5.4315584643544845
1925-1955,192512,195512,11682,-0.6948233698551756,-0.6805461006086341
1925-1955,192512,195512,11690,18.13361862841394,11.779543785395909
1925-1955,192512,195512,11703,105.99803623068951,70.46510628840824
1925-1955,192512,195512,11711,-0.9545454992711968,-0.9427017209122833
1925-1955,192512,195512,11738,-0.7373391054200902,-0.7282294790184749
1925-1955,192512,195512,11746,2.8056545284560706,1.5418364201255095
1925-1955,192512,195512,11754,18.99848331794646,12.357195947434395
1925-1955,192512,195512,11762,36.00410979280954,23.715431540719795
1925-1955,192512,195512,11789,-0.004796738011568618,-0.2546385611048978
1925-1955,192512,195512,11818,-0.9777777339352305,-0.9729402338394982
1925-1955,192512,195512,11826,5.698457872087317,3.473969996655347
1925-1955,192512,195512,11834,-0.5494714891613256,-0.699087300596557
1925-1955,192512,195512,11842,-0.3732617367249971,-0.5829511184898677
1925-1955,192512,195512,11850,28.876219166146793,18.954638920672675
1925-1955,192512,195512,11869,-0.7254896688961271,-0.6539623291014558
1925-1955,192512,195512,11877,-0.008599913045024889,-0.3378335240114171
1925-1955,192512,195512,11885,6.191551704446145,3.8033125190144057
1925-1955,192512,195512,11893,-0.9665276976851285,-0.9524480784574444
1925-1955,192512,195512,11906,2.0859945151624095,1.4017087748437929
1925-1955,192512,195512,11914,15.314890181610068,9.978817077098494
1925-1955,192512,195512,11922,15.64675024438965,10.118538409499044
1925-1955,192512,195512,11930,0.03920716671025641,0.3677800208907071
1925-1955,192512,195512,11949,14.757655272529933,9.524702588742027
1925-1955,192512,195512,11957,0.024597754559297167,0.03617513031702916
1925-1955,192512,195512,11965,-0.9936667849421339,-0.991411776550318
1925-1955,192512,195512,11973,-0.97624518920808,-0.9689626924689513
1925-1955,192512,195512,11981,85.53865476527626,56.80007165292706
1925-1955,192512,195512,12001,-0.4470690047344948,-0.6306916113711735
1925-1955,192512,195512,12028,-0.9054050694071161,-0.8848129756726107
1925-1955,192512,195512,12036,14.32690682884261,9.237001202846361
1925-1955,192512,195512,12044,5.863718871144732,3.5843495445332447
1925-1955,192512,195512,12060,29.127769039952803,19.122651709520735
1925-1955,192512,195512,12079,134.80170319587486,89.70337638828973
1925-1955,192512,195512,12087,7.6880816631717135,4.802860513834852
1925-1955,192512,195512,12095,4.362922573293955,2.581952017237377
1925-1955,192512,195512,12108,2.325355199878023,1.221039480515548
1925-1955,192512,195512,12116,0.10403346123625297,0.13575856069706496
1925-1955,192512,195512,12124,0.5455197470211439,0.03226878625666238
1925-1955,192512,195512,12132,17.073365399424326,11.071389576481188
1925-1955,192512,195512,12140,31.590928712778485,20.767821789505064
1925-1955,192512,195512,12159,80.13226545954774,53.189087750966614
1925-1955,192512,195512,12167,1.0496520365116804,0.3689840094611627
1925-1955,192512,195512,12175,14.873595522615105,9.60214029308994
1925-1955,192512,195512,12183,4.171480633482978,2.4540859454979627
1925-1955,192512,195512,12191,5.241804212041823,3.1689662461025714
1925-1955,192512,195512,12204,14.800972046759798,9.553634314813452
1925-1955,192512,195512,12212,1.168668837491814,0.448476574294907
1925-1955,192512,195512,12220,0.3601183915556481,-0.09156271608783237
1925-1955,192512,195512,12239,0.9326448525014426,1.4362213281532275
1925-1955,192512,195512,12255,-0.9699537727172772,-0.9573152802888304
1925-1955,192512,195512,12263,-0.3646475472684728,-0.3463902928796359
1925-1955,192512,195512,12271,5.976974698580154,3.659994294947201
1925-1955,192512,195512,12300,11.641360037100013,7.443296442689949
1925-1955,192512,195512,12319,48.47770785586605,32.04667800820908
1925-1955,192512,195512,12327,0.5713894921499068,0.6545807005578428
1925-1955,192512,195512,12335,14.458173464913495,9.324675560520594
1925-1955,192512,195512,12343,23.785447323436706,15.554459219758158
1925-1955,192512,195512,12351,-0.9150253899868844,-0.943244570177807
1925-1955,192512,195512,12378,-0.7213762519646421,-0.8139042876928019
1925-1955,192512,195512,12386,-0.7554332973447592,-0.8366513441220589
1925-1955,192512,195512,12394,0.9277845633043231,0.2875874508637105
1925-1955,192512,195512,12407,-0.198199900363869,-0.13540832629597935
1925-1955,192512,195512,12415,-0.9920420672535621,-0.9886946828443461
1925-1955,192512,195512,12423,0.017049199920186546,0.08364170705781852
1925-1955,192512,195512,12431,25.285016103405844,16.556036875035964
1925-1955,192512,195512,12458,30.75169433889563,20.207288383068352
1925-1955,192512,195512,12466,13.715657553671146,8.828741425772906
1925-1955,192512,195512,12474,-0.9118854066236142,-0.8873391984687635
1925-1955,192512,195512,12482,-0.9905572705190243,-0.986585328753217
1925-1955,192512,195512,12490,169.68038382426985,112.99921158412064
1925-1955,192512,195512,12503,13.554622030916093,8.721184117664116
1925-1955,192512,195512,12511,0.6744680278066253,0.1183946902141275
1925-1955,192512,195512,12538,-0.2964799555807314,-0.5301116121229508
1925-1955,192512,195512,12546,45.83307177157583,30.280297936985452
1925-1955,192512,195512,12554,-0.39623223948797753,-0.5967372047326408
1925-1955,192512,195512,12562,46.964567748237734,31.036035921397612
1925-1955,192512,195512,12570,0.5963345399545912,0.06620851735773159
1925-1955,192512,195512,12589,0.4878019214050225,0.566567905479407
1925-1955,192512,195512,12597,0.47163772231380297,0.5139261626101777
1925-1955,192512,195512,12618,7.868162427206121,4.923138337574247
1925-1955,192512,195512,12626,98.95894104383582,65.76362107032331
1925-1955,192512,195512,12634,-0.9790057422245882,-0.9757550184400083
1925-1955,192512,195512,12642,-0.500000200000105,-0.49435048474586896
1925-1955,192512,195512,12650,5.849094089229641,3.5745814998959204
1925-1955,192512,195512,12669,8.621354845299411,5.426203422793275
1925-1955,192512,195512,12677,0.24264291333518775,0.5888077249071328
1925-1955,192512,195512,12685,-0.9602775624224539,-0.9480998808293375
1925-1955,192512,195512,12706,29.367836846977543,19.282995506003676
1925-1955,192512,195512,12714,-0.7999998908798711,-0.7942527613074536
1925-1955,192512,195512,12722,3.7533145499430107,2.174788449402232
1925-1955,192512,195512,12730,15.241044133462854,9.847563059290517
1925-1955,192512,195512,12749,1.3183345222698093,0.5484398488294646
1925-1955,192512,195512,12757,4.41068768452102,2.6138548340644134
1925-1955,192512,195512,12765,1.156650600678804,0.9496992804116458
1925-1955,192512,195512,12773,0.0734047548188646,0.27244669610977973
1925-1955,192512,195512,12781,-0.7448437972991705,-0.8295785064050426
1925-1955,192512,195512,12802,26.905694134292567,17.638504664322294
1925-1955,192512,195512,12810,-0.6168039225254199,-0.74405933631362
1925-1955,192512,195512,12829,3.6133446766647825,2.0813011086679047
1925-1955,192512,195512,12837,5.5439261683930825,3.3707566572476226
1925-1955,192512,195512,12845,3.509266494372861,2.754226523222065
1925-1955,192512,195512,12861,1.0093235619393859,0.45614946391558636
1925-1955,192512,195512,12888,18.639507111640842,12.117431988745203
1925-1955,192512,195512,12896,2.6257518544344816,1.4216775445663163
1925-1955,192512,195512,12909,9.66956012590875,6.126310681110704
1925-1955,192512,195512,12917,-0.9415581254320605,-0.9241949597995567
1925-1955,192512,195512,12925,-0.47938467228871423,-0.3390769953168773
1925-1955,192512,195512,12933,-0.44299124785686184,-0.6279680349491724
1925-1955,192512,195512,12941,1.039641111885846,0.36229760831181995
1925-1955,192512,195512,12968,-0.017870224660814983,0.028077367167918425
1925-1955,192512,195512,12976,6.545132913194598,4.039473102469527
1925-1955,192512,195512,12984,-0.9048080907683942,-0.9364203292818752
1925-1955,192512,195512,12992,-0.9799998753549903,-0.9738684502813377
1925-1955,192512,195512,13004,-0.6580904740712367,-0.7716350554431016
1925-1955,192512,195512,13012,6.220327009813053,3.8225318461064868
1925-1955,192512,195512,13020,0.0,0.00561797752808979
1925-1955,192512,195512,13039,0.5801617922719435,0.654087490156011
1925-1955,192512,195512,13047,16.996668262208075,11.020162757221062
1925-1955,192512,195512,13055,-0.29144195593535654,-0.5267466795239879
1925-1955,192512,195512,13063,14.264449162602778,9.195285075022007
1925-1955,192512,195512,13071,-0.9296871065561432,-0.9107375324365222
1925-1955,192512,195512,13098,2.678910339338902,3.6703897215720813
1925-1955,192512,195512,13100,14.49312405679433,9.348019425993256
1925-1955,192512,195512,13119,10.702486294967809,6.816212861191203
1925-1955,192512,195512,13127,-0.8576850105759186,-0.8140555977597768
1925-1955,192512,195512,13135,18.336159719385094,11.914823096156486
1925-1955,192512,195512,13143,14.83166278336531,9.57413297844178
1925-1955,192512,195512,13151,24.319021227938347,15.910838805227485
1925-1955,192512,195512,13178,11.975706853639004,7.699069388769233
1925-1955,192512,195512,13186,-0.19999619444634556,-0.13211708367209565
1925-1955,192512,195512,13194,-0.7999999532673296,-0.7442856545346574
1925-1955,192512,195512,13207,-0.5395046985597146,-0.6924303770230928
1925-1955,192512,195512,13215,-0.9959611250034731,-0.9949794539973729
1925-1955,192512,195512,13223,1.508519341330889,1.6569524384510603
1925-1955,192512,195512,13231,-0.9881486510826534,-0.9871430820836057
1925-1955,192512,195512,13258,-0.799882439641614,-0.7459500474882902
1925-1955,192512,195512,13266,0.8891964522332252,0.954717716472528
1925-1955,192512,195512,13274,10.421892129212594,6.628801086302449
1925-1955,192512,195512,13282,11.725125928843342,7.4992445569513375
1925-1955,192512,195512,13290,6.717042691743558,4.154293439634689
1925-1955,192512,195512,13303,138.27521872486005,92.0233737005596
1925-1955,192512,195512,13311,4.865829454374729,2.9178487773622273
1925-1955,192512,195512,13338,2.766663912939522,1.5157941806573696
1925-1955,192512,195512,13346,-0.9687773325641744,-0.9603627129715405
1925-1955,192512,195512,13354,40.89833293172116,26.98433430887345
1925-1955,192512,195512,13370,4.806997844505368,2.8785545304718627
1925-1955,192512,195512,13389,7.173325345988836,4.459049391537319
1925-1955,192512,195512,13397,-0.972001601562818,-0.9620324748465487
1925-1955,192512,195512,13418,4.037340062318645,2.351984651133973
1925-1955,192512,195512,13426,-0.07464851857966638,0.17473698705134458
1925-1955,192512,195512,13434,-0.036659931487913015,-0.35657510349379123
1925-1955,192512,195512,13442,5.612565773244651,3.416601766458185
1925-1955,192512,195512,13450,8.270587711744325,5.19192238956057
1925-1955,192512,195512,13469,1.6901032356271584,0.7967480566315721
1925-1955,192512,195512,13477,-0.98047496194355,-0.979913897631583
1925-1955,192512,195512,13485,-0.9804462450938609,-0.9801129424534154
1925-1955,192512,195512,13493,0.34367948478216687,0.3902810854104499
1925-1955,192512,195512,13506,-0.711607574006929,-0.6793649425294429
1925-1955,192512,195512,13514,0.023255427322999997,0.023255427322999997
1925-1955,192512,195512,13522,10.468829642067448,6.6601511415301315
1925-1955,192512,195512,13530,-0.9887248667337676,-0.9855839367524599
1925-1955,192512,195512,13549,9.25024577416153,5.871887616385447
1925-1955,192512,195512,13557,2.379429111896248,1.2571560113038354
1925-1955,192512,195512,13565,1.4163327371965626,0.6138938804409917
1925-1955,192512,195512,13573,2.381366732491523,1.2584501683432232
1925-1955,192512,195512,13581,-0.8346516978836379,-0.875641403030131
1925-1955,192512,195512,13602,-0.8201375930219466,-0.7949339436364868
1925-1955,192512,195512,13610,21.80418368722854,14.231152537365332
1925-1955,192512,195512,13629,-0.010309780351785439,0.0008731599832226353
1925-1955,192512,195512,13637,16.104323245772118,10.424156197735892
1925-1955,192512,195512,13645,-0.48889869617240617,-0.4387292430359545
1925-1955,192512,195512,13653,13.279115834911119,8.537170650929454
1925-1955,192512,195512,13661,20.42131336203313,13.307518999268416
1925-1955,192512,195512,13688,12.738611156419049,8.1761619291008
1925-1955,192512,195512,13717,-0.11729362837089363,-0.06506248212065065
1925-1955,192512,195512,13725,24.805926510887897,16.171973403155885
1925-1955,192512,195512,13733,-0.0630078442011945,0.3206424873069795
1925-1955,192512,195512,13741,-0.6829850889244089,-0.6719903521240991
1925-1955,192512,195512,13768,0.8250659566592944,0.2189806203060251
1925-1955,192512,195512,13784,-0.9465121776504415,-0.9374227437871179
1925-1955,192512,195512,13792,1.5025613402956002,0.6714868653466906
1925-1955,192512,195512,13805,24.98307608315322,16.35436798091205
1925-1955,192512,195512,13813,-0.8823530638054636,-0.8782728232438034
1925-1955,192512,195512,13821,7.087174385714704,4.401508265085592
1925-1955,192512,195512,13848,5.979793642853716,3.661877097279161
1925-1955,192512,195512,13856,15.635522195177778,10.111039078122475
1925-1955,192512,195512,13864,-0.6508413396976431,-0.7146146109857445
1925-1955,192512,195512,13872,-0.9961062447984547,-0.9950568639639957
1925-1955,192512,195512,13880,1.2429239037963615,1.6588303230433685
1925-1955,192512,195512,13901,53.74413286722736,35.56417829564808
1925-1955,192512,195512,13928,15.06140079340777,9.727577395597
1925-1955,192512,195512,13936,3.5480098664489077,2.037663306322222
1925-1955,192512,195512,13944,-0.34562034854594575,-0.5629329939915084
1925-1955,192512,195512,13952,-0.6183742093961193,-0.6005203712392125
1925-1955,192512,195512,13960,0.45455722172615554,0.8867082803549411
1925-1955,192512,195512,13979,-0.188650733208405,0.030010771316991536
1925-1955,192512,195512,13987,-0.4828946684716662,-0.6546199464792093
1925-1955,192512,195512,13995,-0.9947257324900615,-0.9932564722551501
1925-1955,192512,195512,14007,-0.9480468472394326,-0.9345097581398479
1925-1955,192512,195512,14015,0.45689607391968545,0.4901965556092785
1925-1955,192512,195512,14031,-0.9712230301893942,-0.9612700932624176
1925-1955,192512,195512,14058,2.639831864138098,1.7034435837374313
1925-1955,192512,195512,14066,9.48414974890952,6.002473153189574
1925-1955,192512,195512,14074,-0.9951298770143572,-0.9937731998969281
1925-1955,192512,195512,14082,6.799951793423445,4.209669294861198
1925-1955,192512,195512,14090,9.982972442463039,6.33564204179435
1925-1955,192512,195512,14103,0.6420695366988625,0.6990199252548921
1925-1955,192512,195512,14111,0.1262204292296846,0.12622042922968477
1925-1955,192512,195512,14138,-0.07387447586472243,0.12773108040962458
1925-1955,192512,195512,14146,0.062061646359279736,0.06206164635927964
1925-1955,192512,195512,14154,1.144968527249615,0.43264688946896207
1925-1955,192512,195512,14162,0.6947848045614435,0.7535634683034591
1925-1955,192512,195512,14170,-0.9485295399775492,-0.934658068482137
1925-1955,192512,195512,14189,6.354759469001888,3.9123206901169336
1925-1955,192512,195512,14197,7.647147768782375,4.775520338104651
1925-1955,192512,195512,14218,8.727525474510113,5.497115895288481
1925-1955,192512,195512,14226,-0.5309851558680831,-0.38269369779696166
1925-1955,192512,195512,14234,0.8278202624782871,1.388173919588418
1925-1955,192512,195512,14242,0.4872276150837892,0.5299640408045883
1925-1955,192512,195512,14250,6.72422109376077,4.159087969340223
1925-1955,192512,195512,14269,-0.9924297094279264,-0.9923441694214623
1925-1955,192512,195512,14277,-0.557633373791574,-0.7045387086145216
1925-1955,192512,195512,14285,-0.9969869378946665,-0.9961475848796093
1925-1955,192512,195512,14293,-0.988777981687724,-0.9884555098971413
1925-1955,192512,195512,14306,4.2744506663662545,2.522860706267018
1925-1955,192512,195512,14314,40.8938017891622,26.98130791141805
1925-1955,192512,195512,14322,31.60458276537681,20.776941473889767
1925-1955,192512,195512,14330,-0.9285716022930672,-0.90529123563303
1925-1955,192512,195512,14349,8.656223522883165,5.449492576851073
1925-1955,192512,195512,14357,19.17507815617439,12.47514548490748
1925-1955,192512,195512,14365,0.6942476628867968,1.2136520558885882
1925-1955,192512,195512,14373,-0.3740135755512125,-0.5818971269539812
1925-1955,192512,195512,14381,-0.9923989777407127,-0.9896925531483908
1925-1955,192512,195512,14402,3.812312250407296,2.21419362993622
1925-1955,192512,195512,14410,4.2743143696298755,4.425875127377863
1925-1955,192512,195512,14429,12.13481292336417,7.772878780903685
1925-1955,192512,195512,14437,28.915919005238003,18.981154857976158
1925-1955,192512,195512,14445,2.3946064288043876,1.2757848342920872
1925-1955,192512,195512,14453,-0.9770780482248621,-0.9765541178985732
1925-1955,192512,195512,14461,-0.8425821400956216,-0.8948589667056576
1925-1955,192512,195512,14488,34.21163958911858,22.518221964373947
1925-1955,192512,195512,14496,3.588130396919743,2.0644602277934125
1925-1955,192512,195512,14509,11.475447983554572,7.332482048717424
1925-1955,192512,195512,14517,-0.5539955739764648,-0.7021089841111465
1925-1955,192512,195512,14525,27.603279735933423,18.104429375866015
1925-1955,192512,195512,14533,1.6942642198192739,0.7995272214464586
1925-1955,192512,195512,14541,15.66998689733472,10.134058412772067
1925-1955,192512,195512,14568,-0.9751625912894322,-0.9745948790903335
1925-1955,192512,195512,14576,0.9321404314550488,0.9991510822569596
1925-1955,192512,195512,14584,-0.8245621314828309,-0.8141811925173179
1925-1955,192512,195512,14592,10.726212568286044,6.832059887026864
1925-1955,192512,195512,14605,4.262208859181534,2.514684275348865
1925-1955,192512,195512,14613,-0.2945030499631223,-0.5287912162067119
1925-1955,192512,195512,14621,-0.9451724185938114,-0.9278372274139135
1925-1955,192512,195512,14648,-0.9444443590777294,-0.9374562281441104
1925-1955,192512,195512,14656,25.443797403345048,16.662088564174486
1925-1955,192512,195512,14664,27.64024457459172,18.129118577805674
1925-1955,192512,195512,14672,-0.5531768026493828,-0.540337055599077
1925-1955,192512,195512,14680,5.765301092014812,3.518615281606909
1925-1955,192512,195512,14699,-0.4074383454779957,-0.6042218800020944
1925-1955,192512,195512,14701,7.592401417432134,4.738954678061027
1925-1955,192512,195512,14728,39.50939147494597,26.056645798564663
1925-1955,192512,195512,14736,28.80544244870654,18.907366411636076
1925-1955,192512,195512,14744,7.4182267118527925,4.6226215724688515
1925-1955,192512,195512,14752,25.745631072911266,16.863686425563927
1925-1955,192512,195512,14760,26.126422477487047,17.11802098309771
1925-1955,192512,195512,14779,23.349872887696378,15.26353450334944
1925-1955,192512,195512,14787,-0.7619044595560756,-0.840973500972155
1925-1955,192512,195512,14795,13.938386197888946,8.97750421426164
1925-1955,192512,195512,14808,-0.37849769660295,-0.2110006219285673
1925-1955,192512,195512,14816,12.88580565065841,8.274474669656186
1925-1955,192512,195512,14824,21.474190934126355,14.010746929882915
1925-1955,192512,195512,14832,-0.4302027651060543,-0.6194264737088948
1925-1955,192512,195512,14840,6.129761662961678,3.762042304739336
1925-1955,192512,195512,14859,-0.3885413290325496,-0.591600365286665
1925-1955,192512,195512,14867,6.274098414913378,3.8584463293637903
1925-1955,192512,195512,14875,2.935111117376772,1.6283018283971744
1925-1955,192512,195512,14883,27.424285534087822,17.98487727836463
1925-1955,192512,195512,14891,8.826489869405716,5.563215248595621
1925-1955,192512,195512,14904,13.933419531535908,8.974186925913896
1925-1955,192512,195512,14912,4.579591285985233,2.726667314146853
1925-1955,192512,195512,14920,8.010434948575204,5.018163641025969
1925-1955,192512,195512,14947,-0.9924300616380748,-0.9894959770016696
1925-1955,192512,195512,14955,8.460177201820958,5.318551190768485
1925-1955,192512,195512,14963,0.36499342207509716,0.4288527634587277
1925-1955,192512,195512,14971,0.9777341342848893,0.3209492911828176
1925-1955,192512,195512,14998,1.3411770934263751,1.36763107188317
1925-1955,192512,195512,15018,-0.8744423877472022,-0.8406041660053133
1925-1955,192512,195512,15026,-0.7772585296626693,-0.7110817160117233
1925-1955,192512,195512,15034,-0.48708196767749806,-0.6574166873666876
1925-1955,192512,195512,15042,2.210286155582875,1.1441836636169236
1925-1955,192512,195512,15050,16.723333155282894,10.837599383565836
1925-1955,192512,195512,15069,14.502655183566109,9.354385365143026
1925-1955,192512,195512,15077,8.208307165225527,5.150324561848393
1925-1955,192512,195512,15085,4.175339993692478,2.456663652503559
1925-1955,192512,195512,15093,1.142871371798511,0.4809806005866198
1925-1955,192512,195512,15106,0.504761112476992,0.001309439157552265
1925-1955,192512,195512,15114,-0.9915161903258183,-0.9943335748817965
1925-1955,192512,195512,15122,-0.9660280517646619,-0.9562519515530538
1925-1955,192512,195512,15130,0.060762570500462985,0.38595985488746437
1925-1955,192512,195512,15149,6.62410116622102,4.092216823707314
1925-1955,192512,195512,15157,30.812295989729297,20.247764858811696
1925-1955,192512,195512,15165,0.9240426749392885,0.2850882045303452
1925-1955,192512,195512,15173,-0.9320539049359865,-0.9131260641681541
1925-1955,192512,195512,15202,71.90254068751369,47.692368593526034
1925-1955,192512,195512,15210,-0.9957142676832159,-0.994781319151671
1925-1955,192512,195512,15229,4.6137759457113106,2.7494996055310654
1925-1955,192512,195512,15237,1.5523915211426482,0.7047689637482584
1925-1955,192512,195512,15245,-0.9789472622312541,-0.9791798891679253
1925-1955,192512,195512,15253,4.036832360489103,2.364152957192346
1925-1955,192512,195512,15261,-0.014951936919243356,-0.34207610712143377
1925-1955,192512,195512,15288,-0.8645557865664883,-0.8556874154488179
1925-1955,192512,195512,15296,1.3046636367622315,1.9893825433365149
1925-1955,192512,195512,15309,0.093117666656,0.09311766665600012
1925-1955,192512,195512,15317,2.3884525888287693,1.2631828858221992
1925-1955,192512,195512,15325,1.113559135542915,0.4116682285902309
1925-1955,192512,195512,15333,-0.9935691112955228,-0.9916584849412942
1925-1955,192512,195512,15341,6.79189770489297,4.2042898849844885
1925-1955,192512,195512,15368,11.020907805973001,7.0288899151834645
1925-1955,192512,195512,15376,8.644617481496804,5.465867150516603
1925-1955,192512,195512,15384,6.2317720480221235,4.43902183443681
1925-1955,192512,195512,15392,0.21830118193683748,0.2678832067831041
1925-1955,192512,195512,15405,-0.05328359441745491,-0.04258623390239676
1925-1955,192512,195512,15413,-0.9600000431014934,-0.9588506190526858
1925-1955,192512,195512,15421,-0.9904271760836377,-0.9865075946375681
1925-1955,192512,195512,15448,1.5799414097352242,0.7231698221739022
1925-1955,192512,195512,15456,2.7310169400868314,1.4919851950579979
1925-1955,192512,195512,15464,7.5597156311593015,4.717123499916102
1925-1955,192512,195512,15472,8.070859311587892,5.058521704381467
1925-1955,192512,195512,15480,3.956359094859142,2.3104040223126403
1925-1955,192512,195512,15499,9.125145311451648,5.762690338618841
1925-1955,192512,195512,15528,13.900653740679665,8.952302311871861
1925-1955,192512,195512,15560,-0.6315861837126304,-0.7539325630020927
1925-1955,192512,195512,15632,-0.7267479955014321,-0.6506277942482598
1925-1955,192512,195512,15640,3.20194212909876,3.4505777580395156
1925-1955,192512,195512,15755,1.7302995683285962,0.8235956072045452
1925-1955,192512,195512,15800,0.5311846938935161,0.6217873385026003
1925-1955,192512,195512,16029,35.693985886296474,23.508296543459238
1925-1955,192512,195512,16109,7.006469776916521,4.347604813686778
1925-1955,192512,195512,16117,11.7992369588636,7.548744088196216
1925-1955,192512,195512,16280,-0.09293289659732325,-0.3941604048168671
1925-1955,192512,195512,17507,9.121633897174071,5.760345028336419
1925-1955,192512,195512,17873,1.369877369928667,2.073971371139359
1925-1955,192512,195512,18227,28.443907136771617,19.116257165962303
1925-1955,192512,195512,18593,1.2428640058276716,1.8676618360225232
1925-1955,192512,195512,19318,0.31011622672285194,0.8611968617729411
1925-1955,192512,195512,19334,3.0380475788975767,1.6970541665024843
1925-1955,192512,195512,19473,0.1632721570470495,0.21061462855477855
1925-1955,192512,195512,24475,0.5864394991787658,0.06756642989849436
1925-1955,192512,195512,25435,4.527940147017688,2.692168978791675
1925-1955,192512,195512,25486,1.746625867970843,0.8345001133088856
1925-1955,192512,195512,25566,4.687251427864002,2.7985746477151343
1925-1955,192512,195512,27561,-0.10997370854370818,-0.40554214115419285
1925-1955,192512,195512,27692,1.8321632150448939,0.8916314010934232
1925-1955,192512,195512,28513,15.135836678273815,9.777293900787388
1925-1955,192512,195512,58368,-0.9482436636218042,-0.9467564125764537
1925-1955,192512,195512,75471,5.024387287937648,3.0237512109732796
1955-1985,195512,198512,10006,20.121697671032543,4.474482568507467
1955-1985,195512,198512,10014,0.6624869655742507,-0.2511823415564723
1955-1985,195512,198512,10022,1.2476905399822695,1.0419697108991453
1955-1985,195512,198512,10030,3.523707515212804,2.4247277233814457
1955-1985,195512,198512,10057,2.945623256360104,-0.03254617318892008
1955-1985,195512,198512,10102,5.5268109690144795,1.7373792483503627
1955-1985,195512,198512,10137,19.331908798821107,3.9853170705252188
1955-1985,195512,198512,10145,3.8178935027763172,0.18133161824707705
1955-1985,195512,198512,10153,-0.6919676805021118,-0.9244714898211948
1955-1985,195512,198512,10161,2.399764937010038,-0.16638883520705217
1955-1985,195512,198512,10188,12.837035362665848,4.687615762568166
1955-1985,195512,198512,10196,3.9618187424890854,2.9226177669235267
1955-1985,195512,198512,10209,1.7543827211435779,1.4044774243207767
1955-1985,195512,198512,10217,1.573587617867057,0.829499951162789
1955-1985,195512,198512,10225,38.87130480113809,8.776312613636781
1955-1985,195512,198512,10233,58.33314858448884,13.548292608090584
1955-1985,195512,198512,10241,6.406507284860718,0.8160511915303574
1955-1985,195512,198512,10268,0.9382981497276692,0.12438074486367143
1955-1985,195512,198512,10276,6.498433810930076,3.717324557110941
1955-1985,195512,198512,10292,1.6254025465340365,1.3144996133918467
1955-1985,195512,198512,10313,4.055741914208028,2.8167291070640865
1955-1985,195512,198512,10321,0.5573902594052498,-0.618133037950038
1955-1985,195512,198512,10364,6.104282291285623,0.7419466185403005
1955-1985,195512,198512,10372,14.30246926299876,2.7521150617416956
1955-1985,195512,198512,10401,18.63726870241422,3.8149936068133767
1955-1985,195512,198512,10436,-0.5124466680575388,-0.6757709852094795
1955-1985,195512,198512,10444,0.28298783788350945,0.15382798843214893
1955-1985,195512,198512,10460,89.0650800571852,21.083660983829567
1955-1985,195512,198512,10479,41.30288206345527,10.125782525030441
1955-1985,195512,198512,10487,39.23091229189245,8.864487185935197
1955-1985,195512,198512,10495,1.3469968131707604,0.08074767341883937
1955-1985,195512,198512,10516,46.509607142376026,10.649199189530442
1955-1985,195512,198512,10524,4.906898227736333,2.99759779048823
1955-1985,195512,198512,10532,-0.42154266082495284,-0.5094095984211628
1955-1985,195512,198512,10559,34.328753513082575,7.662493999548174
1955-1985,195512,198512,10575,1.345605158696531,0.7317415496712705
1955-1985,195512,198512,10591,2.6863795129917665,1.9668159443897681
1955-1985,195512,198512,10604,45.58655464559639,10.422869757566207
1955-1985,195512,198512,10620,2.8048318587425642,1.511563887051743
1955-1985,195512,198512,10647,11.149387342014647,8.171931852563171
1955-1985,195512,198512,10671,0.6947080592954666,0.43728405028856154
1955-1985,195512,198512,10698,6.4972170473407305,1.237476802547123
1955-1985,195512,198512,10727,23.970792186621647,5.985566081434869
1955-1985,195512,198512,10735,4.884553080627334,3.6520950607909306
1955-1985,195512,198512,10743,28.278580500257966,6.179011504180378
1955-1985,195512,198512,10751,13.988988847310793,3.107412076768198
1955-1985,195512,198512,10778,0.784847813774719,0.6551529899364177
1955-1985,195512,198512,10786,0.8394309298541041,-0.5489775945096976
1955-1985,195512,198512,10807,-0.8118340973509481,-0.8404162597786521
1955-1985,195512,198512,10823,22.870047803342967,4.852857100911176
1955-1985,195512,198512,10866,32.266515826304655,7.156840111115875
1955-1985,195512,198512,10874,112.83039641549168,26.910838279370328
1955-1985,195512,198512,10890,16.72735983809123,3.3466902439235637
1955-1985,195512,198512,10911,0.3828644192605025,-0.32123138395271983
1955-1985,195512,198512,10938,2.065701261684079,1.0747675205336709
1955-1985,195512,198512,10954,0.23801855879228204,0.13238557596017628
1955-1985,195512,198512,10970,6.6384079554764295,1.6312253625548632
1955-1985,195512,198512,10989,27.25914335799778,5.929048874605137
1955-1985,195512,198512,11017,9.976695202259574,1.6914495097946651
1955-1985,195512,198512,11033,5.684465324295862,4.2076648456723635
1955-1985,195512,198512,11041,25.18330666878705,5.420060555567198
1955-1985,195512,198512,11068,-0.2797214964701749,-0.5050393873179657
1955-1985,195512,198512,11076,-0.38071888095227624,-0.45043927183844373
1955-1985,195512,198512,11084,7.212816539604548,1.0137555650631453
1955-1985,195512,198512,11092,1.0369028203091104,-0.01818353265675805
1955-1985,195512,198512,11105,24.410270314076268,5.230514587531979
1955-1985,195512,198512,11113,-0.7931965743849064,-0.8845347540315726
1955-1985,195512,198512,11148,3.5984850239596975,2.4424413028525165
1955-1985,195512,198512,11156,6.917759411428679,1.5023107573854806
1955-1985,195512,198512,11164,6.175423382946767,0.7593901798991138
1955-1985,195512,198512,11244,2.5686579215842817,2.0653856505916224
1955-1985,195512,198512,11260,4.544173762220371,0.359413145722835
1955-1985,195512,198512,11287,6.478459799772843,2.4615323425546163
1955-1985,195512,198512,11295,21.005452478627483,4.395664468684507
1955-1985,195512,198512,11308,45.10104477817645,10.3038243371924
1955-1985,195512,198512,11316,0.14214505516489623,0.059151815862256915
1955-1985,195512,198512,11332,16.21037045857643,3.219926150867792
1955-1985,195512,198512,11340,16.251463871017286,3.2300021202494467
1955-1985,195512,198512,11359,1.0291189976311519,0.8126796378838272
1955-1985,195512,198512,11367,3.2624081287049487,2.2731386203235697
1955-1985,195512,198512,11375,3.542021699862353,2.46798238052168
1955-1985,195512,198512,11391,10.097966314477842,7.7736134875517955
1955-1985,195512,198512,11404,25.88911670954512,5.5931228528436385
1955-1985,195512,198512,11439,1.9541805574187268,1.4211632703003643
1955-1985,195512,198512,11447,18.66745947404922,4.0055832279631565
1955-1985,195512,198512,11455,2.6656254931581636,1.8068218061896788
1955-1985,195512,198512,11463,2.577084742744872,1.556423229481668
1955-1985,195512,198512,11471,13.189117044316635,3.0801323689665807
1955-1985,195512,198512,11498,98.22448382251198,23.622371911512207
1955-1985,195512,198512,11500,0.9430026555634761,0.6851932417184834
1955-1985,195512,198512,11527,1.9073302670463965,1.2198419133003822
1955-1985,195512,198512,11543,1.605893399727314,0.7159199781988212
1955-1985,195512,198512,11607,30.44194411531679,6.70946113714995
1955-1985,195512,198512,11631,0.8404374766985767,-0.5487307925386828
1955-1985,195512,198512,11658,15.897851995788429,5.630489509328426
1955-1985,195512,198512,11666,-0.6608635826385779,-0.6929440545511448
1955-1985,195512,198512,11674,8.140556729963814,1.241234404053341
1955-1985,195512,198512,11690,42.47806062158499,9.660677261285267
1955-1985,195512,198512,11703,3.7029931159836647,0.1531584218514392
1955-1985,195512,198512,11746,10.211283356651178,5.009247879165041
1955-1985,195512,198512,11754,18.30957141280585,3.7346433107337393
1955-1985,195512,198512,11762,26.851811941395386,5.829172552876467
1955-1985,195512,198512,11770,1.0995266737753804,0.8388011391235348
1955-1985,195512,198512,11826,-0.21263092676270579,-0.453329244488096
1955-1985,195512,198512,11834,-0.566755507512861,-0.6614882682607776
1955-1985,195512,198512,11850,23.17410088312582,4.92740991461823
1955-1985,195512,198512,11877,1.2944874988923907,1.1500791947662945
1955-1985,195512,198512,11885,-0.3273758135481783,-0.4166236829479346
1955-1985,195512,198512,11922,0.25147127817409604,0.15255774072390915
1955-1985,195512,198512,11949,-0.2355927186550363,-0.5603837952780037
1955-1985,195512,198512,11981,29.241932145092083,8.158008830378188
1955-1985,195512,198512,12001,2.226155204007056,1.8347855563078395
1955-1985,195512,198512,12036,7.304370723931282,1.0362043495092261
1955-1985,195512,198512,12044,24.863046723917055,5.3415338719211105
1955-1985,195512,198512,12052,12.438693933506645,2.295123489642988
1955-1985,195512,198512,12060,12.744868056055795,2.3701963760502904
1955-1985,195512,198512,12079,8.45062068137771,1.3172610636863928
1955-1985,195512,198512,12087,0.6528996707520485,-0.5947144448659198
1955-1985,195512,198512,12095,18.74288625146097,3.840890681968478
1955-1985,195512,198512,12108,2.3245695530555204,1.902230098432832
1955-1985,195512,198512,12124,5.754067321898927,2.9694957067300742
1955-1985,195512,198512,12132,1.8226417912948825,1.258113433035906
1955-1985,195512,198512,12140,1.3044603261387007,-0.4349539182020383
1955-1985,195512,198512,12159,3.909892749968318,1.9770390429672147
1955-1985,195512,198512,12167,2.3683983882181976,0.48720060633027323
1955-1985,195512,198512,12175,8.826437068061177,1.409410003879597
1955-1985,195512,198512,12183,1.4736467606232728,0.7445719259132566
1955-1985,195512,198512,12191,3.3458664289050972,2.4356702151816108
1955-1985,195512,198512,12204,-0.33063515001137234,-0.38141455242430305
1955-1985,195512,198512,12212,-0.3265085048981858,-0.3943096621232011
1955-1985,195512,198512,12220,5.620188690935377,3.23439276651714
1955-1985,195512,198512,12271,2.184282390004494,0.5921411950022466
1955-1985,195512,198512,12298,2.806852501998876,2.0822854094734082
1955-1985,195512,198512,12300,1.08029402017985,0.821956854275163
1955-1985,195512,198512,12319,19.132370361040945,3.936390902798694
1955-1985,195512,198512,12335,0.1278363282302262,0.11125049987389957
1955-1985,195512,198512,12343,2.964478648247364,0.9602957153695455
1955-1985,195512,198512,12351,0.2500042343186146,0.15917347680757332
1955-1985,195512,198512,12386,0.8578863526312182,0.48188554317013726
1955-1985,195512,198512,12394,0.5287353740383232,0.3173668174992628
1955-1985,195512,198512,12431,5.505023781094007,0.5950104056113428
1955-1985,195512,198512,12458,2.913432969464882,-0.04043912551089693
1955-1985,195512,198512,12466,2.8561437815811233,0.572977980918937
1955-1985,195512,198512,12490,86.76157411407397,20.51884891360645
1955-1985,195512,198512,12503,0.7997573579662696,-0.5587054236642625
1955-1985,195512,198512,12511,22.77370331705384,4.829233750201688
1955-1985,195512,198512,12538,3.9831266690411145,1.1505280954960058
1955-1985,195512,198512,12546,1.1902445033248958,-0.4629592617648001
1955-1985,195512,198512,12554,-0.5451406107917591,-0.6054941219812016
1955-1985,195512,198512,12562,1.8833426024149689,0.9712648404265618
1955-1985,195512,198512,12570,17.94401795135684,3.645010806005156
1955-1985,195512,198512,12618,0.5780659581497698,0.5104345599433506
1955-1985,195512,198512,12626,20.95341513966144,4.587383910189241
1955-1985,195512,198512,12650,31.252968675934227,6.908321688152247
1955-1985,195512,198512,12669,2.440318266837711,0.6886543873855453
1955-1985,195512,198512,12706,4.466286767972582,0.6313639797512784
1955-1985,195512,198512,12722,0.11977110939411975,0.11560839151533142
1955-1985,195512,198512,12730,5.613004023224258,1.1275931311213716
1955-1985,195512,198512,12749,53.07657766181763,12.259398731351459
1955-1985,195512,198512,12757,-0.357011875705613,-0.44412639577130475
1955-1985,195512,198512,12781,32.36241069072846,7.180353216024928
1955-1985,195512,198512,12802,-0.5053813850707842,-0.7982377643819941
1955-1985,195512,198512,12810,-0.6727967250337921,-0.712490237078873
1955-1985,195512,198512,12829,10.534159749744207,8.570138739725847
1955-1985,195512,198512,12837,9.223040323518589,2.312907867839152
1955-1985,195512,198512,12888,4.298619325508835,0.29920400662064833
1955-1985,195512,198512,12896,15.845377094151932,11.752997348115027
1955-1985,195512,198512,12909,2.522667252942005,1.3426174287554788
1955-1985,195512,198512,12933,29.292730079537247,6.427677640728273
1955-1985,195512,198512,12941,5.156972496024826,3.9255779968198565
1955-1985,195512,198512,12976,110.49346811014243,26.337831156009365
1955-1985,195512,198512,12984,0.04277973673767428,-0.5418607058267272
1955-1985,195512,198512,13004,-0.5469950675717755,-0.5925995909705901
1955-1985,195512,198512,13012,6.869535423572121,0.9295841660725808
1955-1985,195512,198512,13047,24.70785263480791,6.2829857358652506
1955-1985,195512,198512,13055,1.7755740432370581,1.4072939921926575
1955-1985,195512,198512,13063,2.418559983675228,0.6129825275087357
1955-1985,195512,198512,13100,25.24074578315432,5.43414443722357
1955-1985,195512,198512,13119,114.07406597841234,27.215781959940028
1955-1985,195512,198512,13135,0.914724182145009,-0.5305159370403814
1955-1985,195512,198512,13143,39.408308615000124,8.90798418007324
1955-1985,195512,198512,13151,1.065569693692619,0.8701779659108866
1955-1985,195512,198512,13207,0.20162564750979445,-0.06112048532762424
1955-1985,195512,198512,13274,0.2742459759558252,0.10517126717204155
1955-1985,195512,198512,13290,21.581386134140214,4.536881504070981
1955-1985,195512,198512,13303,1.6604656890780851,-0.3476625757795711
1955-1985,195512,198512,13311,9.28042878137848,2.0410098382002575
1955-1985,195512,198512,13338,-0.04051251176020974,-0.09136873905207192
1955-1985,195512,198512,13354,19.25619362607914,3.9667519595509777
1955-1985,195512,198512,13370,0.11661856361944546,-0.6816449201595622
1955-1985,195512,198512,13389,0.6918423494372898,0.5689057081286981
1955-1985,195512,198512,13434,1.4806463847447606,0.949598918215824
1955-1985,195512,198512,13442,2.361034289348894,1.8963253683135135
1955-1985,195512,198512,13450,3.645829724279447,2.7166637794235604
1955-1985,195512,198512,13469,-0.1309364819581628,-0.17989780691826693
1955-1985,195512,198512,13522,10.138389724350661,2.115958712031294
1955-1985,195512,198512,13557,6.8298152164253985,0.919844902106139
1955-1985,195512,198512,13565,2.496434273105396,1.3426109629806158
1955-1985,195512,198512,13573,1.5665635641099795,0.8101027241617773
1955-1985,195512,198512,13610,9.427391957497061,1.5567621634119075
1955-1985,195512,198512,13637,5.021310036563395,1.841040651054561
1955-1985,195512,198512,13653,38.477714000928536,9.444252075270352
1955-1985,195512,198512,13661,8.447889833984972,1.3165914689002558
1955-1985,195512,198512,13688,17.70409318830637,3.5861820443422774
1955-1985,195512,198512,13696,4.52984569632224,0.5616424094988026
1955-1985,195512,198512,13768,0.7738880424526982,0.735043778749354
1955-1985,195512,198512,13792,-0.8940179675543383,-0.9572884440670115
1955-1985,195512,198512,13805,2.739769587918526,2.1919052533826893
1955-1985,195512,198512,13821,50.224713435233696,11.5601310161415
1955-1985,195512,198512,13848,-0.13448046409474845,-0.24196328227906094
1955-1985,195512,198512,13856,48.956451596160285,11.24915739045833
1955-1985,195512,198512,13901,145.69385996769722,34.968851300405284
1955-1985,195512,198512,13928,12.763461243400704,2.3747553643471133
1955-1985,195512,198512,13936,27.51231457212627,5.99112562244268
1955-1985,195512,198512,13944,-0.14705696514829542,-0.19226595992842135
1955-1985,195512,198512,13987,1.0899142255619054,0.6669553941981874
1955-1985,195512,198512,14066,9.574529383741117,2.3737784224316893
1955-1985,195512,198512,14082,1.1247254136499358,0.8019823128423511
1955-1985,195512,198512,14090,12.459833854156486,2.3003069285580513
1955-1985,195512,198512,14154,-0.961421036172673,-0.9905405651365748
1955-1985,195512,198512,14189,1.4941549546192072,-0.35541607730188224
1955-1985,195512,198512,14197,0.04784137769554478,-0.7430727454506808
1955-1985,195512,198512,14218,53.307490274523175,12.316017743432964
1955-1985,195512,198512,14250,36.92454321236072,10.095827053398123
1955-1985,195512,198512,14277,61.01115402399832,14.204930721346367
1955-1985,195512,198512,14306,7.199111000779716,1.010395012085053
1955-1985,195512,198512,14314,0.23399636897729684,0.14432881275403273
1955-1985,195512,198512,14322,11.13904907830794,1.9764548517717553
1955-1985,195512,198512,14349,-0.9561118110940109,-0.9892387606342131
1955-1985,195512,198512,14357,26.412122611654812,5.846643858269797
1955-1985,195512,198512,14373,3.5079916779551894,2.5429377410322305
1955-1985,195512,198512,14402,3.9921160431867166,0.9761995562393504
1955-1985,195512,198512,14429,2.405689518995133,1.5495105896388148
1955-1985,195512,198512,14437,7.718918300176625,2.9943078708501525
1955-1985,195512,198512,14461,16.41365651335674,3.269771221939261
1955-1985,195512,198512,14488,2.9235350751751574,2.1576798803211488
1955-1985,195512,198512,14496,20.392407286663023,4.665182957337645
1955-1985,195512,198512,14509,14.048867746924614,3.209912897887043
1955-1985,195512,198512,14517,0.0,0.0
1955-1985,195512,198512,14525,4.1996872395989,0.27494618500686874
1955-1985,195512,198512,14533,14.39606506006771,3.5542444107043654
1955-1985,195512,198512,14541,17.739670353639294,3.5949054481018674
1955-1985,195512,198512,14592,22.11385961418483,4.66744224757689
1955-1985,195512,198512,14605,19.117048148342633,3.9326339467116416
1955-1985,195512,198512,14613,0.1887678779175765,-0.054629699460205315
1955-1985,195512,198512,14656,12.749376655736652,2.3713018698421
1955-1985,195512,198512,14664,0.9911348171657486,0.6520870928805584
1955-1985,195512,198512,14680,-0.30598625252753775,-0.34508561858232434
1955-1985,195512,198512,14699,7.781683945599319,5.841544469245982
1955-1985,195512,198512,14701,-0.39283648236405844,-0.5171518613458979
1955-1985,195512,198512,14728,1.9613769268333394,1.6021279225945384
1955-1985,195512,198512,14736,10.295099979231018,1.7695213123823619
1955-1985,195512,198512,14744,-0.33086800893140594,-0.40224208797872196
1955-1985,195512,198512,14752,29.45395920824105,6.467210492048151
1955-1985,195512,198512,14760,20.75315374306734,5.3161919860694
1955-1985,195512,198512,14779,1.526876008084364,1.1987102927487316
1955-1985,195512,198512,14795,9.990489641127983,1.694831860770635
1955-1985,195512,198512,14816,84.97332482760628,20.08037607849819
1955-1985,195512,198512,14824,13.408308778198172,3.4384215546633525
1955-1985,195512,198512,14832,-0.39284243645767924,-0.4502762600360069
1955-1985,195512,198512,14840,4.262314861099346,3.3662550550297983
1955-1985,195512,198512,14859,19.260672672027823,5.046615006796724
1955-1985,195512,198512,14867,23.719278691253237,7.3964089851151655
1955-1985,195512,198512,14875,-0.5804781738421488,-0.6313709855399865
1955-1985,195512,198512,14883,22.47479120198468,4.755941484109701
1955-1985,195512,198512,14891,29.981204405655593,6.59648927787348
1955-1985,195512,198512,14904,2.1171864327934946,1.072967652577315
1955-1985,195512,198512,14912,3.8994290752009446,0.21578425199430903
1955-1985,195512,198512,14920,0.12243706551403566,-0.33300857304265635
1955-1985,195512,198512,14955,1.506810657170368,-0.385338283511748
1955-1985,195512,198512,14971,-0.9259257843950477,-0.9305877979645902
1955-1985,195512,198512,15034,7.812711546928124,1.2775377961202872
1955-1985,195512,198512,15042,4.252247224833183,2.9650767781839233
1955-1985,195512,198512,15050,2.2475126923475486,1.3522524366193056
1955-1985,195512,198512,15069,2.2069187553654976,-0.21367408377131336
1955-1985,195512,198512,15077,98.87581753655401,23.489221500271213
1955-1985,195512,198512,15085,-0.7411444238011375,-0.769523938799684
1955-1985,195512,198512,15149,0.3740085857305988,0.09920686858447911
1955-1985,195512,198512,15157,6.967354638558389,5.118197831328511
1955-1985,195512,198512,15165,1.0486784847597135,0.7826163438818294
1955-1985,195512,198512,15202,87.0080201208669,20.57927666275602
1955-1985,195512,198512,15229,11.85600404493759,2.836758445482487
1955-1985,195512,198512,15237,-0.36701744338308684,-0.5872522501865383
1955-1985,195512,198512,15253,-0.8645941399358137,-0.8814092467411702
1955-1985,195512,198512,15261,-0.03191430871812035,-0.06673753502322423
1955-1985,195512,198512,15317,34.49730887641605,8.648355759512697
1955-1985,195512,198512,15325,1.6676290860525222,-0.3459061344354295
1955-1985,195512,198512,15341,1.786485735455174,1.1645744263825715
1955-1985,195512,198512,15368,17.862467722304615,3.6250149584425024
1955-1985,195512,198512,15448,11.13001946822811,8.791702462304608
1955-1985,195512,198512,15456,16.4293758922632,3.273625561872411
1955-1985,195512,198512,15464,3.4427068037039605,2.5330724729752543
1955-1985,195512,198512,15472,17.695144171763186,3.5839877749611535
1955-1985,195512,198512,15480,0.9337878466409151,0.6826465678563818
1955-1985,195512,198512,15499,1.6835849026648444,0.9812692945294177
1955-1985,195512,198512,15528,3.0562898139582675,1.054982363215156
1955-1985,195512,198512,15536,2.5423552466882655,1.800446035729958
1955-1985,195512,198512,15544,-0.12452007049447529,-0.5795186001658053
1955-1985,195512,198512,15560,859.2259553774569,209.924570943421
1955-1985,195512,198512,15579,52.60848389814471,12.144623682253272
1955-1985,195512,198512,15587,1.9778022505644777,1.5496837161382722
1955-1985,195512,198512,15608,0.1056347597856747,0.1015245933924197
1955-1985,195512,198512,15624,2.927311987048172,1.891537397057446
1955-1985,195512,198512,15659,4.219226423774916,0.2797371286108718
1955-1985,195512,198512,15667,68.45336228959566,16.02973567576544
1955-1985,195512,198512,15712,133.24908239194008,31.917432828032922
1955-1985,195512,198512,15720,21.2334001584696,4.4515564889934645
1955-1985,195512,198512,15739,-0.40540541091529186,-0.44282744799055324
1955-1985,195512,198512,15747,17.19072528646202,3.4603059256832838
1955-1985,195512,198512,15755,1.2571221975379334,0.7843915897939986
1955-1985,195512,198512,15763,7.848933239758489,1.1897637195339614
1955-1985,195512,198512,15771,-0.4893613742099792,-0.5094940798862884
1955-1985,195512,198512,15798,5.488446336170144,4.069689848669382
1955-1985,195512,198512,15819,5.1418212948638224,3.7028803057814343
1955-1985,195512,198512,15827,0.4179421331701748,0.34278618971592517
1955-1985,195512,198512,15835,2.8660495470360736,1.9858826472785793
1955-1985,195512,198512,15843,2.161183637801989,-0.22488818396071988
1955-1985,195512,198512,15907,0.20773331371819578,0.11997414559334443
1955-1985,195512,198512,15915,-0.962439589758699,-0.9907903111210716
1955-1985,195512,198512,15923,41.648229987176585,9.583079293114212
1955-1985,195512,198512,15966,22.482448671345885,4.757819070375765
1955-1985,195512,198512,15974,22.5706264076932,4.779439960898256
1955-1985,195512,198512,15990,-0.460318312313448,-0.517884359000014
1955-1985,195512,198512,16029,9.010270346052595,1.737502502798053
1955-1985,195512,198512,16053,31.95789734712548,7.081167876513863
1955-1985,195512,198512,16088,38.128421810978494,8.5941601512738
1955-1985,195512,198512,16096,-0.8740243013882879,-0.9385036662514774
1955-1985,195512,198512,16109,34.29759823264268,7.7026277151317775
1955-1985,195512,198512,16117,32.422174680865076,7.195007149562546
1955-1985,195512,198512,16125,1.303029763155715,1.1809610477941046
1955-1985,195512,198512,16141,3.538342401295978,0.24618418396241887
1955-1985,195512,198512,16205,2.279430591767191,1.6157363053381157
1955-1985,195512,198512,16256,1.381678065121866,1.0135322443301589
1955-1985,195512,198512,16272,1.9236001599109267,1.3319191751670472
1955-1985,195512,198512,16280,3.5608834858042187,1.680519241656865
1955-1985,195512,198512,16299,-0.14285540870905686,-0.2239366538311732
1955-1985,195512,198512,16301,1.0164859254678724,0.8699592665238409
1955-1985,195512,198512,16328,1.7591487219662514,0.7775285035744164
1955-1985,195512,198512,16336,2.768895737829547,0.031730396055483494
1955-1985,195512,198512,16344,7.163802450833797,5.752774866739064
1955-1985,195512,198512,16352,1.6837247471079118,1.4463885449827205
1955-1985,195512,198512,16360,47.77901369160886,10.960453494374374
1955-1985,195512,198512,16424,18.151226461325262,3.6958176501694195
1955-1985,195512,198512,16432,10.371642696338983,1.788289334509472
1955-1985,195512,198512,16512,5.050957918439921,1.0245402273931328
1955-1985,195512,198512,16555,119.5096880328457,28.548578584448858
1955-1985,195512,198512,16571,26.203098455440475,5.670110142779556
1955-1985,195512,198512,16598,32.01539420242119,8.930556280862946
1955-1985,195512,198512,16600,39.211445212930855,8.859713922292293
1955-1985,195512,198512,16619,2.6150674524413744,1.0268579022056281
1955-1985,195512,198512,16643,-0.1250028985838684,-0.3449742369287064
1955-1985,195512,198512,16651,7.934415180854536,1.1906891751775106
1955-1985,195512,198512,16678,29.228314447965545,6.41188314003183
1955-1985,195512,198512,16686,5.492715997590806,4.014547225805009
1955-1985,195512,198512,16707,0.0005588356221212582,-0.7546662690331841
1955-1985,195512,198512,16715,1.9565831662687714,-0.27505554569072965
1955-1985,195512,198512,16723,3.0371527612611384,2.065033824413554
1955-1985,195512,198512,16731,0.6167827935175789,-0.29430327579362975
1955-1985,195512,198512,16758,8.474759940189232,2.7507173766184834
1955-1985,195512,198512,16782,1.1647175855515632,0.8301082426745066
1955-1985,195512,198512,16803,21.56074508101406,4.656014669515235
1955-1985,195512,198512,16838,-0.056311496210634075,-0.11570447896660817
1955-1985,195512,198512,16862,2.5400183922025388,2.002294079462915
1955-1985,195512,198512,16870,18.68077702829924,3.8256617050175503
1955-1985,195512,198512,16926,0.5051937939500339,-0.07478913582887689
1955-1985,195512,198512,16969,-0.29359586925105924,-0.6513511840870789
1955-1985,195512,198512,16985,7.731928962868086,2.7805443651835997
1955-1985,195512,198512,17005,81.88258700893778,19.322537345283983
1955-1985,195512,198512,17013,7.145503945670464,5.886419739557353
1955-1985,195512,198512,17048,8.02566796694463,6.263900946369859
1955-1985,195512,198512,17056,-0.7675223235473777,-0.7990192990667653
1955-1985,195512,198512,17064,-0.5825295121364843,-0.6245567424583148
1955-1985,195512,198512,17072,-0.21311396192610993,-0.5606552954087445
1955-1985,195512,198512,17099,2.4099110326487962,1.7946671460240924
1955-1985,195512,198512,17101,1.994296962748007,1.5886180194079529
1955-1985,195512,198512,17128,3.177187681097532,0.024232661055937837
1955-1985,195512,198512,17136,4.444601313957152,0.8216643597259894
1955-1985,195512,198512,17144,32.408634065248286,7.191687035211835
1955-1985,195512,198512,17160,-0.7933592548411784,-0.8316725844906863
1955-1985,195512,198512,17208,-0.07257911051301998,-0.12482817470946979
1955-1985,195512,198512,17216,0.8166950536302191,0.6448455215300644
1955-1985,195512,198512,17224,10.351452809542396,1.7833388407661155
1955-1985,195512,198512,17232,2.127514040248023,0.24358125042502865
1955-1985,195512,198512,17240,15.966277442814608,3.1600753473689993
1955-1985,195512,198512,17267,13.413122458297467,4.87932544722029
1955-1985,195512,198512,17291,29.86719810173143,6.568535307652364
1955-1985,195512,198512,17304,27.377197811716318,5.957995437822494
1955-1985,195512,198512,17312,0.1143447157928344,-0.03663101989522644
1955-1985,195512,198512,17320,3.9310249520855614,3.1557065633928634
1955-1985,195512,198512,17339,-0.2941736314775229,-0.6687189723922524
1955-1985,195512,198512,17347,20.637033024644513,4.305329232026298
1955-1985,195512,198512,17398,1.0498228378031715,0.8190480812293042
1955-1985,195512,198512,17400,19.741092355684295,4.0856475309454705
1955-1985,195512,198512,17419,-0.10106143010712063,-0.1663822258432813
1955-1985,195512,198512,17435,-0.24490022938071557,-0.8138300473542146
1955-1985,195512,198512,17443,0.47058347132259787,-0.6394177764735065
1955-1985,195512,198512,17451,1.5655812975994872,1.0710114089056093
1955-1985,195512,198512,17478,60.87722759354063,14.172092401709872
1955-1985,195512,198512,17486,0.49547545596785675,0.3449242355684074
1955-1985,195512,198512,17507,0.013739676324203288,-0.06316471291418509
1955-1985,195512,198512,17515,0.7776767509286449,0.38493421293278324
1955-1985,195512,198512,17523,68.09571216393759,15.94204104294175
1955-1985,195512,198512,17558,7.445016343155345,2.1303795020271568
1955-1985,195512,198512,17566,1.4648342581024063,-0.39563075830608946
1955-1985,195512,198512,17582,0.7086421282026396,0.4915833562159854
1955-1985,195512,198512,17590,21.04892199710025,4.406323051439046
1955-1985,195512,198512,17603,1.0748582752008549,0.865979925348419
1955-1985,195512,198512,17646,0.4241674161259638,-0.6507988403277591
1955-1985,195512,198512,17654,3.673245323012601,2.7385962584100856
1955-1985,195512,198512,17670,8.159966968539617,1.4378065020542365
1955-1985,195512,198512,17689,-0.40258041280973283,-0.4818496784239754
1955-1985,195512,198512,17718,0.23798190966855326,-0.02988552107844405
1955-1985,195512,198512,17726,102.77236475957952,24.44464204534985
1955-1985,195512,198512,17734,1.7963008996861984,1.197679299460122
1955-1985,195512,198512,17742,48.53709831004442,17.80445091656077
1955-1985,195512,198512,17750,21.01058504692973,4.396922957527154
1955-1985,195512,198512,17777,6.019560697795127,4.549387218315913
1955-1985,195512,198512,17806,2.1275972238669256,-0.23312346203445916
1955-1985,195512,198512,17814,-0.15154826765919138,-0.7919624297645588
1955-1985,195512,198512,17822,12.143106714967097,2.222646477228895
1955-1985,195512,198512,17830,15.527491740487633,3.0524865383812427
1955-1985,195512,198512,17849,4.959680880073874,1.5719717807726217
1955-1985,195512,198512,17865,0.34425152481159277,-0.11484174778990848
1955-1985,195512,198512,17881,-0.1772008074987683,-0.27463755397917694
1955-1985,195512,198512,17902,15.749138332857687,3.1068335527958553
1955-1985,195512,198512,17910,2.4535820275962954,1.7063157409234133
1955-1985,195512,198512,17929,11.331963049703626,2.0237567221597206
1955-1985,195512,198512,17945,0.3266656355716653,0.17730592825565017
1955-1985,195512,198512,17953,39.89556819159014,9.027458623372517
1955-1985,195512,198512,17961,34.323697493586984,7.66125428022079
1955-1985,195512,198512,18008,0.4493800265414923,0.3212035616092504
1955-1985,195512,198512,18016,8.340693675147726,1.2903073238239653
1955-1985,195512,198512,18024,0.1966728403303162,0.1619866710453795
1955-1985,195512,198512,18032,5.586794610376256,0.6150603436238284
1955-1985,195512,198512,18040,1.8902930236930886,1.539667312622123
1955-1985,195512,198512,18067,13.011860155991888,2.4356619595661777
1955-1985,195512,198512,18075,5.3741088287302565,0.5629104904846396
1955-1985,195512,198512,18091,5.984678560963749,0.7126201778026411
1955-1985,195512,198512,18112,33.83664599608751,7.541830857229153
1955-1985,195512,198512,18147,4.8976287938257,0.44607915530218883
1955-1985,195512,198512,18155,0.7231011138116148,0.5601050625051112
1955-1985,195512,198512,18163,26.830682459753106,5.823991673571681
1955-1985,195512,198512,18171,0.6938714920021039,0.36323591548517925
1955-1985,195512,198512,18198,30.167562906127163,6.642183768382509
1955-1985,195512,198512,18200,53.93948115903312,12.508055918000828
1955-1985,195512,198512,18243,1.0995938178736209,0.1578007061525335
1955-1985,195512,198512,18251,6.069676472024928,0.7334613856383216
1955-1985,195512,198512,18278,11.825625013486157,2.1448010097111583
1955-1985,195512,198512,18286,1.698100534162323,-0.3384346357223196
1955-1985,195512,198512,18315,1.1152458992878085,-0.4813486724527595
1955-1985,195512,198512,18323,-0.1535592639705438,-0.21506533821489882
1955-1985,195512,198512,18331,3.410750483864951,0.8644812770911807
1955-1985,195512,198512,18358,0.7506175725868243,-0.3210339950025053
1955-1985,195512,198512,18366,0.1656732977179197,0.04133481262800655
1955-1985,195512,198512,18374,8.254899261377675,1.2692708161474995
1955-1985,195512,198512,18382,6.785825813688376,0.9090588454423514
1955-1985,195512,198512,18390,-0.9999665188938465,-0.9999854335447254
1955-1985,195512,198512,18403,8.646975635328133,1.365406651663263
1955-1985,195512,198512,18411,16.800479347937635,3.3646189069051227
1955-1985,195512,198512,18438,103.18400918332361,24.545575902223923
1955-1985,195512,198512,18446,7.173740884577901,1.0041743431535948
1955-1985,195512,198512,18454,1.1067827584003718,0.8820592641709986
1955-1985,195512,198512,18462,18.253739630962517,15.591647013176697
1955-1985,195512,198512,18489,4.797798041287453,3.980159855977684
1955-1985,195512,198512,18542,14.561316272113043,2.8155834958154653
1955-1985,195512,198512,18550,20.919271603838002,4.374533202038973
1955-1985,195512,198512,18569,5.734596904468094,0.6513009793206361
1955-1985,195512,198512,18585,6.844813802506107,2.0781992665763367
1955-1985,195512,198512,18606,17.163563773810008,3.6140616979915574
1955-1985,195512,198512,18649,17.220228284254812,3.467539963568428
1955-1985,195512,198512,18673,17.787322516538666,3.6065896014934733
1955-1985,195512,198512,18681,18.851530436473485,3.8675298782935963
1955-1985,195512,198512,18702,-0.5325167114396263,-0.8165658545619616
1955-1985,195512,198512,18710,7.985294776366539,1.608947995738062
1955-1985,195512,198512,18729,29.94285195220361,6.587085382608032
1955-1985,195512,198512,18745,-0.8260865558351407,-0.8471842523403859
1955-1985,195512,198512,18796,16.278048572648032,3.236520601527615
1955-1985,195512,198512,18817,3.413730503967952,0.08223218212571926
1955-1985,195512,198512,18825,3.3057763529140862,1.0791856983441024
1955-1985,195512,198512,18841,2.1292927647982616,1.4379373865288803
1955-1985,195512,198512,18876,0.8717501721187191,0.6833189467376404
1955-1985,195512,198512,18884,11.137926482411578,2.395578598419933
1955-1985,195512,198512,18905,22.672684146778302,5.183508139704277
1955-1985,195512,198512,18921,1.8963192831590243,-0.2898320513388669
1955-1985,195512,198512,18948,21.71144923441182,4.568772547870428
1955-1985,195512,198512,18972,0.3393315679196974,0.23772710414647896
1955-1985,195512,198512,18980,-0.7932111829014097,-0.949296063145085
1955-1985,195512,198512,18999,24.13745501545799,5.1636211748790055
1955-1985,195512,198512,19000,1.5667095966802194,1.2627571444417711
1955-1985,195512,198512,19019,2.6257615311373637,-0.03023543877763159
1955-1985,195512,198512,19027,40.32062315285405,9.131680699876394
1955-1985,195512,198512,19035,14.594474940710853,3.1502674122249434
1955-1985,195512,198512,19043,9.759513528092397,1.6381972786173518
1955-1985,195512,198512,19051,13.66884237294331,2.5967518352688095
1955-1985,195512,198512,19094,0.1326511045315354,0.06883977469877312
1955-1985,195512,198512,19107,31.74021481492114,8.245919463012523
1955-1985,195512,198512,19131,14.698337250709532,2.849180588463095
1955-1985,195512,198512,19158,3.308591053292812,0.31365461010520335
1955-1985,195512,198512,19166,25.006515179645106,5.376711864725423
1955-1985,195512,198512,19174,23.414709700617585,4.986406404177059
1955-1985,195512,198512,19190,0.8583038294296423,0.24195866904524835
1955-1985,195512,198512,19203,0.1394459825324572,-0.07742742199788909
1955-1985,195512,198512,19211,1.799257605324704,1.125215405742269
1955-1985,195512,198512,19238,-0.7158941834113085,-0.9303381895281158
1955-1985,195512,198512,19254,15.264157336150152,2.9879178097788235
1955-1985,195512,198512,19262,0.2400436936009497,0.20410039813425546
1955-1985,195512,198512,19270,5.4674597331472565,4.2523612378286835
1955-1985,195512,198512,19289,-0.7521374205975779,-0.9392249119123064
1955-1985,195512,198512,19297,12.820869325748733,2.8663809804808555
1955-1985,195512,198512,19326,0.5209378657135502,0.34970645036831566
1955-1985,195512,198512,19334,0.40733124496864326,-0.5472211600821174
1955-1985,195512,198512,19350,22.605757216921717,4.7880539196111735
1955-1985,195512,198512,19369,0.03469176312088636,0.015741364528928707
1955-1985,195512,198512,19377,23.174228633355902,4.927441238553883
1955-1985,195512,198512,19385,4.052472460214786,2.3599568718053714
1955-1985,195512,198512,19393,216.85340918258456,52.4169383906064
1955-1985,195512,198512,19406,24.775380746860897,7.292679519998478
1955-1985,195512,198512,19414,44.76641680971508,11.036702360160591
1955-1985,195512,198512,19422,0.08959524443448484,0.0657354945563576
1955-1985,195512,198512,19430,17.195601084024464,4.547691798087093
1955-1985,195512,198512,19449,-0.4503040104803086,-0.5105696837499096
1955-1985,195512,198512,19502,116.20604970856385,27.73853734848597
1955-1985,195512,198512,19510,0.20968846922676052,-0.22810354820768647
1955-1985,195512,198512,19537,18.023746744779633,3.6645600435507406
1955-1985,195512,198512,19553,36.01108778333743,8.074996821531977
1955-1985,195512,198512,19561,54.968749503139584,12.72335303462163
1955-1985,195512,198512,19596,6.022184212734552,0.7218164400849596
1955-1985,195512,198512,19617,-0.10561229514491133,-0.6459440104857257
1955-1985,195512,198512,19625,0.04866181711960154,-0.05690816446962005
1955-1985,195512,198512,19633,4.0903838455526795,2.3355082410956474
1955-1985,195512,198512,19641,-0.026455692061044395,-0.1637504021549995
1955-1985,195512,198512,19668,4.86526383254311,4.038111240774209
1955-1985,195512,198512,19676,43.77937312845179,10.976918162100867
1955-1985,195512,198512,19684,4.08109289366859,2.7003611290847394
1955-1985,195512,198512,19692,17.68131745941569,3.580597510634405
1955-1985,195512,198512,19705,-0.34545355652393206,-0.393015754838802
1955-1985,195512,198512,19713,29.890652886622508,6.952636862262096
1955-1985,195512,198512,19721,30.445232428554302,6.710267420725133
1955-1985,195512,198512,19748,1.7781358436684962,1.356140525642902
1955-1985,195512,198512,19756,-0.19752944745458417,-0.6152735096920017
1955-1985,195512,198512,19764,0.1264637148476952,-0.7237948073383506
1955-1985,195512,198512,19772,0.15141974867746447,-0.04464243762984381
1955-1985,195512,198512,19780,0.12361138322443016,0.07931129284640584
1955-1985,195512,198512,19799,5.612852449105744,4.197197819238537
1955-1985,195512,198512,19828,1.799010741750192,-0.3136917851884237
1955-1985,195512,198512,19836,0.29174581442645503,0.16170428948419396
1955-1985,195512,198512,19844,2.0006388874245222,1.4295203076428171
1955-1985,195512,198512,19852,10.079623803880073,1.7166872638974087
1955-1985,195512,198512,19860,4.182052282831045,2.1420588502233477
1955-1985,195512,198512,19879,0.9950622718318887,-0.17104389325434802
1955-1985,195512,198512,19887,46.09965795398393,10.54868099878108
1955-1985,195512,198512,19895,15.215409354689847,2.9759649652853444
1955-1985,195512,198512,19908,0.08590982600425685,0.003530459893588646
1955-1985,195512,198512,19916,38.137809113770544,8.596461886999556
1955-1985,195512,198512,19932,3.5054466718726918,2.4597699371400616
1955-1985,195512,198512,19940,12.071153860258255,3.3733698308979028
1955-1985,195512,198512,19959,-0.2886233797776866,-0.340315106506644
1955-1985,195512,198512,19967,-0.8752850395109543,-0.8900539164109729
1955-1985,195512,198512,19975,-0.44335778123794095,-0.8635131613648379
1955-1985,195512,198512,19983,0.028089981266437164,-0.10251428345470712
1955-1985,195512,198512,20001,2.1749206603516407,1.1595907029803052
1955-1985,195512,198512,20036,1.2323908266398682,0.8184824970804994
1955-1985,195512,198512,20052,2.113467081999201,0.9137825182930854
1955-1985,195512,198512,20060,0.5479206385648432,0.3782150536059065
1955-1985,195512,198512,20079,36.26994055529445,8.138466668635807
1955-1985,195512,198512,20087,2.416006384018467,1.5788442561040807
1955-1985,195512,198512,20095,11.047402314027423,2.0203029187645876
1955-1985,195512,198512,20108,0.2628776094696536,0.20875428334952564
1955-1985,195512,198512,20116,1.9173071461189868,1.2531363549276313
1955-1985,195512,198512,20124,22.84913912863904,4.8477303627404185
1955-1985,195512,198512,20132,2.5002957351476387,1.719070310201646
1955-1985,195512,198512,20140,2.0315436981473436,1.1102693794895804
1955-1985,195512,198512,20167,7.232621849851462,1.8765875564018186
1955-1985,195512,198512,20175,16.621355212918182,6.507986004868148
1955-1985,195512,198512,20183,61.087833940010924,14.223732384193
1955-1985,195512,198512,20204,59.20386511276331,13.761789432955661
1955-1985,195512,198512,20212,1.0045202913131033,0.8149035069997004
1955-1985,195512,198512,20220,36.27535888404848,8.139795225000004
1955-1985,195512,198512,20239,6.026583203092707,0.8607947612933282
1955-1985,195512,198512,20247,0.6299287919788594,-0.5338090541618631
1955-1985,195512,198512,20255,-0.2000020375097271,-0.4387448849544674
1955-1985,195512,198512,20263,18.974408584949096,4.007615996975081
1955-1985,195512,198512,20298,1.0248068440243174,0.7392571608926817
1955-1985,195512,198512,20300,0.23519198720205528,0.024865178235762214
1955-1985,195512,198512,20327,1.5308406772509366,1.1669817939400993
1955-1985,195512,198512,20335,-0.23843020307097468,-0.4234443345283087
1955-1985,195512,198512,20343,31.77933661832639,7.0373853739354875
1955-1985,195512,198512,20351,-0.4435895328846603,-0.4962229554496249
1955-1985,195512,198512,20378,-0.32966392867864347,-0.3971474257915318
1955-1985,195512,198512,20386,58.39172579027239,14.513628179135448
1955-1985,195512,198512,20394,13.031796224653807,2.440550217938907
1955-1985,195512,198512,20407,25.324142149867335,6.061932028192641
1955-1985,195512,198512,20415,17.66941409439493,3.5776788447372745
1955-1985,195512,198512,20423,3.4124229548800153,2.802345182983421
1955-1985,195512,198512,20431,0.8315036985199173,0.3484697560531275
1955-1985,195512,198512,20458,-0.7037196712778423,-0.9273530392520233
1955-1985,195512,198512,20474,19.15726354563489,3.9424946296707724
1955-1985,195512,198512,20482,79.84352863522096,18.82256694806885
1955-1985,195512,198512,20490,-0.66099691923758,-0.7142992904266395
1955-1985,195512,198512,20503,0.8260296248285413,0.5486580362469908
1955-1985,195512,198512,20511,2.9462504804555856,2.3468200277281555
1955-1985,195512,198512,20538,2.685162167584288,1.4147272882948387
1955-1985,195512,198512,20546,9.028393700792991,6.592117265007131
1955-1985,195512,198512,20554,0.5259721433381015,0.41508835437581737
1955-1985,195512,198512,20562,30.1973578102709,6.649489380743477
1955-1985,195512,198512,20570,15.19900388385534,2.971942397871219
1955-1985,195512,198512,20589,16.40805478770333,3.2683976972593802
1955-1985,195512,198512,20597,3.3397327462048274,2.5896554814286854
1955-1985,195512,198512,20618,30.328832486347785,6.681726538281071
1955-1985,195512,198512,20626,11.293714789908437,2.0143783748357498
1955-1985,195512,198512,20634,0.20986183561489996,0.18336851074742072
1955-1985,195512,198512,20650,0.04020685972200458,-0.025260704875884
1955-1985,195512,198512,20669,3.4837606867262094,3.0054928801420804
1955-1985,195512,198512,20677,17.061266545001704,3.4285630686738067
1955-1985,195512,198512,20693,6.63350392289333,0.8717100195200529
1955-1985,195512,198512,20706,5.209664816179458,3.7011021772206067
1955-1985,195512,198512,20714,1.0460500424646466,-0.4013740050430954
1955-1985,195512,198512,20730,38.49516605050301,8.684084630864437
1955-1985,195512,198512,20749,0.6371235261711925,0.5129279483237232
1955-1985,195512,198512,20757,3.1317833528205563,2.2664245975100568
1955-1985,195512,198512,20765,50.08707012793067,11.526381330544785
1955-1985,195512,198512,20773,5.305927848401293,3.5923604982922406
1955-1985,195512,198512,20781,-0.041826750396526835,-0.1411691274457172
1955-1985,195512,198512,20802,2.7774258176745,2.1834909406816556
1955-1985,195512,198512,20810,-0.10222182381435053,-0.1528008759938241
1955-1985,195512,198512,20829,2.005478075392446,1.532918629576022
1955-1985,195512,198512,20837,0.8896967972779037,0.47649778912675733
1955-1985,195512,198512,20845,1.6176902840896026,0.9817542263729195
1955-1985,195512,198512,20853,12.46868771172547,2.3024778652721305
1955-1985,195512,198512,20888,3.978994407980416,1.3166154537131112
1955-1985,195512,198512,20896,1.3781355767027295,-0.3594569501946415
1955-1985,195512,198512,20909,15.416555145546912,3.0252852506922094
1955-1985,195512,198512,20917,8.723854081361418,1.3842569934170736
1955-1985,195512,198512,20925,1.3334625703853207,1.1271019349090672
1955-1985,195512,198512,20933,6.106746373108445,4.668476273788878
1955-1985,195512,198512,20968,0.018561870033494583,-0.7502519842918782
1955-1985,195512,198512,20976,-0.6782826905833543,-0.9211159753671901
1955-1985,195512,198512,20984,1.8546249631953833,-0.3000553612659074
1955-1985,195512,198512,20992,4.373046687959664,1.3262948503605627
1955-1985,195512,198512,21004,16.77525931644344,3.358435038249624
1955-1985,195512,198512,21020,5.732829034659544,0.6508675034663849
1955-1985,195512,198512,21039,64.62625085614668,15.091340557591394
1955-1985,195512,198512,21047,2.357004204471125,1.9594642328890175
1955-1985,195512,198512,21055,-0.6034960589411328,-0.9027785396122813
1955-1985,195512,198512,21071,4.5818816662582185,3.0872794714677703
1955-1985,195512,198512,21098,0.25016008840827186,0.1593180058595738
1955-1985,195512,198512,21119,9.49228408434181,1.5726734991798805
1955-1985,195512,198512,21127,28.85079159926717,6.619059189146307
1955-1985,195512,198512,21135,18.539349702093737,3.790984190449338
1955-1985,195512,198512,21143,28.377337042209152,6.203226282993643
1955-1985,195512,198512,21151,1.156616909088433,0.14223978584130462
1955-1985,195512,198512,21178,12.676005558176367,2.353311518381772
1955-1985,195512,198512,21186,12.398232808148686,2.2852025549715074
1955-1985,195512,198512,21194,1.1815420435246722,-0.3161950085794006
1955-1985,195512,198512,21207,10.127445167445696,1.728412904735094
1955-1985,195512,198512,21215,0.7047667919451739,0.5331459739641164
1955-1985,195512,198512,21223,2.5341161017969807,2.221575222046226
1955-1985,195512,198512,21231,19.009648213461702,3.906299836420618
1955-1985,195512,198512,21258,9.589718158540796,1.5965640132561223
1955-1985,195512,198512,21266,3.3132813900718654,2.471349587204983
1955-1985,195512,198512,21274,20.800153775747262,4.345325902927974
1955-1985,195512,198512,21282,38.328540576889246,8.64322861354648
1955-1985,195512,198512,21290,44.83763276350187,10.239236578790953
1955-1985,195512,198512,21303,41.362998523737076,9.94820019706998
1955-1985,195512,198512,21311,1.3304496144896931,1.0818683222774608
1955-1985,195512,198512,21338,24.58571052688846,5.27353194986837
1955-1985,195512,198512,21346,-0.6264839432112992,-0.8494702207227489
1955-1985,195512,198512,21354,3.6621738684371223,2.774811470517069
1955-1985,195512,198512,21370,18.81158014764804,3.8577341990573553
1955-1985,195512,198512,21389,28.574193970956117,9.842522550227425
1955-1985,195512,198512,21397,7.509660565141873,1.0865407424135638
1955-1985,195512,198512,21418,3.5300567337693467,2.468729156143386
1955-1985,195512,198512,21426,-0.19278371833169713,-0.278886788376316
1955-1985,195512,198512,21434,15.51019198231857,4.76888064049723
1955-1985,195512,198512,21442,2.0360964165759436,1.4002178160541359
1955-1985,195512,198512,21450,76.63347111072613,18.035471415987818
1955-1985,195512,198512,21469,1.7947103046089636,1.1900069053660896
1955-1985,195512,198512,21477,1.0910629079481247,0.8932596598989755
1955-1985,195512,198512,21485,43.32507796953268,9.86836312519192
1955-1985,195512,198512,21493,1.7436927167845955,1.1690550091394463
1955-1985,195512,198512,21506,3.655780755271282,1.2084057387835458
1955-1985,195512,198512,21514,24.423578472752574,5.23377770420649
1955-1985,195512,198512,21522,6.1745629657258645,0.7591792084305007
1955-1985,195512,198512,21530,1.8697323580646943,0.5050651114703284
1955-1985,195512,198512,21549,1.2733424989657558,-0.3162112348789846
1955-1985,195512,198512,21557,12.641724192802938,2.3449058405043
1955-1985,195512,198512,21565,0.5702380846573158,0.49759361810733294
1955-1985,195512,198512,21573,4.402121371539173,0.32458236740393553
1955-1985,195512,198512,21602,2.4025253081313314,1.9320796867498307
1955-1985,195512,198512,21610,0.22825326471494098,-0.19517878986893988
1955-1985,195512,198512,21629,17.409989773334626,4.613057177763007
1955-1985,195512,198512,21645,4.4116890705841,3.648502150373524
1955-1985,195512,198512,21653,11.656321223771656,2.1032882781068722
1955-1985,195512,198512,21661,0.4115414811731922,0.28671128215787633
1955-1985,195512,198512,21688,0.7171640497882596,0.5923874233330568
1955-1985,195512,198512,21696,1.7338983095303981,1.4022450719808095
1955-1985,195512,198512,21709,12.26132149811365,2.384794439518533
1955-1985,195512,198512,21717,-0.06323732434718872,-0.14023151686659882
1955-1985,195512,198512,21733,88.47976908541538,29.823365186235623
1955-1985,195512,198512,21741,-0.7084639710725766,-0.7378132357296997
1955-1985,195512,198512,21768,25.194893320635643,5.789392079236328
1955-1985,195512,198512,21776,9.342508384448488,1.5359489908803199
1955-1985,195512,198512,21784,-0.21913494956158447,-0.2906039541779826
1955-1985,195512,198512,21792,12.893506737560982,2.4066420911860464
1955-1985,195512,198512,21805,0.5723022173059744,0.5378722417445303
1955-1985,195512,198512,21813,1.410316989481839,0.8299290458389026
1955-1985,195512,198512,21821,33.05892302434527,7.351135746134075
1955-1985,195512,198512,21856,3.0076814232442652,2.0599960724486137
1955-1985,195512,198512,21864,0.9324598736312897,-0.45426844453826565
1955-1985,195512,198512,21872,24.947521358033494,5.362246773973454
1955-1985,195512,198512,21899,0.682722894072141,0.4785892970863407
1955-1985,195512,198512,21901,-0.3700438339658004,-0.4588838060988283
1955-1985,195512,198512,21928,17.154691783497288,3.451470629439415
1955-1985,195512,198512,21936,45.59630720572257,10.425261053187254
1955-1985,195512,198512,21952,-0.05578223840013579,-0.0696677937177805
1955-1985,195512,198512,21960,16.10138738827447,3.1932038609858644
1955-1985,195512,198512,21979,113.90898839517426,27.17530548024397
1955-1985,195512,198512,21987,8.794743891622982,4.097070607679538
1955-1985,195512,198512,21995,29.051467361141412,6.471051254903433
1955-1985,195512,198512,22007,20.867366080692122,7.300926500885966
1955-1985,195512,198512,22015,-0.022644443639822633,-0.12103594260225696
1955-1985,195512,198512,22023,22.014008087181253,4.642958982035307
1955-1985,195512,198512,22031,0.6539105342740676,0.5284414592601732
1955-1985,195512,198512,22058,5.297382775237137,3.5246610824760074
1955-1985,195512,198512,22066,100.17165932506207,23.80695763871604
1955-1985,195512,198512,22074,-0.9369965565036893,-0.9845517631683337
1955-1985,195512,198512,22082,16.927203479008092,3.3956912464539606
1955-1985,195512,198512,22090,15.894402298224598,11.936285188354821
1955-1985,195512,198512,22103,148.62809193558238,35.68831531448869
1955-1985,195512,198512,22111,70.9044399984146,16.630731856884847
1955-1985,195512,198512,22138,71.32675138479402,16.734281217863515
1955-1985,195512,198512,22154,0.4812707435556849,0.252304603384617
1955-1985,195512,198512,22162,-0.8634064972563787,-0.9513204006179646
1955-1985,195512,198512,22170,10.853220427424567,1.9063706080053007
1955-1985,195512,198512,22189,15.809764757693735,4.873555352101593
1955-1985,195512,198512,22197,2.6319085452043276,1.8797381364342036
1955-1985,195512,198512,22218,21.96624500529243,4.63124763167281
1955-1985,195512,198512,22226,2.626111729751785,0.11700913054422944
1955-1985,195512,198512,22234,8.971313299273039,1.444933178595773
1955-1985,195512,198512,22242,2.8465696225154717,2.1915809871026175
1955-1985,195512,198512,22250,66.56778890542817,15.567399292456344
1955-1985,195512,198512,22269,6.506750789409652,0.8406305686750175
1955-1985,195512,198512,22277,23.100657132029113,4.909401748750057
1955-1985,195512,198512,22285,0.3236772707950271,-0.648766823194983
1955-1985,195512,198512,22293,7.464483205318032,1.07546340258485
1955-1985,195512,198512,22306,0.5447984466261007,0.2897382669650939
1955-1985,195512,198512,22314,0.5983580451762793,0.5633575040410324
1955-1985,195512,198512,22322,13.57288266697371,2.573222831426313
1955-1985,195512,198512,22330,1.0495482683719461,0.5429183593361857
1955-1985,195512,198512,22349,3.499307800758925,2.815868641149973
1955-1985,195512,198512,22357,12.511628496612069,9.55719077869398
1955-1985,195512,198512,22365,0.3413335523791229,0.15217112832565646
1955-1985,195512,198512,22373,16.129254157538846,3.200036701025094
1955-1985,195512,198512,22381,0.7133640624981894,0.49570543566617137
1955-1985,195512,198512,22402,0.1282012782864515,-0.2643359061295154
1955-1985,195512,198512,22410,5.426245384765916,1.0309360414118727
1955-1985,195512,198512,22429,0.24047158357716944,-0.6147782336052359
1955-1985,195512,198512,22437,15.63852993551065,3.0797127380758083
1955-1985,195512,198512,22445,0.3120218451541791,-0.6528905681132083
1955-1985,195512,198512,22453,-0.10591467399627398,-0.1959232638624215
1955-1985,195512,198512,22461,16.17404396358215,3.211019013943294
1955-1985,195512,198512,22488,0.267802888984838,-0.28918164383276834
1955-1985,195512,198512,22496,23.3274550698583,4.965011856104343
1955-1985,195512,198512,22509,13.943672627842039,2.6641393085651184
1955-1985,195512,198512,22517,9.44960364147477,1.5622083951649106
1955-1985,195512,198512,22525,30.792860804963443,20.408258029472904
1955-1985,195512,198512,22533,8.506953915498398,2.5240161125222356
1955-1985,195512,198512,22541,3.759767431256644,0.16707929695954418
1955-1985,195512,198512,22568,15.87764973103905,3.138344124353594
1955-1985,195512,198512,22576,0.05645144989076754,0.04862588359528044
1955-1985,195512,198512,22584,-0.8689599883300152,-0.9678694207433156
1955-1985,195512,198512,22592,18.92191327309818,3.8847875180149316
1955-1985,195512,198512,22605,5.718269753014755,0.6472976155608008
1955-1985,195512,198512,22613,10.99265225700368,1.9405588333732782
1955-1985,195512,198512,22621,2.114932877431767,-0.2087184728419753
1955-1985,195512,198512,22648,114.79608204830075,29.454710489641432
1955-1985,195512,198512,22664,0.3233208721967398,-0.6755260807422439
1955-1985,195512,198512,22672,0.19968954704397604,0.16491593698473075
1955-1985,195512,198512,22680,16.63977634576934,3.3252150600788584
1955-1985,195512,198512,22699,7.396895275344658,1.058891064768864
1955-1985,195512,198512,22701,4.469966978155423,2.8076653250536427
1955-1985,195512,198512,22728,7.788645636150658,1.1668417943775338
1955-1985,195512,198512,22736,1.0243627038806022,0.8205678008053738
1955-1985,195512,198512,22744,0.06779567164915626,0.052092794124904064
1955-1985,195512,198512,22752,61.11508537548959,14.230414346414655
1955-1985,195512,198512,22760,9.86818967585826,1.664844312104318
1955-1985,195512,198512,22779,45.04159357538621,10.289247098081878
1955-1985,195512,198512,22787,-0.14847642970641556,-0.7912092252162111
1955-1985,195512,198512,22795,6.857806499718952,2.4297917620923113
1955-1985,195512,198512,22808,2.367306203711606,1.6620591816953145
1955-1985,195512,198512,22816,8.184707882440424,6.093664877504429
1955-1985,195512,198512,22824,-0.3500933238016138,-0.5533974635354677
1955-1985,195512,198512,22832,1.5945330315365833,1.235803384089405
1955-1985,195512,198512,22840,85.35916284142479,20.174982288656793
1955-1985,195512,198512,22859,11.84158881899613,2.14871528224242
1955-1985,195512,198512,22867,14.571650972296712,2.8181175302612393
1955-1985,195512,198512,22875,-0.2820857359268148,-0.35866325742795463
1955-1985,195512,198512,22883,-0.9556432189350416,-0.9854674604823852
1955-1985,195512,198512,22891,79.66438059425184,18.77864043848085
1955-1985,195512,198512,22904,3.5602181074322097,2.002797181306714
1955-1985,195512,198512,22912,9.952938843249294,1.7588229417206898
1955-1985,195512,198512,22920,14.692642224659373,2.84778418683321
1955-1985,195512,198512,22939,8.439708614808753,4.710704082999431
1955-1985,195512,198512,22947,13.846806076624704,2.640387949254736
1955-1985,195512,198512,22955,5.315194754911308,0.9611497037268004
1955-1985,195512,198512,22963,-0.8750000210133315,-0.8816254615956638
1955-1985,195512,198512,22971,7.483993183798136,5.590464270312762
1955-1985,195512,198512,22998,20.17007601499687,4.190832911270967
1955-1985,195512,198512,23018,5.07397716269313,2.0369885813465656
1955-1985,195512,198512,23026,11.870499215159276,2.1558040161598235
1955-1985,195512,198512,23034,8.36406694295648,1.2960383721064446
1955-1985,195512,198512,23042,23.129865948833196,4.916563654425716
1955-1985,195512,198512,23050,34.13585548885158,8.707638423723951
1955-1985,195512,198512,23069,0.6088416133672658,0.08881200096572707
1955-1985,195512,198512,23077,80.49560718953998,18.98245446184509
1955-1985,195512,198512,23085,21.755589846961307,4.579595680682183
1955-1985,195512,198512,23106,3.61857109993466,0.1324584215759303
1955-1985,195512,198512,23114,15.79525825147681,3.118142004936681
1955-1985,195512,198512,23122,-0.25825190221248256,-0.35667155272797807
1955-1985,195512,198512,23130,11.784870370504938,3.0405014850180683
1955-1985,195512,198512,23149,10.256130703900908,7.618980081844127
1955-1985,195512,198512,23165,1.0292579804983664,0.8497997917468083
1955-1985,195512,198512,23173,0.000213943751792005,-0.05613613758633697
1955-1985,195512,198512,23202,0.7749513328840285,-0.2163312072274791
1955-1985,195512,198512,23210,15.684972928326868,3.0911004069456594
1955-1985,195512,198512,23229,1.8099609293943288,-0.3110068352445744
1955-1985,195512,198512,23237,1.725713074726698,0.8446745051180673
1955-1985,195512,198512,23245,1.1024681473489948,-0.4844817351422394
1955-1985,195512,198512,23253,8.476874193679269,1.323698338431886
1955-1985,195512,198512,23261,-0.1158558127617066,-0.29268465020936485
1955-1985,195512,198512,23288,3.39964101825698,0.07877748663574832
1955-1985,195512,198512,23296,1.0888326401430795,0.6660927010665041
1955-1985,195512,198512,23309,132.58973400126132,31.755762774325753
1955-1985,195512,198512,23317,40.22018235131381,9.107052946159294
1955-1985,195512,198512,23325,7.839722447604617,1.2498059030940554
1955-1985,195512,198512,23333,4.399799608859593,3.268868127358024
1955-1985,195512,198512,23341,11.63150952744065,2.0972045318884756
1955-1985,195512,198512,23376,2.10016384497513,1.3943628543323747
1955-1985,195512,198512,23384,-0.8831510940363698,-0.9535378237414645
1955-1985,195512,198512,23405,9.054385860145029,1.465302296906561
1955-1985,195512,198512,23421,19.04369199064505,3.914647258456431
1955-1985,195512,198512,23448,6.7433098253625605,1.1046724474616307
1955-1985,195512,198512,23456,11.530294703353448,8.905955694686485
1955-1985,195512,198512,23464,3.633613402374235,0.32955930603457884
1955-1985,195512,198512,23472,0.04752427489696117,-0.7431504980124558
1955-1985,195512,198512,23480,1.292280778868938,0.7704070568786039
1955-1985,195512,198512,23499,24.988427020617753,5.372276707708662
1955-1985,195512,198512,23501,25.515006957003727,5.501392373720952
1955-1985,195512,198512,23528,2.5004546390700955,1.6204520761753773
1955-1985,195512,198512,23536,24.680197784414823,5.296699914202357
1955-1985,195512,198512,23544,70.13056172529008,16.440979453227584
1955-1985,195512,198512,23552,3.943606272336555,0.21215597528472172
1955-1985,195512,198512,23560,0.12739815808027338,0.04547649261423293
1955-1985,195512,198512,23579,33.340670722302505,7.420219353684454
1955-1985,195512,198512,23587,-0.2385256959963626,-0.6112854981467142
1955-1985,195512,198512,23595,5.79205269459856,0.6653889498192322
1955-1985,195512,198512,23616,1.336474703297727,1.094231506634752
1955-1985,195512,198512,23624,14.88136106538816,2.894057424999121
1955-1985,195512,198512,23632,0.6162148667967249,0.410897668734601
1955-1985,195512,198512,23640,6.288857658308601,1.4116220400329698
1955-1985,195512,198512,23659,4.108771822126326,1.1595439248105004
1955-1985,195512,198512,23667,0.9156648875163353,0.7113272995145936
1955-1985,195512,198512,23675,-0.9444446010681132,-0.9511841084795224
1955-1985,195512,198512,23683,-0.18171815800776364,-0.7993599875078502
1955-1985,195512,198512,23691,2.2583761559714475,1.6067009247771566
1955-1985,195512,198512,23712,16.451674812261142,3.27909318361025
1955-1985,195512,198512,23720,13.570597800103924,2.572662589595482
1955-1985,195512,198512,23739,0.13849828292959326,-0.006131792100551277
1955-1985,195512,198512,23747,0.5589367840009787,0.4763076258383817
1955-1985,195512,198512,23755,1.3485146068916318,0.9792513039212507
1955-1985,195512,198512,23771,0.7943802959339792,0.6356936030962808
1955-1985,195512,198512,23798,2.2349565749166995,1.9589363893436014
1955-1985,195512,198512,23800,13.00154646341382,3.5373814415899787
1955-1985,195512,198512,23819,26.401497426152073,5.718756916933905
1955-1985,195512,198512,23827,14.309804245606378,2.753913575317948
1955-1985,195512,198512,23835,16.188316828488208,3.2145186734079134
1955-1985,195512,198512,23843,0.6849679067696708,0.5625307924369263
1955-1985,195512,198512,23851,16.551827156514886,3.3036502085507777
1955-1985,195512,198512,23878,3.857919917560949,2.7956925303391658
1955-1985,195512,198512,23886,4.129021299523023,1.503784532371895
1955-1985,195512,198512,23894,-0.33647050415612995,-0.7036234918564047
1955-1985,195512,198512,23907,1.6233787590709956,0.9638701324888994
1955-1985,195512,198512,23915,45.88090045837938,10.495042381377576
1955-1985,195512,198512,23923,4.171503021480937,3.124889314752653
1955-1985,195512,198512,23931,20.580815165514824,4.291544798131735
1955-1985,195512,198512,23966,0.49462195497548295,0.46189300705631176
1955-1985,195512,198512,23982,1.470913363083468,1.1430575446808033
1955-1985,195512,198512,23990,7.786443490216513,1.1544070040055132
1955-1985,195512,198512,24002,19.60410532766243,4.052058762866922
1955-1985,195512,198512,24010,8.201859942453371,1.2562657498421852
1955-1985,195512,198512,24029,3.04269316992713,-0.008744950100207654
1955-1985,195512,198512,24037,6.124085114523138,1.0311221390342569
1955-1985,195512,198512,24045,17.859938653150714,3.624394839015917
1955-1985,195512,198512,24053,24.900498055237275,5.3507168150078686
1955-1985,195512,198512,24061,3.3616184241270686,2.4079117716211527
1955-1985,195512,198512,24088,0.8965974621407744,-0.24920514054102136
1955-1985,195512,198512,24096,17.958958962898222,3.648674292824091
1955-1985,195512,198512,24109,11.989137553032258,2.184893745848719
1955-1985,195512,198512,24117,16.269437381486703,3.234409165817432
1955-1985,195512,198512,24125,-0.3926360350246257,-0.47492405608580507
1955-1985,195512,198512,24141,30.95074219503226,7.0101018786423275
1955-1985,195512,198512,24176,2.172994973870443,1.6004974097776108
1955-1985,195512,198512,24184,11.602498402608697,2.0900910996332427
1955-1985,195512,198512,24192,3.181604126534036,0.02531555893057975
1955-1985,195512,198512,24205,24.05762351360074,5.144046753563592
1955-1985,195512,198512,24213,15.535418636493596,6.136058284348289
1955-1985,195512,198512,24221,21.39086057775281,4.490165265176352
1955-1985,195512,198512,24248,20.650636250241092,4.308664698137801
1955-1985,195512,198512,24256,12.29772450822246,2.260558250872491
1955-1985,195512,198512,24264,3.8021457544030737,0.17747032221411366
1955-1985,195512,198512,24272,35.964723369764464,8.063628420033746
1955-1985,195512,198512,24280,2.1901356364902176,1.5751697306607793
1955-1985,195512,198512,24299,32.90553241281915,7.313524873408548
1955-1985,195512,198512,24301,15.002510387003454,2.9237628396312223
1955-1985,195512,198512,24328,37.83288028809147,8.521694343283194
1955-1985,195512,198512,24336,20.08063567380081,4.240825937456982
1955-1985,195512,198512,24344,2.599107617248825,0.1579361841808964
1955-1985,195512,198512,24352,15.765975624786094,3.1109620013199217
1955-1985,195512,198512,24360,4.5165662332543715,0.3526438705509371
1955-1985,195512,198512,24379,20.027518628714382,4.155878309693937
1955-1985,195512,198512,24387,1.2000603279990338,0.7921464070022546
1955-1985,195512,198512,24395,1.2362422883105437,1.011117225728944
1955-1985,195512,198512,24408,1.4352960165813209,0.9837669679142698
1955-1985,195512,198512,24416,20.481711206929248,4.267244833903975
1955-1985,195512,198512,24424,13.197551567086624,2.4811928819572002
1955-1985,195512,198512,24432,13.831834246243643,2.6367169057578295
1955-1985,195512,198512,24440,18.41455874369851,3.7603858584732004
1955-1985,195512,198512,24459,32.79332143130637,7.286011110329477
1955-1985,195512,198512,24467,18.419163090933584,3.761514829249971
1955-1985,195512,198512,24483,22.593404769962714,9.214915150807746
1955-1985,195512,198512,24491,12.18569080908796,2.2330879568486517
1955-1985,195512,198512,24504,4.656179700060482,3.3684615550899366
1955-1985,195512,198512,24512,0.49774412911840676,-0.05107464159873867
1955-1985,195512,198512,24520,0.9920729819352125,0.7795851971954553
1955-1985,195512,198512,24539,51.48023097090886,11.867979780607131
1955-1985,195512,198512,24547,-0.11361430490720194,-0.1201801248708523
1955-1985,195512,198512,24555,36.992967725467075,9.368752902673306
1955-1985,195512,198512,24563,13.21408648632478,2.485247189693547
1955-1985,195512,198512,24571,17.229317653977166,3.9851603380264082
1955-1985,195512,198512,24598,-0.5107072214640749,-0.6914577302408753
1955-1985,195512,198512,24600,0.37014950734485114,-0.6640438536427993
1955-1985,195512,198512,24619,40.82113713124283,14.187079608635592
1955-1985,195512,198512,24627,17.21872714784246,3.9822641587977277
1955-1985,195512,198512,24635,1.2451259004989956,-0.44950252393986173
1955-1985,195512,198512,24643,2.175733268942727,-0.22132066232694303
1955-1985,195512,198512,24651,2.3883006783606517,0.5261589610095045
1955-1985,195512,198512,24678,36.907118310097275,8.294700555449285
1955-1985,195512,198512,24686,12.429662114614496,9.283284133476245
1955-1985,195512,198512,24694,2.929939567312459,0.9797439925558993
1955-1985,195512,198512,24707,35.08235147117457,8.443427924096456
1955-1985,195512,198512,24715,4.583320134583779,0.3690117072904414
1955-1985,195512,198512,24723,13.728830334846519,2.6114606859459055
1955-1985,195512,198512,24731,-0.7968464446615453,-0.9501874173552552
1955-1985,195512,198512,24758,0.5396305720683601,0.3396785497218199
1955-1985,195512,198512,24766,99.17070888291416,23.561527887118984
1955-1985,195512,198512,24774,0.08036026239904222,-0.01852016839680242
1955-1985,195512,198512,24782,2.9444201153950056,2.5236819697528716
1955-1985,195512,198512,24790,5.2212225927534615,3.0272648668065845
1955-1985,195512,198512,24803,34.00955708855315,7.584228087586709
1955-1985,195512,198512,24811,5.518297060085301,0.5982649699019764
1955-1985,195512,198512,24846,8.735341252186517,6.906277138139357
1955-1985,195512,198512,24854,7.0795493134960115,2.415329993717563
1955-1985,195512,198512,24862,2.2910370498023314,1.6646463122266622
1955-1985,195512,198512,24870,15.245522360523413,2.98334857513292
1955-1985,195512,198512,24889,0.7575668555038169,0.38946288281717667
1955-1985,195512,198512,24897,2.4251994750827532,-0.1601523702450332
1955-1985,195512,198512,24918,1.3969462178095937,-0.4122766821839227
1955-1985,195512,198512,24926,12.493535292903099,2.30857041033671
1955-1985,195512,198512,24934,4.511066337585877,2.238960040510997
1955-1985,195512,198512,24942,48.736044116136924,11.195114202309881
1955-1985,195512,198512,24950,1.778289683884827,1.449281695003727
1955-1985,195512,198512,24969,10.635568507730492,1.8530030741736327
1955-1985,195512,198512,24985,14.021031983075545,2.6831075676708593
1955-1985,195512,198512,24993,-0.3691297713415867,-0.4528374715842889
1955-1985,195512,198512,25005,8.787396743176005,1.3998374448043647
1955-1985,195512,198512,25013,38.77809284516,8.753457349042007
1955-1985,195512,198512,25021,7.770287377413316,5.953955672031867
1955-1985,195512,198512,25048,0.47291994553001687,-0.3773776886403085
1955-1985,195512,198512,25056,17.26435029512965,3.478358535310849
1955-1985,195512,198512,25064,14.966505469248396,5.890536981897868
1955-1985,195512,198512,25072,9.29329555539283,1.5238821672875416
1955-1985,195512,198512,25080,-8.632050163387114e-06,-0.7548054102373681
1955-1985,195512,198512,25099,24.983070737037764,5.370963364616765
1955-1985,195512,198512,25101,7.199207297773366,5.501146614802555
1955-1985,195512,198512,25128,2.818149651740527,2.2796926495719894
1955-1985,195512,198512,25136,0.508188350140333,0.42824903829543925
1955-1985,195512,198512,25144,17.763707355200854,3.6007992417143884
1955-1985,195512,198512,25152,0.6683317519316154,0.4659439656317136
1955-1985,195512,198512,25160,9.93091994544911,1.6802255675941118
1955-1985,195512,198512,25179,0.40354558704742305,0.26224905143862215
1955-1985,195512,198512,25187,1.180424450563506,0.9478458425033973
1955-1985,195512,198512,25195,-0.24827544190544212,-0.6490205896004504
1955-1985,195512,198512,25208,21.379070351632496,4.487274340564973
1955-1985,195512,198512,25216,13.568214993173228,2.683284545443798
1955-1985,195512,198512,25224,0.6355059294957877,0.4610519636829036
1955-1985,195512,198512,25232,26.09859537170119,5.644486330847149
1955-1985,195512,198512,25240,0.5033350646600037,0.4236529940949852
1955-1985,195512,198512,25259,0.41242813455408045,0.376475418401795
1955-1985,195512,198512,25267,35.7144018751152,8.002250414026431
1955-1985,195512,198512,25283,24.79583076769139,5.325052740842911
1955-1985,195512,198512,25291,34.87342364557496,7.796045322062307
1955-1985,195512,198512,25304,55.363051420364286,12.820034566017982
1955-1985,195512,198512,25312,12.826258647305547,2.3901530809495766
1955-1985,195512,198512,25320,20.34818158038268,4.23450380927956
1955-1985,195512,198512,25339,0.11195520365762704,-0.06288052018791158
1955-1985,195512,198512,25347,0.6046155014157302,0.054012143086804396
1955-1985,195512,198512,25355,0.5567142554646018,0.5338213987665934
1955-1985,195512,198512,25363,-0.007434153579646072,-0.11625366498121303
1955-1985,195512,198512,25371,14.288279660681763,2.7486358179896753
1955-1985,195512,198512,25398,-0.2757549264985327,-0.6874433499220716
1955-1985,195512,198512,25400,0.7197484345166631,0.4772198091361078
1955-1985,195512,198512,25419,36.995122162088286,8.316278810100346
1955-1985,195512,198512,25427,3.061702257657206,2.259090434287815
1955-1985,195512,198512,25435,0.08176202485041338,0.013679100209478401
1955-1985,195512,198512,25443,12.946630127924172,2.419667771531274
1955-1985,195512,198512,25451,0.4274198015448388,0.41684632153339535
1955-1985,195512,198512,25478,90.07761026726267,21.331930056382813
1955-1985,195512,198512,25486,0.1414289384302129,-0.03804102044246214
1955-1985,195512,198512,25494,0.3622304184342307,0.32274547876947035
1955-1985,195512,198512,25507,-0.37330724773982904,-0.8463370012756396
1955-1985,195512,198512,25515,-0.8933276960725851,-0.9483034765776724
1955-1985,195512,198512,25523,8.498601023206547,1.3290256854705929
1955-1985,195512,198512,25531,1.1382618182912458,0.7106094546329973
1955-1985,195512,198512,25566,1.104934700644034,0.7146580540200631
1955-1985,195512,198512,25574,13.549475871909953,2.8265549888830934
1955-1985,195512,198512,25582,25.096820535837978,5.398854440626333
1955-1985,195512,198512,25590,24.776163445605942,5.3202303782455695
1955-1985,195512,198512,25603,9.00626374578322,4.681522635317597
1955-1985,195512,198512,25611,69.21954122081914,16.264988116678495
1955-1985,195512,198512,25638,11.514095558583968,8.554921964958702
1955-1985,195512,198512,25646,10.53799466295184,1.8290782888116186
1955-1985,195512,198512,25654,20.160408637903537,4.816399502521195
1955-1985,195512,198512,25662,6.143620754464163,0.9595602478980509
1955-1985,195512,198512,25670,0.5331294819856329,0.3515746749083859
1955-1985,195512,198512,25689,5.484487022176927,0.762517770733691
1955-1985,195512,198512,25697,16.9086524186836,4.073487154553069
1955-1985,195512,198512,25718,1.4580774630750968,-0.39728750219201464
1955-1985,195512,198512,25726,10.402696295097087,1.8113363450653366
1955-1985,195512,198512,25734,-0.021582233128309845,-0.060157844008555325
1955-1985,195512,198512,25822,1.9700315768237626,1.7542161335251496
1955-1985,195512,198512,26972,0.23255968698357976,0.12739247819658472
1955-1985,195512,198512,27561,-0.19387672633416914,-0.34334031202904985
1955-1985,195512,198512,27692,0.8234203911319398,0.5713076039336327
1955-1985,195512,198512,28281,1.532416780994585,1.2473102559819504
1955-1985,195512,198512,28513,2.7413242586519457,1.7621898107953786
1955-1985,195512,198512,53023,10.420090642778554,4.3135143962928035
1955-1985,195512,198512,75471,-0.17277853546906766,-0.2634705897199675
1955-1985,195512,198512,86239,-0.10045625454224075,-0.7794348364293874
1955-1985,195512,198512,13282,0.0,0.0
1955-1985,195512,198512,16934,0.0,0.0
1985-2015,198512,201512,10015,0.48148041859404384,0.4787745182861088
1985-2015,198512,201512,10031,-0.7600000478310144,-0.7891318748225874
1985-2015,198512,201512,10057,2.6629019841458206,1.5549150406326637
1985-2015,198512,201512,10066,-0.9987711178963947,-0.9994321242408876
1985-2015,198512,201512,10074,-0.34222069790376575,-0.5358600534595326
1985-2015,198512,201512,10082,1.4817360478247132,0.7740598432128267
1985-2015,198512,201512,10103,0.40000135089226607,0.21541022758160966
1985-2015,198512,201512,10137,4.042255029820475,1.5025473032307164
1985-2015,198512,201512,10145,20.914787139672434,9.126989681286128
1985-2015,198512,201512,10146,0.22631754897717646,0.1505279665511185
1985-2015,198512,201512,10153,-0.9090909926902991,-0.9174035369995819
1985-2015,198512,201512,10154,0.6355905737655032,0.15783710953736763
1985-2015,198512,201512,10161,0.9129982236489769,0.4350769103969333
1985-2015,198512,201512,10189,0.4865241222836155,0.4042963402385407
1985-2015,198512,201512,10218,-0.7500011135869596,-0.8338913174167457
1985-2015,198512,201512,10225,25.198486644379262,11.078586211069421
1985-2015,198512,201512,10241,0.08916851162222791,-0.010422956605905713
1985-2015,198512,201512,10285,-0.9058826288822571,-0.9254022577000052
1985-2015,198512,201512,10314,-0.8257575610109843,-0.8392852440379797
1985-2015,198512,201512,10321,0.6818205103875443,0.6153161844056105
1985-2015,198512,201512,10364,1.382011948626542,0.5478829131086893
1985-2015,198512,201512,10372,1.1766134191929774,1.0161342942185798
1985-2015,198512,201512,10401,1.0112675829084772,0.10357202214807512
1985-2015,198512,201512,10429,0.0095268340344259,-0.259454476778774
1985-2015,198512,201512,10460,2.0453029844930066,1.0738418455145569
1985-2015,198512,201512,10487,0.12455243751494685,0.12868302498056636
1985-2015,198512,201512,10488,8.518017741524638,4.206803499242463
1985-2015,198512,201512,10496,-0.5000004743172838,-0.6519111582348982
1985-2015,198512,201512,10516,14.287186274764887,6.064324954367612
1985-2015,198512,201512,10517,17.698026868196152,7.640500313682862
1985-2015,198512,201512,10559,0.5527406178358063,0.5400594331166386
1985-2015,198512,201512,10568,1.6339458592257383,0.2742906065517026
1985-2015,198512,201512,10576,-0.45714211304153274,-0.5598340723697293
1985-2015,198512,201512,10592,0.090909,0.0879229352189781
1985-2015,198512,201512,10604,4.233099481847629,2.3409916668571653
1985-2015,198512,201512,10605,-0.8925633655763678,-0.9302268321895247
1985-2015,198512,201512,10621,-0.5454543853197384,-0.571708313064202
1985-2015,198512,201512,10640,0.8279850685399528,0.7903115411417272
1985-2015,198512,201512,10656,32.54698698147783,14.502317628477027
1985-2015,198512,201512,10664,0.6410272742737539,0.17308228304853673
1985-2015,198512,201512,10699,-0.5945945260289254,-0.5979054600268743
1985-2015,198512,201512,10701,-0.9666667457938828,-0.973012409742751
1985-2015,198512,201512,10720,-0.08593756679779661,-0.19494742990329772
1985-2015,198512,201512,10731,-0.9122806310158041,-0.9440948861226086
1985-2015,198512,201512,10743,0.763866704251063,0.3351151715695372
1985-2015,198512,201512,10752,5.242785671848834,2.919221561936111
1985-2015,198512,201512,10779,-0.9952111357217598,-0.9977870294234789
1985-2015,198512,201512,10786,-0.9726905740464374,-0.9833986637557042
1985-2015,198512,201512,10787,2.2122518202163275,2.0267165857728004
1985-2015,198512,201512,10808,-0.05555317344381266,-0.2010213766053304
1985-2015,198512,201512,10823,3.7367920144125284,2.1801681030423183
1985-2015,198512,201512,10824,0.8124990681059647,0.7516016635188494
1985-2015,198512,201512,10866,3.810801775994059,1.2231080609498002
1985-2015,198512,201512,10867,3.1155264763729953,1.9362078581433968
1985-2015,198512,201512,10874,7.11965529667375,2.7521544188835825
1985-2015,198512,201512,10875,19.689614185141497,13.73208358590204
1985-2015,198512,201512,10883,-0.6363630171614288,-0.639659816643193
1985-2015,198512,201512,10890,-0.9377046958346523,-0.9712128665245852
1985-2015,198512,201512,10904,-0.5833330794831372,-0.5867359853675764
1985-2015,198512,201512,10912,-0.7096775609590587,-0.7666746868590083
1985-2015,198512,201512,10947,-0.13513238058106014,-0.27507645090114985
1985-2015,198512,201512,10989,16.7088688983224,10.14323183987702
1985-2015,198512,201512,10990,0.30255516116715,0.2379937314397337
1985-2015,198512,201512,10998,0.9024354952443157,0.3110731376431514
1985-2015,198512,201512,11010,-0.899999662774816,-0.9243072239701343
1985-2015,198512,201512,11017,-0.6487582777183817,-0.7216046392648232
1985-2015,198512,201512,11034,-0.7250003087068095,-0.7408839115659851
1985-2015,198512,201512,11041,1.1228726866542256,0.4807274068366736
1985-2015,198512,201512,11042,2.441945545689438,1.0911875939069233
1985-2015,198512,201512,11069,-0.2307679651483094,-0.2783084857571696
1985-2015,198512,201512,11077,18.236997805861865,7.810260293901216
1985-2015,198512,201512,11084,0.6115718202437253,0.5478453422903269
1985-2015,198512,201512,11093,0.1778639773417038,-0.03781365677542466
1985-2015,198512,201512,11105,0.9073061219462741,0.7894296920920845
1985-2015,198512,201512,11114,-0.6216212645464438,-0.6559334793255102
1985-2015,198512,201512,11122,-0.9904255566530489,-0.9937034497122638
1985-2015,198512,201512,11149,4.215683232876721,3.0146068827705985
1985-2015,198512,201512,11157,3.2412462245347404,0.9900328933509897
1985-2015,198512,201512,11164,0.814815757643716,0.7967333542613957
1985-2015,198512,201512,11173,1.2653561878903234,0.7461454960254765
1985-2015,198512,201512,11181,-0.8098879663320991,-0.871653827795543
1985-2015,198512,201512,11229,-0.14285756869134633,-0.27206163370601516
1985-2015,198512,201512,11237,-0.7424235807548868,-0.7911490903301865
1985-2015,198512,201512,11260,6.697729116294387,4.130254831774252
1985-2015,198512,201512,11296,1.0425465355911898,0.8557800194523453
1985-2015,198512,201512,11308,46.451421553756646,20.927662512739023
1985-2015,198512,201512,11332,1.2848343649010388,1.1253820943292205
1985-2015,198512,201512,11340,3.1147335727423533,1.5847148247168965
1985-2015,198512,201512,11341,-0.08642127407694042,-0.2657782739456583
1985-2015,198512,201512,11368,13.633659000031368,5.762325034154649
1985-2015,198512,201512,11376,-0.12468019119100447,-0.306218599689462
1985-2015,198512,201512,11404,17.29521641630697,7.4543585426586905
1985-2015,198512,201512,11448,-0.657142787417633,-0.6577690106369615
1985-2015,198512,201512,11456,-0.991634449450012,-0.995949200011015
1985-2015,198512,201512,11499,-0.4752971498894357,-0.7575308254219015
1985-2015,198512,201512,11501,-0.6950818473592391,-0.7199365203055867
1985-2015,198512,201512,11528,-0.9090910438847379,-0.9135969660574076
1985-2015,198512,201512,11536,0.25735517818644915,0.21510982295118342
1985-2015,198512,201512,11579,-0.945378068336394,-0.9482653628177458
1985-2015,198512,201512,11587,39.05725992614665,17.510764231805677
1985-2015,198512,201512,11607,-0.7442764590633628,-0.8593327477384273
1985-2015,198512,201512,11608,-0.7857146455471151,-0.8108126878699489
1985-2015,198512,201512,11624,-0.4632754823589844,-0.6902640455218425
1985-2015,198512,201512,11631,14.744113729866301,8.727708483179107
1985-2015,198512,201512,11674,29.389065178822648,13.043017964465973
1985-2015,198512,201512,11690,0.7701783769304107,0.7001801107073262
1985-2015,198512,201512,11691,13.55990794076466,5.728244109187501
1985-2015,198512,201512,11703,16.084759711352245,6.894997300288757
1985-2015,198512,201512,11704,0.0832254882087454,-0.2458818734954415
1985-2015,198512,201512,11739,-0.9988022640914647,-0.9993772830697961
1985-2015,198512,201512,11754,-0.9476109761505463,-0.9746263590221859
1985-2015,198512,201512,11762,24.187725848863078,10.639439531891924
1985-2015,198512,201512,11763,-0.8791664926954632,-0.9047106612670571
1985-2015,198512,201512,11771,-0.21428532630397162,-0.22211400511797222
1985-2015,198512,201512,11790,2.012999385264507,0.39232991357957975
1985-2015,198512,201512,11827,-0.6508919018505741,-0.7035158109733314
1985-2015,198512,201512,11835,-0.4728863448254223,-0.6214617443457202
1985-2015,198512,201512,11843,-0.6431921141205137,-0.6744649254872466
1985-2015,198512,201512,11850,29.0569623796658,12.889550737120715
1985-2015,198512,201512,11851,1.1604173060042249,0.2134306862603395
1985-2015,198512,201512,11870,-0.7686621417108095,-0.7814587043128046
1985-2015,198512,201512,11878,5.859699012648587,3.642508372027816
1985-2015,198512,201512,11915,-0.6315788016073276,-0.6329221788120413
1985-2015,198512,201512,11923,-0.3926142578137951,-0.6959064933629293
1985-2015,198512,201512,11931,2.370364904466812,1.8779756567048649
1985-2015,198512,201512,11974,0.13749950059986837,0.13542187594123795
1985-2015,198512,201512,11983,10.055009897066016,5.53141936080712
1985-2015,198512,201512,11995,6.9025886844778865,2.6518462877642315
1985-2015,198512,201512,12002,0.7679308047839564,0.0681859423045128
1985-2015,198512,201512,12003,-0.24582871537332382,-0.44825353808771257
1985-2015,198512,201512,12005,1.5690274528787373,0.5748440863692996
1985-2015,198512,201512,12008,18.070953049952767,7.812832336369665
1985-2015,198512,201512,12020,-0.9912280466966639,-0.9932433086958798
1985-2015,198512,201512,12024,-0.625807440864439,-0.7779628300026233
1985-2015,198512,201512,12036,12.951143390014767,5.446929383907032
1985-2015,198512,201512,12040,-0.9617871305108256,-0.974470252841279
1985-2015,198512,201512,12044,3.6586505290161444,2.166607604611098
1985-2015,198512,201512,12045,-0.9974999951627997,-0.9982738437858117
1985-2015,198512,201512,12046,2.543886581612778,1.4133757219331904
1985-2015,198512,201512,12052,48.84978050703288,22.03596241166341
1985-2015,198512,201512,12058,3.493787253376963,2.1977275181907676
1985-2015,198512,201512,12060,23.014730503542786,10.097389468501119
1985-2015,198512,201512,12068,4.002133805964088,1.3115240460495716
1985-2015,198512,201512,12072,3.0709148939745337,1.8054917901098193
1985-2015,198512,201512,12079,-0.9294980556333858,-0.9639670501680058
1985-2015,198512,201512,12087,0.956044428400733,0.8041827512590727
1985-2015,198512,201512,12095,1.1867806485794201,0.46097264602524857
1985-2015,198512,201512,12096,-0.8621877065718389,-0.8749968160025061
1985-2015,198512,201512,12117,-0.9630397767603693,-0.9772408315487795
1985-2015,198512,201512,12125,-0.7960778519939946,-0.8487877152167137
1985-2015,198512,201512,12140,17.87244429093898,7.988914671557328
1985-2015,198512,201512,12168,1.137369368619296e-06,-0.05775754901317303
1985-2015,198512,201512,12175,15.947604367625633,6.845083019077165
1985-2015,198512,201512,12192,-0.36274618491993477,-0.4707306839798545
1985-2015,198512,201512,12205,6.236222446234157,3.822677520569475
1985-2015,198512,201512,12213,0.4285743329753774,0.1193059110695956
1985-2015,198512,201512,12221,0.08119728529268294,-0.3812834383115701
1985-2015,198512,201512,12264,-0.166667,-0.16360608907254376
1985-2015,198512,201512,12272,-0.31999993732184323,-0.3212419465687442
1985-2015,198512,201512,12299,1.1212070006545507,0.601159704223359
1985-2015,198512,201512,12319,-0.196497970438755,-0.5049449163977227
1985-2015,198512,201512,12320,-0.8449134017819836,-0.9079752161496787
1985-2015,198512,201512,12328,-0.6224488425371095,-0.6487970935260093
1985-2015,198512,201512,12395,4.446796306623521,2.6323052856250815
1985-2015,198512,201512,12408,-0.027777598550377206,-0.1471596430301464
1985-2015,198512,201512,12416,0.6662124383190327,0.30549834772953516
1985-2015,198512,201512,12424,-0.7441864549294985,-0.8115874630983437
1985-2015,198512,201512,12431,33.99373398056344,15.170870411481147
1985-2015,198512,201512,12432,-0.8333338574599951,-0.8367687331575042
1985-2015,198512,201512,12458,0.9667193235454459,0.030994830040849245
1985-2015,198512,201512,12459,2.0933947644539663,2.0296420049714907
1985-2015,198512,201512,12490,5.557421603577,2.030234356921956
1985-2015,198512,201512,12491,4.09413695560284,2.131547633562372
1985-2015,198512,201512,12503,-0.9282744353594706,-0.9668550714926123
1985-2015,198512,201512,12504,9.470882936285246,5.47689589663825
1985-2015,198512,201512,12511,4.216522070763089,2.282474739979312
1985-2015,198512,201512,12539,10.789525896728211,6.73002507805875
1985-2015,198512,201512,12546,9.641585736874532,4.763752829734328
1985-2015,198512,201512,12570,45.35232116572693,20.41975987068574
1985-2015,198512,201512,12598,-0.5555545274445876,-0.6535100559892539
1985-2015,198512,201512,12619,-0.9196424794972353,-0.9290543054042635
1985-2015,198512,201512,12627,1.4746796276781402,0.3842501704463742
1985-2015,198512,201512,12635,7.095877780065791,6.595531685503779
1985-2015,198512,201512,12643,-0.14393950694261404,-0.14550308775185156
1985-2015,198512,201512,12650,379.22227456603764,174.70360262157462
1985-2015,198512,201512,12694,-0.42857044829872276,-0.4979320739473501
1985-2015,198512,201512,12707,-0.29032278050878074,-0.28574843379014486
1985-2015,198512,201512,12715,-0.8919455552707924,-0.904058888636049
1985-2015,198512,201512,12723,-0.9347826412801561,-0.9491565099281103
1985-2015,198512,201512,12749,-0.9121670693377442,-0.9470483214485131
1985-2015,198512,201512,12758,1.9040384882843404,0.34197825502369256
1985-2015,198512,201512,12766,-0.2727267822451052,-0.4330173844464334
1985-2015,198512,201512,12781,18.930431762884368,8.210003981326548
1985-2015,198512,201512,12811,-0.4758628719186787,-0.64461421774635
1985-2015,198512,201512,12838,-0.5,-0.4967771639042358
1985-2015,198512,201512,12846,-0.987288612735087,-0.9887136098452072
1985-2015,198512,201512,12854,-0.8690475683144339,-0.8777702751218414
1985-2015,198512,201512,12888,-0.9158511292368448,-0.9375171768042604
1985-2015,198512,201512,12897,-0.266667,-0.266667
1985-2015,198512,201512,12910,-0.4374998631747712,-0.49439749214640216
1985-2015,198512,201512,12918,3.3248292773563426,1.9397004976060224
1985-2015,198512,201512,12933,-0.04420478802269649,-0.26740240764993495
1985-2015,198512,201512,12942,-0.9933035719417131,-0.994387119733353
1985-2015,198512,201512,12969,0.5658540717391558,0.548849321638821
1985-2015,198512,201512,12976,0.09732856819507815,0.09532431510248422
1985-2015,198512,201512,13005,-0.03409098636375999,-0.030543111198889042
1985-2015,198512,201512,13012,0.28429039815828383,0.20491794436652686
1985-2015,198512,201512,13040,0.5289113548635587,0.5150499645202802
1985-2015,198512,201512,13056,1.2697142048886456,0.062003470069387535
1985-2015,198512,201512,13064,-0.7631581527408794,-0.808529482948063
1985-2015,198512,201512,13099,-0.8333329818367339,-0.8339407011372381
1985-2015,198512,201512,13100,6.7828432850060585,3.353453280712195
1985-2015,198512,201512,13101,-0.6399999210579457,-0.6590293879690945
1985-2015,198512,201512,13119,1.0666016966584064,0.13052835557939843
1985-2015,198512,201512,13120,-0.9639175703803179,-0.9702802595521383
1985-2015,198512,201512,13128,1.771930152447116,1.4237757252997585
1985-2015,198512,201512,13135,1.4230617690596579,1.197847729113862
1985-2015,198512,201512,13143,0.028985695782439272,0.033714490340263005
1985-2015,198512,201512,13144,0.9441334031618123,0.7261883100372537
1985-2015,198512,201512,13152,0.10507407858570525,-0.2754373317971341
1985-2015,198512,201512,13187,-0.9722221628708854,-0.9789450929388889
1985-2015,198512,201512,13216,4.508530581413515,2.7280643501454978
1985-2015,198512,201512,13232,1.3593787286534287,0.5987606636194696
1985-2015,198512,201512,13283,9.372721588389773,6.072604302002511
1985-2015,198512,201512,13290,-0.9541429464381648,-0.9709270536293004
1985-2015,198512,201512,13291,0.7173900288971389,0.37819919352758513
1985-2015,198512,201512,13303,0.9891125769703002,-0.0808159616833135
1985-2015,198512,201512,13304,9.42739843836281,5.062311964431151
1985-2015,198512,201512,13354,0.6454123823275004,0.23944571597791814
1985-2015,198512,201512,13363,0.26454050040894,0.25307594464820615
1985-2015,198512,201512,13390,-0.6034482901332712,-0.6923839468528497
1985-2015,198512,201512,13470,7.062398713045207,2.8952401508899825
1985-2015,198512,201512,13486,-0.3578054129994675,-0.3642040909496541
1985-2015,198512,201512,13494,0.15461101542874459,0.15250213686175063
1985-2015,198512,201512,13507,7.883267178516608,3.105025272642922
1985-2015,198512,201512,13515,4.587304159825886,3.2291713619734663
1985-2015,198512,201512,13523,-0.9482759782656786,-0.9616456202472095
1985-2015,198512,201512,13531,0.8775495119045558,0.8588420439417375
1985-2015,198512,201512,13557,0.5485587893442709,0.47180413630720625
1985-2015,198512,201512,13603,11.190601990369215,5.0896459260035485
1985-2015,198512,201512,13610,4.388428915171116,1.4900339517099765
1985-2015,198512,201512,13638,-0.9939999580629543,-0.9953816578611331
1985-2015,198512,201512,13646,0.5503187659209818,0.05906150696977104
1985-2015,198512,201512,13661,1.3432914371623537,1.294997796432304
1985-2015,198512,201512,13688,9.89434446263167,4.034359369054617
1985-2015,198512,201512,13718,-0.8181815607553735,-0.8322974227051674
1985-2015,198512,201512,13734,0.36347561527959427,0.3353753113804626
1985-2015,198512,201512,13769,-0.5135405974583518,-0.7752034131791475
1985-2015,198512,201512,13777,5.306511782394452,1.9142870217343395
1985-2015,198512,201512,13793,-0.9609375016137023,-0.9680902012434802
1985-2015,198512,201512,13821,6.818965338485215,3.222395807788703
1985-2015,198512,201512,13822,-0.7199999768839236,-0.7294075815509538
1985-2015,198512,201512,13856,47.551929687012034,21.436215684559407
1985-2015,198512,201512,13857,-0.357142167949779,-0.3787412816702995
1985-2015,198512,201512,13900,0.07142995499936294,0.03178232670863739
1985-2015,198512,201512,13901,283.26407683469444,130.3605902041308
1985-2015,198512,201512,13902,-0.5540537101754899,-0.5675072805872321
1985-2015,198512,201512,13928,28.110707892599347,12.452279347473226
1985-2015,198512,201512,13936,14.342125360097604,6.08971272321602
1985-2015,198512,201512,13945,-0.22222438699533265,-0.34556678597836665
1985-2015,198512,201512,13961,0.4319222781428707,0.22272738282043464
1985-2015,198512,201512,13980,1.7851122299201458,1.196340308299221
1985-2015,198512,201512,13988,-0.7634412239912385,-0.8272820693536567
1985-2015,198512,201512,13996,-0.9576923255730431,-0.9630061694810688
1985-2015,198512,201512,14008,628.4999453786251,289.8967087195172
1985-2015,198512,201512,14059,-0.5292720441682852,-0.7380317435213521
1985-2015,198512,201512,14083,-0.9836213368756674,-0.9867980244875402
1985-2015,198512,201512,14090,0.11131741677119737,0.11539939075382762
1985-2015,198512,201512,14091,1.5883677882151175,0.9403881978869149
1985-2015,198512,201512,14104,0.22875840489689098,0.21541442221927756
1985-2015,198512,201512,14139,-0.28571321554934637,-0.29218907034944325
1985-2015,198512,201512,14154,-0.8601692832938167,-0.9135059573515233
1985-2015,198512,201512,14171,-0.8866663855342054,-0.9112016913181983
1985-2015,198512,201512,14190,0.24999825936959252,0.23754356656790288
1985-2015,198512,201512,14197,0.599998186037439,0.5167372223234354
1985-2015,198512,201512,14198,5.412928148321344,1.9634628331530442
1985-2015,198512,201512,14218,2.8466629176658484,2.415436692939702
1985-2015,198512,201512,14219,0.7169763933295301,-0.19852094268641918
1985-2015,198512,201512,14227,4.989313783600648,1.7985772522937773
1985-2015,198512,201512,14277,13.491640611354669,5.696697257461448
1985-2015,198512,201512,14286,0.4492725802820099,-0.23989686648357073
1985-2015,198512,201512,14294,0.029158,0.02634096167883215
1985-2015,198512,201512,14306,4.320230645891355,2.6006266848044888
1985-2015,198512,201512,14307,0.4626871020386104,0.46805969010854137
1985-2015,198512,201512,14315,1.1724173820830113,0.9133377909885021
1985-2015,198512,201512,14322,5.276271228478557,2.576623802256024
1985-2015,198512,201512,14323,6.812268548233058,3.062230981550301
1985-2015,198512,201512,14331,1.5818168475407552,0.8054547756634944
1985-2015,198512,201512,14349,-0.8863637415107234,-0.8974364735517926
1985-2015,198512,201512,14366,-0.4230766029324564,-0.42830709610623297
1985-2015,198512,201512,14374,0.709675761698539,0.6804636758421796
1985-2015,198512,201512,14382,25.33371056262837,12.365503594110464
1985-2015,198512,201512,14403,1.5045061492176655,0.647066920033039
1985-2015,198512,201512,14430,-0.8915664397283367,-0.8925495182439456
1985-2015,198512,201512,14438,-0.8666667778458309,-0.8933139005750316
1985-2015,198512,201512,14461,10.058768413646625,4.332877666989817
1985-2015,198512,201512,14525,0.4385622491397105,0.4333168079395656
1985-2015,198512,201512,14526,14.974791437625552,6.382072525663138
1985-2015,198512,201512,14534,-0.9769231454679629,-0.9832182288732425
1985-2015,198512,201512,14541,28.30541183368985,12.54225351832703
1985-2015,198512,201512,14592,1.5268417008671307,1.3808948095239422
1985-2015,198512,201512,14593,314.28391436439125,144.69509286556593
1985-2015,198512,201512,14605,0.2304503917218571,0.16540925316463598
1985-2015,198512,201512,14614,-0.08035628992464343,-0.1834520104692404
1985-2015,198512,201512,14622,-0.1647515238337728,-0.35979902913766776
1985-2015,198512,201512,14649,0.8305113528451871,0.8271679531139624
1985-2015,198512,201512,14656,9.810278890511688,4.105997151049578
1985-2015,198512,201512,14657,-0.9499998882691383,-0.9540755276287127
1985-2015,198512,201512,14665,-0.9338235110105458,-0.9425489257621339
1985-2015,198512,201512,14681,-0.3777778432012516,-0.5186915659016054
1985-2015,198512,201512,14702,140.57167806959276,64.42134832684293
1985-2015,198512,201512,14729,2.5714279991860297e-07,-0.0018262273451323183
1985-2015,198512,201512,14736,9.261342770629398,5.290323975489589
1985-2015,198512,201512,14737,-0.2878791653373489,-0.4384213042667549
1985-2015,198512,201512,14752,29.321328234884895,13.011716207897358
1985-2015,198512,201512,14761,-0.7755427912775797,-0.8962766180599914
1985-2015,198512,201512,14780,-5.0000049960472255e-08,-0.0018265339269908222
1985-2015,198512,201512,14788,-0.18750088078725735,-0.22372243243048295
1985-2015,198512,201512,14795,7.066856800924105,2.7277558327491898
1985-2015,198512,201512,14809,-0.7581401074399798,-0.8213832009674985
1985-2015,198512,201512,14816,19.49815337976186,8.472352454953883
1985-2015,198512,201512,14833,0.2941186165064989,-0.0031912277367129346
1985-2015,198512,201512,14868,42.24551568686386,19.206975429531198
1985-2015,198512,201512,14883,3.908868801483787,2.2282753309397023
1985-2015,198512,201512,14891,7.031269035145021,3.492414050876926
1985-2015,198512,201512,14892,-0.5999996833332666,-0.6007302775189594
1985-2015,198512,201512,14905,0.6043947685175062,0.5409520931367604
1985-2015,198512,201512,14913,-0.8902754090161168,-0.9141524853647929
1985-2015,198512,201512,14940,0.1138682567546392,0.10477132906789509
1985-2015,198512,201512,14955,-0.9056987770649845,-0.9420296756648077
1985-2015,198512,201512,15035,8.970694341798215,5.143161733700941
1985-2015,198512,201512,15051,-0.1666684131802752,-0.21276454244255905
1985-2015,198512,201512,15069,3.8127593080358926,1.224012651382822
1985-2015,198512,201512,15070,19.053695362730988,8.26696502757214
1985-2015,198512,201512,15077,46.71977351405735,23.810069282333803
1985-2015,198512,201512,15107,-8.14479999693556e-08,-8.144799991384446e-08
1985-2015,198512,201512,15131,-0.3618810479210093,-0.5229384304908776
1985-2015,198512,201512,15166,1.590890666763071,0.7426729223212525
1985-2015,198512,201512,15202,22.889355838777107,10.03945288311314
1985-2015,198512,201512,15203,6.543689311463306,2.4859961599955116
1985-2015,198512,201512,15230,-0.6749999603498188,-0.7066680071530569
1985-2015,198512,201512,15238,8.051703474667333,4.952774908430451
1985-2015,198512,201512,15246,0.6462574668360852,0.3114864513497373
1985-2015,198512,201512,15254,-0.6833687942771006,-0.8536823135587657
1985-2015,198512,201512,15262,-0.4603183768186218,-0.6233256614704681
1985-2015,198512,201512,15318,11.209252359403257,4.641988300952449
1985-2015,198512,201512,15325,-0.9861110850711741,-0.9894285626621123
1985-2015,198512,201512,15334,6.330649243521398,4.352304357494241
1985-2015,198512,201512,15342,6.89343054608008,4.763206136850722
1985-2015,198512,201512,15368,2.7473490548278003,1.3910405819771108
1985-2015,198512,201512,15369,0.2830140700258138,0.1532355086662951
1985-2015,198512,201512,15385,0.10488634543250495,0.0038576687927913884
1985-2015,198512,201512,15414,-0.7058823097315279,-0.7327758641201663
1985-2015,198512,201512,15449,-0.8888890262849012,-0.9133778214902974
1985-2015,198512,201512,15456,7.451902559802523,2.9056884041281763
1985-2015,198512,201512,15457,85.47063087174249,38.95873566972392
1985-2015,198512,201512,15465,-0.21929440891638555,-0.46095311999090893
1985-2015,198512,201512,15472,60.75940181200759,29.853871727019193
1985-2015,198512,201512,15473,-0.05215424411273302,-0.08963496380950585
1985-2015,198512,201512,15500,0.4202895065065027,0.4151106933560682
1985-2015,198512,201512,15502,-0.960832229956486,-0.9754104694672252
1985-2015,198512,201512,15529,-0.44247239934337157,-0.5486091351720781
1985-2015,198512,201512,15537,6.896276322826563,2.6489292974736074
1985-2015,198512,201512,15553,31.92282195184857,14.213886224868588
1985-2015,198512,201512,15560,-0.9578060140587665,-0.9802667328604756
1985-2015,198512,201512,15579,36.20118556283211,16.190950563439596
1985-2015,198512,201512,15580,-0.5206088010791765,-0.7784696837879885
1985-2015,198512,201512,15617,2.1141912867616495,0.9697980766380128
1985-2015,198512,201512,15625,-0.9634183543144544,-0.9682920390687539
1985-2015,198512,201512,15659,13.725658350208946,8.191972916492512
1985-2015,198512,201512,15667,11.645854714415963,5.3999551800752235
1985-2015,198512,201512,15668,-0.7222225792352142,-0.7492892478151024
1985-2015,198512,201512,15676,0.2478294248838869,0.18186963726004182
1985-2015,198512,201512,15684,10.122431780325723,6.314571561910976
1985-2015,198512,201512,15712,0.7013557974342506,0.6828795353806656
1985-2015,198512,201512,15720,14.782654848224473,6.293284747535924
1985-2015,198512,201512,15721,4.794862685346404,1.677850085649975
1985-2015,198512,201512,15747,0.2600445097429484,-0.16175979966582898
1985-2015,198512,201512,15748,0.38667376563033756,-0.2298605559786784
1985-2015,198512,201512,15772,-0.20000072540883654,-0.2558304620186034
1985-2015,198512,201512,15801,-0.3333310891599397,-0.5002269413249754
1985-2015,198512,201512,15820,-0.9473683315331671,-0.9643136391847095
1985-2015,198512,201512,15828,1.1735312198140178,0.4494628573866545
1985-2015,198512,201512,15843,0.6666661347084757,0.6500598598155465
1985-2015,198512,201512,15895,-0.722222031746,-0.7222220317459999
1985-2015,198512,201512,15915,-0.125,-0.12739507299270073
1985-2015,198512,201512,15916,-0.9674586811613686,-0.9766309714253455
1985-2015,198512,201512,15924,-0.4883743170114924,-0.6011363256016844
1985-2015,198512,201512,15932,-0.9458331990963486,-0.9528628078123479
1985-2015,198512,201512,15966,12.248266442455705,7.603894962331616
1985-2015,198512,201512,15974,-0.9379158602835741,-0.9534262424776572
1985-2015,198512,201512,15975,1.0912000398749488,0.5752457915805089
1985-2015,198512,201512,15983,0.9999984293510702,0.9328013114772054
1985-2015,198512,201512,15991,-0.9076918042095875,-0.9515636783490538
1985-2015,198512,201512,16003,-0.9402173522281159,-0.9481820507417372
1985-2015,198512,201512,16011,-0.7614375988616855,-0.8102265615398997
1985-2015,198512,201512,16030,-0.3167952505416898,-0.6842858931791841
1985-2015,198512,201512,16046,-0.48075599139361497,-0.5796046656246081
1985-2015,198512,201512,16053,0.8279274543411714,0.6789283257099992
1985-2015,198512,201512,16054,0.016575,0.013792404197080277
1985-2015,198512,201512,16088,0.3672185605061669,0.37603120316136296
1985-2015,198512,201512,16117,5.463157034037037,3.097581576683579
1985-2015,198512,201512,16126,98.67378963645885,45.060015673882035
1985-2015,198512,201512,16134,-0.05555572051551669,-0.06496594431472842
1985-2015,198512,201512,16142,-0.47368503922448124,-0.5825382785721034
1985-2015,198512,201512,16169,0.12942554541417564,0.1253073118848621
1985-2015,198512,201512,16185,16.1003168658078,10.544562281857893
1985-2015,198512,201512,16193,1.6974458587534405,0.6973565478511905
1985-2015,198512,201512,16206,-0.34426751844652015,-0.39261389632376836
1985-2015,198512,201512,16214,-0.695652740317933,-0.705878377690098
1985-2015,198512,201512,16249,-0.999779897005189,-0.9998982887333988
1985-2015,198512,201512,16265,-0.39583300549252687,-0.5093948551287758
1985-2015,198512,201512,16273,-0.40000081420810685,-0.42372661680972
1985-2015,198512,201512,16300,-0.039682979257543875,-0.09280336761321979
1985-2015,198512,201512,16353,0.2277396449517523,0.21550673182270325
1985-2015,198512,201512,16360,1.3272939424602992,1.110981144488886
1985-2015,198512,201512,16361,1.7936536829044876,1.648277081886039
1985-2015,198512,201512,16388,1.7058870358521325,1.1875255400786822
1985-2015,198512,201512,16417,16.05134155063002,6.879554514253733
1985-2015,198512,201512,16424,38.28990327620947,20.601541388781165
1985-2015,198512,201512,16432,2.5564345044791725,0.6434554120688021
1985-2015,198512,201512,16460,26.114022973168066,16.73526457790108
1985-2015,198512,201512,16468,1.713670446264977,0.6146117570863481
1985-2015,198512,201512,16505,4.544308039839986,1.562066879841498
1985-2015,198512,201512,16513,0.7410983045802118,0.42228732952628584
1985-2015,198512,201512,16540,-0.9740503079512542,-0.979236446991743
1985-2015,198512,201512,16548,34.49946140223514,15.404570896371638
1985-2015,198512,201512,16555,15.07489099014101,6.428329289599036
1985-2015,198512,201512,16564,2.6483291103789957,1.3992922488834232
1985-2015,198512,201512,16571,-0.036059953474128596,-0.30179823005117484
1985-2015,198512,201512,16599,5.634062030354305,3.0667581599423785
1985-2015,198512,201512,16600,39.770353095003706,17.840290004371223
1985-2015,198512,201512,16636,0.8912511648506389,0.6902187434029012
1985-2015,198512,201512,16644,-0.5093985957382711,-0.7636609377898136
1985-2015,198512,201512,16651,-0.26924358460894016,-0.3096657199460433
1985-2015,198512,201512,16652,0.709300436395454,0.36170945844040076
1985-2015,198512,201512,16678,108.08909792492653,49.41090118674335
1985-2015,198512,201512,16679,-0.8883072784278743,-0.9162112939750627
1985-2015,198512,201512,16695,-0.9681398417747097,-0.9739737272494452
1985-2015,198512,201512,16707,-0.6666673407628824,-0.6968946784141682
1985-2015,198512,201512,16708,1.2682139374343202,0.5922657890916594
1985-2015,198512,201512,16715,1.524536048638478,0.4179434230019814
1985-2015,198512,201512,16716,2.0150409935599503,1.1468663231016474
1985-2015,198512,201512,16732,-0.9845546572148475,-0.9875869414234032
1985-2015,198512,201512,16767,1.3152132545148674,0.6336527354323778
1985-2015,198512,201512,16791,-0.9862856146936282,-0.9916769443976322
1985-2015,198512,201512,16847,0.748408280097788,0.4155631482569506
1985-2015,198512,201512,16855,-0.3593154749610407,-0.5626057552357389
1985-2015,198512,201512,16863,0.34266297672756735,0.21786774569562775
1985-2015,198512,201512,16870,0.6387003682595886,0.10018396959934368
1985-2015,198512,201512,16890,7.6266837304690345,3.6724307816663293
1985-2015,198512,201512,16919,-0.782424994004843,-0.7842019223659649
1985-2015,198512,201512,16935,2.461312412331118,1.8275145490866307
1985-2015,198512,201512,16970,0.28260693052651426,0.2439124889667077
1985-2015,198512,201512,16978,16.134495182978604,9.550987738025718
1985-2015,198512,201512,16986,2.6633533756419667,1.2634512377482583
1985-2015,198512,201512,16994,-0.23076803145491162,-0.3305967025320201
1985-2015,198512,201512,17005,28.907179284943002,12.820334830754769
1985-2015,198512,201512,17014,-0.6799977828537975,-0.7405323268985169
1985-2015,198512,201512,17049,-0.20754758111148322,-0.4669843114799092
1985-2015,198512,201512,17057,-0.996859183754867,-0.9980281952004995
1985-2015,198512,201512,17065,1.0992763211865602,0.6365970178722629
1985-2015,198512,201512,17073,-0.9009673437531066,-0.954236256937806
1985-2015,198512,201512,17128,0.20680078800753002,0.19694488320529058
1985-2015,198512,201512,17137,3.2923613521505954,0.9835328011417794
1985-2015,198512,201512,17144,43.28542293802791,19.464630492025986
1985-2015,198512,201512,17161,0.016949432993292407,0.015091991106546708
1985-2015,198512,201512,17180,1.3350502771372974,1.1233027894434824
1985-2015,198512,201512,17188,2.800001212491468,2.4156260898463584
1985-2015,198512,201512,17196,3.7352570495725805,2.302894674654009
1985-2015,198512,201512,17209,1.9829592019575033,0.5682416583643841
1985-2015,198512,201512,17224,0.5484616560965059,0.412745066872688
1985-2015,198512,201512,17225,-0.9900122532730502,-0.9918895934824992
1985-2015,198512,201512,17233,0.7096784332631163,0.6420725198212516
1985-2015,198512,201512,17240,0.2302221973444034,0.18469855656161438
1985-2015,198512,201512,17241,0.8249967780113241,0.8068129333028764
1985-2015,198512,201512,17277,0.41803315603804087,0.3826139514269201
1985-2015,198512,201512,17278,-0.9755154990782888,-0.9837117714501337
1985-2015,198512,201512,17284,0.0702590964323308,-0.06416544607956957
1985-2015,198512,201512,17291,0.7043307078019783,0.688878933479204
1985-2015,198512,201512,17304,0.9930219101233422,0.9731639019608804
1985-2015,198512,201512,17340,1.634920072418499,1.3781731124305678
1985-2015,198512,201512,17347,-0.03618849820125902,-0.0743005523145661
1985-2015,198512,201512,17364,1.1615521147714247,0.9037683009227768
1985-2015,198512,201512,17400,0.24794775969427965,0.23551349759587614
1985-2015,198512,201512,17420,0.8131308451854762,0.6923586795796111
1985-2015,198512,201512,17443,-0.9975000363807425,-0.9983091211411829
1985-2015,198512,201512,17444,4.615486456886394,1.5949589672875262
1985-2015,198512,201512,17478,34.706759525023834,15.50036493429911
1985-2015,198512,201512,17495,-0.9284494381097043,-0.9423268700987514
1985-2015,198512,201512,17516,-0.31818300130172317,-0.35366350426954374
1985-2015,198512,201512,17523,0.8682871688402651,-0.13665030100732986
1985-2015,198512,201512,17559,-0.15052491633725362,-0.522634310311887
1985-2015,198512,201512,17566,-0.18276815009432318,-0.46799618109177765
1985-2015,198512,201512,17590,1.0715855560085488,0.994927764508672
1985-2015,198512,201512,17604,-0.527027137839825,-0.5824237977858879
1985-2015,198512,201512,17612,0.19277028152249293,0.12972089922364402
1985-2015,198512,201512,17639,-0.9268292047741666,-0.9406708611410713
1985-2015,198512,201512,17646,0.9032275505805443,0.8842642325946861
1985-2015,198512,201512,17655,-0.84999980178565,-0.8494488368702622
1985-2015,198512,201512,17671,1.150873050235516,0.02612972445152398
1985-2015,198512,201512,17698,-0.625,-0.6236225895316805
1985-2015,198512,201512,17726,5.043256708982763,1.7926348516723989
1985-2015,198512,201512,17743,37.86730889406374,16.96087881670509
1985-2015,198512,201512,17750,39.53398224104261,17.731061236427244
1985-2015,198512,201512,17751,0.16414727482323888,0.06211433337379031
1985-2015,198512,201512,17770,7.77117976117527,4.5479742355119095
1985-2015,198512,201512,17778,79.08073197704385,36.00591482968352
1985-2015,198512,201512,17806,43.33300256547333,22.81128835580463
1985-2015,198512,201512,17807,0.33076923241648104,-0.1157867653305682
1985-2015,198512,201512,17814,-0.12499971464648993,-0.12178575583894755
1985-2015,198512,201512,17815,4.631502931114591,2.7623671783057797
1985-2015,198512,201512,17822,0.268293,0.2648213950729925
1985-2015,198512,201512,17830,34.68256196435692,15.48918305762269
1985-2015,198512,201512,17902,0.13759648677547648,-0.23624511053710273
1985-2015,198512,201512,17903,1.4712334326658447,0.7030631411751389
1985-2015,198512,201512,17911,-0.44353371886953497,-0.6268603403217179
1985-2015,198512,201512,17929,62.300252248946606,28.251527622068963
1985-2015,198512,201512,17930,1.9795571602720052,1.6455369424673427
1985-2015,198512,201512,17946,-0.8615391694632021,-0.9077209220873658
1985-2015,198512,201512,17953,0.08638962525401257,0.09138222463477587
1985-2015,198512,201512,17961,5.523484554996566,2.0145517888642828
1985-2015,198512,201512,17962,11.712769045296616,6.935497753574656
1985-2015,198512,201512,17989,-0.8633093670629969,-0.9083418025765984
1985-2015,198512,201512,18016,1.2017237192616514,0.11116529999260627
1985-2015,198512,201512,18017,4.28948503109574,3.3931665189875684
1985-2015,198512,201512,18025,-0.9107144313298436,-0.9158714426237234
1985-2015,198512,201512,18032,4.436744240047835,2.8687249051902874
1985-2015,198512,201512,18033,-0.8619514447394611,-0.9355593784727806
1985-2015,198512,201512,18067,-0.810976493538146,-0.8728598814998114
1985-2015,198512,201512,18075,0.7002664645388788,-0.21429394535842058
1985-2015,198512,201512,18091,35.57514163173067,15.901650905181938
1985-2015,198512,201512,18092,88.66963461486891,46.14233315731204
1985-2015,198512,201512,18112,-0.3905179011478139,-0.717907637890401
1985-2015,198512,201512,18121,-0.8676852903031147,-0.8970676315311775
1985-2015,198512,201512,18140,-0.36842125466806785,-0.40128745130286075
1985-2015,198512,201512,18147,3.738931661428862,2.139183215722274
1985-2015,198512,201512,18148,-0.9996748900737287,-0.9998497642323583
1985-2015,198512,201512,18156,-0.3951472455680267,-0.5916590113686553
1985-2015,198512,201512,18163,37.426191957411774,16.757035327957315
1985-2015,198512,201512,18164,-0.9796874270556329,-0.9851394630333379
1985-2015,198512,201512,18172,-0.7894733838204719,-0.7898579073203432
1985-2015,198512,201512,18198,-0.3361824767567217,-0.576443343312957
1985-2015,198512,201512,18201,-0.9137931507613236,-0.9295784108984505
1985-2015,198512,201512,18220,-0.6323519063090428,-0.6946509373828142
1985-2015,198512,201512,18236,-0.7692298029131542,-0.7996570092010148
1985-2015,198512,201512,18244,1.494285791739867,0.38529185486365647
1985-2015,198512,201512,18251,0.05303066369840421,0.05689854492410985
1985-2015,198512,201512,18252,-0.9687499894287626,-0.9719109691164781
1985-2015,198512,201512,18278,-0.927188473547431,-0.9430329288384697
1985-2015,198512,201512,18286,-0.8820051421077918,-0.9344672867499066
1985-2015,198512,201512,18287,-0.9806451395100092,-0.986778210927775
1985-2015,198512,201512,18308,-0.7142868143992808,-0.8107366594778264
1985-2015,198512,201512,18315,0.15160016059580458,-0.02350738903707214
1985-2015,198512,201512,18316,-0.6824321278884147,-0.7699790031690108
1985-2015,198512,201512,18324,-0.9285713846227457,-0.9436713732991783
1985-2015,198512,201512,18359,0.3500001846152,0.30004423064705993
1985-2015,198512,201512,18374,7.757755455383368,4.687597571440303
1985-2015,198512,201512,18375,-0.4444442777779777,-0.45589390287753584
1985-2015,198512,201512,18382,15.022337270637617,8.507282647560768
1985-2015,198512,201512,18391,0.0651825338943913,-0.151425284587049
1985-2015,198512,201512,18403,0.1367212008600078,-0.4747124944339954
1985-2015,198512,201512,18404,0.0,0.00459558823529413
1985-2015,198512,201512,18411,36.99336979148337,16.557024915798046
1985-2015,198512,201512,18438,0.22654697146789815,-0.43320332319441524
1985-2015,198512,201512,18439,-0.885057567446107,-0.9070768648066531
1985-2015,198512,201512,18446,2.3910888262615946,1.4400658901276655
1985-2015,198512,201512,18447,0.33333367619039994,0.34192790798904904
1985-2015,198512,201512,18455,4.533982599566532,2.476231598463344
1985-2015,198512,201512,18471,0.2608720038775876,0.2471792762336679
1985-2015,198512,201512,18498,-0.8260868669120611,-0.8419891484080488
1985-2015,198512,201512,18519,0.0,-0.0018264840182651706
1985-2015,198512,201512,18527,0.4790706314604097,0.42937595065095235
1985-2015,198512,201512,18542,23.854279567268147,10.485351471102044
1985-2015,198512,201512,18543,-0.7650739288111938,-0.840314554844922
1985-2015,198512,201512,18550,1.3764007041113784,1.1919037718090602
1985-2015,198512,201512,18551,5.017988843365643,3.147327746405205
1985-2015,198512,201512,18569,2.542216529359872,2.30627042407373
1985-2015,198512,201512,18570,6.324533444968123,2.384722568586901
1985-2015,198512,201512,18607,0.8086886003065978,0.5218603850154828
1985-2015,198512,201512,18623,0.878784036149274,0.4945494552482935
1985-2015,198512,201512,18649,7.264120883874705,2.818913064612634
1985-2015,198512,201512,18650,0.12657395165215451,-0.48139250687317936
1985-2015,198512,201512,18666,-0.918103569076606,-0.9358331189969393
1985-2015,198512,201512,18673,0.5601225977340345,0.5544339100485864
1985-2015,198512,201512,18681,2.957019518669097,1.385561132876628
1985-2015,198512,201512,18711,-0.9872349609322689,-0.9913662204820358
1985-2015,198512,201512,18729,63.25373600673191,28.69213971265537
1985-2015,198512,201512,18730,-0.20065630495295364,-0.24225268110457782
1985-2015,198512,201512,18738,2.356156076903456,1.298420170460827
1985-2015,198512,201512,18754,31.98295391846503,20.915117709958857
1985-2015,198512,201512,18762,-0.8125005073309286,-0.8598242506926848
1985-2015,198512,201512,18796,1.0132768445410898,0.9932170209088864
1985-2015,198512,201512,18817,-0.9999974193574023,-0.9999978566547422
1985-2015,198512,201512,18834,-0.10937645865062304,-0.32492959036416874
1985-2015,198512,201512,18842,-0.0456346589310612,-0.28110177960830446
1985-2015,198512,201512,18914,15.385133848620711,7.572978121848951
1985-2015,198512,201512,18921,4.00804971436462,2.1954456145945915
1985-2015,198512,201512,18922,-0.45833381450441063,-0.4783778495623974
1985-2015,198512,201512,18948,3.9933184291370507,2.4411708972552315
1985-2015,198512,201512,18949,0.02599728537474445,-0.07397602566920304
1985-2015,198512,201512,18957,0.560605097838226,0.5706642467193199
1985-2015,198512,201512,18973,12.139277345915406,5.071759915055719
1985-2015,198512,201512,18980,-0.9583331322201493,-0.9683736899420994
1985-2015,198512,201512,18999,0.45716554258941067,0.2630308787075544
1985-2015,198512,201512,19020,-0.46467532103002485,-0.5428829108482947
1985-2015,198512,201512,19027,0.6524585558228482,0.6242241020812698
1985-2015,198512,201512,19043,1.3448065712879376,1.2208609899633571
1985-2015,198512,201512,19051,6.916654932630775,4.206320000821572
1985-2015,198512,201512,19052,1.6333577397938357,0.907395632600839
1985-2015,198512,201512,19079,11.499988450281366,8.48783845566495
1985-2015,198512,201512,19087,-0.4761903596842829,-0.5021530983781926
1985-2015,198512,201512,19095,-0.8279572592586125,-0.8502844620777574
1985-2015,198512,201512,19131,-0.9170584573118268,-0.9370450651679352
1985-2015,198512,201512,19159,4.305111884441203,2.693304006174676
1985-2015,198512,201512,19166,24.283021425832484,10.683476342219604
1985-2015,198512,201512,19174,-0.4028257547987295,-0.5953431804060824
1985-2015,198512,201512,19175,1.2863805780066109,1.0859882902848281
1985-2015,198512,201512,19191,16.70624562136954,10.115983035127464
1985-2015,198512,201512,19238,0.09025929601531639,-0.19482877665895856
1985-2015,198512,201512,19254,3.1993021251942606,1.8089579087131757
1985-2015,198512,201512,19271,23.836370329547783,10.477075476248059
1985-2015,198512,201512,19289,8.810063360098994,4.268992261714111
1985-2015,198512,201512,19350,30.918962915974816,13.749995335444671
1985-2015,198512,201512,19370,-0.1818178623583524,-0.21829276534762188
1985-2015,198512,201512,19377,9.702079752061978,6.176302557671019
1985-2015,198512,201512,19378,-0.5697676784799254,-0.6116895727320877
1985-2015,198512,201512,19386,-0.9806657845681361,-0.9846756363545851
1985-2015,198512,201512,19393,25.218609708339354,11.115818797680987
1985-2015,198512,201512,19394,0.5682447436175171,0.10657940915038581
1985-2015,198512,201512,19502,71.25495852074557,32.389565442627536
1985-2015,198512,201512,19537,2.026139909371821,1.421354993369984
1985-2015,198512,201512,19538,-0.31927672903332194,-0.40761900066355156
1985-2015,198512,201512,19546,1.5535842832656734,0.4846104370262655
1985-2015,198512,201512,19553,5.5731059231925455,3.3834074277299875
1985-2015,198512,201512,19561,22.061875023525822,9.657067709846215
1985-2015,198512,201512,19562,1.3999987999988002,1.3782399713496711
1985-2015,198512,201512,19589,0.5661417691832329,0.12248718276542639
1985-2015,198512,201512,19596,-0.897440785818525,-0.9391437453309704
1985-2015,198512,201512,19618,0.24666538557215315,0.01838958627082464
1985-2015,198512,201512,19669,-0.34172772806595114,-0.5378987840565733
1985-2015,198512,201512,19677,-0.588234859288767,-0.7414937973593465
1985-2015,198512,201512,19692,-0.872081627187258,-0.9228820841233718
1985-2015,198512,201512,19693,-0.9523809485166802,-0.9679114529770231
1985-2015,198512,201512,19721,8.480314442264124,3.380925350552668
1985-2015,198512,201512,19722,-0.8140354521061353,-0.8926825497106683
1985-2015,198512,201512,19749,-0.9580214884229693,-0.9751044421303883
1985-2015,198512,201512,19764,-0.4675948338068465,-0.5537432157598801
1985-2015,198512,201512,19773,-0.7613635764856278,-0.7999772922536742
1985-2015,198512,201512,19802,-0.4431808154121844,-0.6538092327903962
1985-2015,198512,201512,19828,25.456545470691353,11.225770721685103
1985-2015,198512,201512,19845,10.129733335446586,5.9912635262316964
1985-2015,198512,201512,19852,5.235942617863501,2.784500433828318
1985-2015,198512,201512,19853,0.49870528330808017,0.4121421333239066
1985-2015,198512,201512,19880,8.842631063742074,3.548354614806083
1985-2015,198512,201512,19887,-0.2731971325916711,-0.318115421392873
1985-2015,198512,201512,19888,35.011026191541305,21.77780765471911
1985-2015,198512,201512,19895,3.0168740363647526,1.4846877881984586
1985-2015,198512,201512,19909,-0.9640291954140562,-0.9723126130898334
1985-2015,198512,201512,19916,4.205433963212644,2.26797204008697
1985-2015,198512,201512,19917,-0.7272725886071458,-0.7340846916571011
1985-2015,198512,201512,19933,-0.8387192382714534,-0.9020122998503051
1985-2015,198512,201512,19960,-0.5999993519177205,-0.6211432336621043
1985-2015,198512,201512,19968,5.201087121792337,2.402504128573814
1985-2015,198512,201512,19975,-0.5696568990709869,-0.7348562517951458
1985-2015,198512,201512,19976,-0.8770491212019814,-0.9021940971424787
1985-2015,198512,201512,19984,1.2599169519536497,1.0844634839538707
1985-2015,198512,201512,19992,1.6556173885807368,0.5488739624966621
1985-2015,198512,201512,20002,-0.9920576661507512,-0.9947034954867425
1985-2015,198512,201512,20037,0.9600012864209817,0.47033727251759266
1985-2015,198512,201512,20045,1.8000011339692703,1.4308190940654586
1985-2015,198512,201512,20053,6.574537935631163,2.5002515436612844
1985-2015,198512,201512,20079,1.284327963335719,0.846723715921555
1985-2015,198512,201512,20088,4.121921763908637,2.2472508630812915
1985-2015,198512,201512,20096,1.9046607038711976,1.2468465317276847
1985-2015,198512,201512,20109,1.2000013102226204,0.9955198606417626
1985-2015,198512,201512,20117,14.01870833922723,5.940259260025519
1985-2015,198512,201512,20124,7.01178453655827,3.782567175564272
1985-2015,198512,201512,20125,14.410162740471119,7.012991377419096
1985-2015,198512,201512,20141,0.0,-0.0027372262773722733
1985-2015,198512,201512,20183,0.007959479571763906,-0.32823188343174525
1985-2015,198512,201512,20204,23.32061868605433,10.238742722273487
1985-2015,198512,201512,20205,-0.9166665047712529,-0.9277688261022835
1985-2015,198512,201512,20213,0.2875458397363393,0.2770304925878572
1985-2015,198512,201512,20220,4.163226649556783,1.6037559704742357
1985-2015,198512,201512,20240,-0.9493210832091356,-0.9662243560656006
1985-2015,198512,201512,20248,-0.6977674275908561,-0.8542541741222587
1985-2015,198512,201512,20264,1.1207026784824992,0.5514913169888696
1985-2015,198512,201512,20272,1.7140000478184665,1.3617850734598602
1985-2015,198512,201512,20299,40.61906324751839,21.146853032880998
1985-2015,198512,201512,20320,-0.990259742741067,-0.992826077369263
1985-2015,198512,201512,20328,-0.44736795473338736,-0.5816988743238176
1985-2015,198512,201512,20336,0.00856770143525201,-0.5339332004360091
1985-2015,198512,201512,20343,6.324585318590317,5.871907084308337
1985-2015,198512,201512,20394,-0.15883953897025166,-0.4296598114730053
1985-2015,198512,201512,20395,161.6630869351297,74.16784865028929
1985-2015,198512,201512,20415,35.7930022379889,16.00232594699157
1985-2015,198512,201512,20458,-0.9285713106191855,-0.9513572850509469
1985-2015,198512,201512,20459,0.4940489579547537,-0.14458066472260564
1985-2015,198512,201512,20467,0.6666689404984134,0.5142719467703789
1985-2015,198512,201512,20474,0.03806176675702205,0.042832271199839254
1985-2015,198512,201512,20482,45.476785029595845,20.477275568057614
1985-2015,198512,201512,20483,0.2941170656003626,0.21937064888034097
1985-2015,198512,201512,20504,-0.9829908609821714,-0.992045172396853
1985-2015,198512,201512,20512,70.47430598626792,32.02881997378322
1985-2015,198512,201512,20539,21.13328382066458,10.161561133327995
1985-2015,198512,201512,20547,1.874982012858248,0.8615849170936427
1985-2015,198512,201512,20555,-0.16922916135862867,-0.17750676935233842
1985-2015,198512,201512,20562,2.418553709648141,1.4761293602686636
1985-2015,198512,201512,20570,0.1274795041600977,0.13266093570495094
1985-2015,198512,201512,20571,2.9858370119140396,1.1407959970624297
1985-2015,198512,201512,20589,0.7307169817281975,0.6725673395481164
1985-2015,198512,201512,20598,37.34106733965934,16.71769859517921
1985-2015,198512,201512,20618,8.514062812433089,3.396520728882508
1985-2015,198512,201512,20626,16.402787566988014,7.041960389268764
1985-2015,198512,201512,20643,0.08510665155200006,0.08510665155200002
1985-2015,198512,201512,20651,-0.9509802852271898,-0.9604877962782584
1985-2015,198512,201512,20670,23.682554486392448,10.405996006184083
1985-2015,198512,201512,20677,1.5962311371149185,1.480490063694584
1985-2015,198512,201512,20678,2.4556785601200595,1.0505193627639677
1985-2015,198512,201512,20693,-0.992187531841913,-0.9950469676932778
1985-2015,198512,201512,20694,15.825565238667036,7.491521475836352
1985-2015,198512,201512,20723,-0.8399978087303477,-0.9011405341674787
1985-2015,198512,201512,20730,2.995820289590703,1.8415299782190226
1985-2015,198512,201512,20750,14.82310539189768,6.311977251176048
1985-2015,198512,201512,20765,1.318235075600941,0.0712740461396597
1985-2015,198512,201512,20774,-0.5769222781227918,-0.6152878951649016
1985-2015,198512,201512,20782,0.5262014517816846,0.45816275069701035
1985-2015,198512,201512,20803,2.6666757948302733,1.4861517641125888
1985-2015,198512,201512,20811,-0.23118358001062048,-0.2755893559927658
1985-2015,198512,201512,20853,4.3703482274097425,2.3792692069999184
1985-2015,198512,201512,20854,-0.8947753472828872,-0.910775372056009
1985-2015,198512,201512,20862,-0.4,-0.39613259668508294
1985-2015,198512,201512,20889,-0.8076923610043455,-0.8109781929656023
1985-2015,198512,201512,20897,0.8124971007790911,0.23584487283315522
1985-2015,198512,201512,20909,0.6556061257161947,0.642084841567877
1985-2015,198512,201512,20910,-0.4999999499999999,-0.5049818345561597
1985-2015,198512,201512,20917,-0.03913813549252687,-0.428606083837504
1985-2015,198512,201512,20918,-0.8508771579379246,-0.8894974465262044
1985-2015,198512,201512,20942,-0.6439393928810138,-0.6838552042396004
1985-2015,198512,201512,20968,-0.9934210435288442,-0.9953427464877116
1985-2015,198512,201512,20969,0.6666664089453622,0.6605892296967009
1985-2015,198512,201512,20976,0.6246379893203169,0.6099087237779739
1985-2015,198512,201512,20984,-0.9274193917636052,-0.9419248866746855
1985-2015,198512,201512,21004,8.069971313036454,4.750277636397248
1985-2015,198512,201512,21020,-0.9553368668931039,-0.9793608267684865
1985-2015,198512,201512,21039,-0.9908988757999544,-0.9939528700603952
1985-2015,198512,201512,21055,16.979022907987336,7.308243119513868
1985-2015,198512,201512,21119,0.6005180859081507,0.5522327133075497
1985-2015,198512,201512,21135,3.1431748697995534,0.914592593886868
1985-2015,198512,201512,21143,0.22160399506228368,-0.22551440452257707
1985-2015,198512,201512,21152,13.081423722799885,5.507132915768013
1985-2015,198512,201512,21178,32.070328724774726,14.282050225633137
1985-2015,198512,201512,21179,0.606818563057482,0.4598941724204734
1985-2015,198512,201512,21186,7.445329913891493,2.9026511345030745
1985-2015,198512,201512,21207,1.1890791640817735,0.011590117890868992
1985-2015,198512,201512,21231,25.187445380510297,11.10141752495412
1985-2015,198512,201512,21258,1.8990145675322374,1.4299255539208109
1985-2015,198512,201512,21274,2.0398313387302403,1.2571573731196684
1985-2015,198512,201512,21275,-0.9845098995040724,-0.987346278144956
1985-2015,198512,201512,21282,5.309639951584359,2.885316319482646
1985-2015,198512,201512,21283,-0.9569522935939204,-0.962359085518524
1985-2015,198512,201512,21290,15.20662275194448,9.340828177393647
1985-2015,198512,201512,21291,38.80141976333179,23.619667120159413
1985-2015,198512,201512,21304,0.6473245742720597,0.1468316940632876
1985-2015,198512,201512,21338,-0.9362525504101687,-0.9610313409386546
1985-2015,198512,201512,21355,-0.8048778937229801,-0.8125936184878888
1985-2015,198512,201512,21363,0.6571434623791563,0.6406320691851606
1985-2015,198512,201512,21370,7.826605346626515,4.487758614256414
1985-2015,198512,201512,21371,87.17778610625862,39.74762507732402
1985-2015,198512,201512,21397,2.566042465271744,1.2727022825317897
1985-2015,198512,201512,21398,-0.9818547675290213,-0.9842096026347296
1985-2015,198512,201512,21450,0.607081573658637,0.5530859062854911
1985-2015,198512,201512,21485,1.6443078666118942,1.3289512475477863
1985-2015,198512,201512,21486,1.473958385649313,1.0089424335176065
1985-2015,198512,201512,21514,3.3009564552805006,1.7998483654684874
1985-2015,198512,201512,21522,0.7321191548873935,0.7148607212789135
1985-2015,198512,201512,21550,0.074324637872,0.07432463787200014
1985-2015,198512,201512,21557,0.47634410581302367,0.4267410324081648
1985-2015,198512,201512,21558,0.6931227796370079,0.46755210003429704
1985-2015,198512,201512,21566,-0.166667,-0.16129560865561698
1985-2015,198512,201512,21573,5.990329222796655,2.2302842576965314
1985-2015,198512,201512,21582,-0.9963533775253285,-0.9972922837195544
1985-2015,198512,201512,21638,1.0931293375897053,0.5987354059996857
1985-2015,198512,201512,21653,0.29206579744864963,0.26543720126467135
1985-2015,198512,201512,21689,0.13962759444026826,0.051150177825497085
1985-2015,198512,201512,21726,30.888297345373164,13.973346994064112
1985-2015,198512,201512,21742,64.54652024194654,29.289545132416293
1985-2015,198512,201512,21776,14.593822196824211,6.206023744267553
1985-2015,198512,201512,21785,-0.2553758168341701,-0.6559035060986138
1985-2015,198512,201512,21792,8.974418197614273,3.609254450900483
1985-2015,198512,201512,21806,39.64478877322493,26.835058978154702
1985-2015,198512,201512,21821,3.590101521223173,1.9809750223986518
1985-2015,198512,201512,21872,-0.9223913498146902,-0.9417801958458863
1985-2015,198512,201512,21873,0.17948822946698287,-0.10721562686467395
1985-2015,198512,201512,21900,2.777794766807032,2.0450808850443143
1985-2015,198512,201512,21902,-0.18420833609580856,-0.2588027525791507
1985-2015,198512,201512,21928,13.680908125288127,5.784159214011166
1985-2015,198512,201512,21929,-0.9615385066262804,-0.9714800459582934
1985-2015,198512,201512,21936,34.96179179400402,15.618217283943093
1985-2015,198512,201512,21937,-0.595237809659116,-0.5996334171560307
1985-2015,198512,201512,21945,-0.9404476886012164,-0.9541614955219222
1985-2015,198512,201512,21960,-0.8929470895778723,-0.9465183167378701
1985-2015,198512,201512,21979,15.179280874052466,6.681294927630115
1985-2015,198512,201512,21980,3.8058505750900817,2.620120384957585
1985-2015,198512,201512,21996,0.3725858316506996,0.3576799221667095
1985-2015,198512,201512,22008,0.91076340586062,0.7360468849589847
1985-2015,198512,201512,22016,4.385052666395113,2.5055762741928933
1985-2015,198512,201512,22023,-0.9076569051454868,-0.9411481033959282
1985-2015,198512,201512,22024,1.043836801728724,0.9257876071461155
1985-2015,198512,201512,22032,29.16566224297522,14.859099967086086
1985-2015,198512,201512,22059,-0.9201434349171898,-0.9400938739632728
1985-2015,198512,201512,22066,0.56088718703179,-0.07027264554455138
1985-2015,198512,201512,22074,6.969251573036751,4.443994980830736
1985-2015,198512,201512,22075,8.974674292606482,5.750661920630884
1985-2015,198512,201512,22082,3.3240818015726017,1.9520433536032775
1985-2015,198512,201512,22083,1.7388096477258812,0.9996786539508271
1985-2015,198512,201512,22103,15.249578264101618,6.509053606453057
1985-2015,198512,201512,22111,59.67942383428342,27.040422894354393
1985-2015,198512,201512,22138,-0.15771610035780154,-0.26993156042115524
1985-2015,198512,201512,22155,2.8201623625129435,2.2443181524682587
1985-2015,198512,201512,22163,1.4685838180828465,0.5175264978428289
1985-2015,198512,201512,22170,2.0300802586612257,1.7553059257210641
1985-2015,198512,201512,22171,1.1527400888409094,0.5749296633889651
1985-2015,198512,201512,22198,-0.049686422440765515,-0.4895858770160955
1985-2015,198512,201512,22218,0.18610677168582615,0.1753533104738057
1985-2015,198512,201512,22234,2.6562875188954203,2.2124776994796562
1985-2015,198512,201512,22235,0.6899187318636462,0.5923113568335909
1985-2015,198512,201512,22250,-0.9697778742397577,-0.9847475061730018
1985-2015,198512,201512,22269,0.8363630020889619,0.8180659069594516
1985-2015,198512,201512,22270,-0.5217380519741386,-0.612210453121464
1985-2015,198512,201512,22277,0.1846827109091263,0.1750074437601402
1985-2015,198512,201512,22293,5.672922795194608,2.0836083353335613
1985-2015,198512,201512,22307,-0.33333368333330005,-0.3302699594515596
1985-2015,198512,201512,22315,1.019134073783234,0.8545491955000619
1985-2015,198512,201512,22322,1.1141150112152522,0.9732943699899836
1985-2015,198512,201512,22323,-0.7115398889211109,-0.8667003904833627
1985-2015,198512,201512,22373,7.320881906539482,4.586439756663183
1985-2015,198512,201512,22374,4.248310600950328,1.4798884158270726
1985-2015,198512,201512,22382,-0.5312639188875805,-0.7116890620957366
1985-2015,198512,201512,22403,-0.9261364091288856,-0.9378499577966681
1985-2015,198512,201512,22430,7.273244347427751,4.193943751716557
1985-2015,198512,201512,22437,10.613372229428808,4.449104229223941
1985-2015,198512,201512,22438,2.02772187109677e-06,-0.055313555488327795
1985-2015,198512,201512,22461,0.6612477172179472,0.5505924465578274
1985-2015,198512,201512,22496,5.625821030364078,3.1596912040137486
1985-2015,198512,201512,22497,-0.33018716664805936,-0.4687188484371043
1985-2015,198512,201512,22509,36.22832467017151,16.203491751188075
1985-2015,198512,201512,22510,-0.5500004970752905,-0.5737872992229575
1985-2015,198512,201512,22517,24.30274304759406,10.69258985351245
1985-2015,198512,201512,22518,-0.9827842367947606,-0.9914112133211037
1985-2015,198512,201512,22534,-0.13333119819030886,-0.3498496908867594
1985-2015,198512,201512,22541,9.58392896951447,5.509979945795903
1985-2015,198512,201512,22568,-0.24292093482335678,-0.31157452725618073
1985-2015,198512,201512,22569,1.4817180689781755,0.42240055028481555
1985-2015,198512,201512,22584,-0.6562498982612937,-0.6863782460764557
1985-2015,198512,201512,22585,-0.7368427003644027,-0.8163276318635326
1985-2015,198512,201512,22592,30.540931940137483,13.575304348618648
1985-2015,198512,201512,22593,-0.9548822537137319,-0.9661771627634492
1985-2015,198512,201512,22605,0.1111111111111,0.11827296910168739
1985-2015,198512,201512,22613,3.9420768362018697,2.125977998824447
1985-2015,198512,201512,22622,-0.6874999970602751,-0.702989127640766
1985-2015,198512,201512,22664,-0.6149594200566879,-0.7709039989776592
1985-2015,198512,201512,22673,-0.9633846311576069,-0.9774531841438109
1985-2015,198512,201512,22680,-0.9794406026206608,-0.9895384444433809
1985-2015,198512,201512,22681,-0.8739585529708098,-0.9107750637286884
1985-2015,198512,201512,22699,1.6631501215515794,1.5444257717271621
1985-2015,198512,201512,22702,-0.9765624939928444,-0.9772695704828563
1985-2015,198512,201512,22737,-0.8157901488926524,-0.8364408064497717
1985-2015,198512,201512,22752,34.574400837441075,15.439200978891506
1985-2015,198512,201512,22753,0.36154152001143997,-0.3524509360257143
1985-2015,198512,201512,22760,1.3760995055336593,1.0843312676952568
1985-2015,198512,201512,22779,7.173578112148112,2.7770725617071688
1985-2015,198512,201512,22787,-0.5217413062265237,-0.6670466545895476
1985-2015,198512,201512,22809,0.2706694861869609,-0.09580615338388815
1985-2015,198512,201512,22825,12.303181135627465,5.147501101888098
1985-2015,198512,201512,22840,34.460865722237415,15.26809075945664
1985-2015,198512,201512,22859,20.136984490255305,9.203436981485394
1985-2015,198512,201512,22867,0.11449616850487324,-0.22559166422388685
1985-2015,198512,201512,22891,2.3847163743010253,1.2668474247003818
1985-2015,198512,201512,22892,1.5619338965057366,1.391284157882808
1985-2015,198512,201512,22905,82.56651435015124,41.141634570623594
1985-2015,198512,201512,22913,-0.9581820029941985,-0.9787211030133421
1985-2015,198512,201512,22920,0.6410619709539407,0.5265367951086428
1985-2015,198512,201512,22921,0.5465036195409723,-0.2853489245710662
1985-2015,198512,201512,22940,-0.8194445332898465,-0.8261258809566538
1985-2015,198512,201512,22947,10.546796545464598,5.316640953049446
1985-2015,198512,201512,22956,-0.7111683862485467,-0.8075042964449154
1985-2015,198512,201512,22964,0.8400957516558663,0.7845826588818636
1985-2015,198512,201512,22998,0.362694,0.35896399817518265
1985-2015,198512,201512,23019,-0.968031644875741,-0.9769211280377708
1985-2015,198512,201512,23026,10.692554737176518,4.403218403016141
1985-2015,198512,201512,23027,-0.9382022741076793,-0.9537996481530051
1985-2015,198512,201512,23034,-0.967683019563783,-0.9794038136345276
1985-2015,198512,201512,23035,4.723684763804415,2.6203631058091563
1985-2015,198512,201512,23042,13.219713715272603,5.571037772240967
1985-2015,198512,201512,23051,0.47826187906870643,0.1251672937479773
1985-2015,198512,201512,23077,17.158536242477137,7.520157167154261
1985-2015,198512,201512,23085,20.541815255014637,8.954636538941342
1985-2015,198512,201512,23106,0.40589558597013203,0.3586594831700738
1985-2015,198512,201512,23107,1.7894719218892012,1.4767610159422397
1985-2015,198512,201512,23114,18.02565839174385,8.06189029980044
1985-2015,198512,201512,23115,4.530211167980502,2.5061025560340484
1985-2015,198512,201512,23131,-0.9702702488998091,-0.9770031012367242
1985-2015,198512,201512,23182,36.589951920503616,16.37060245179597
1985-2015,198512,201512,23203,-0.21052586842100002,-0.20543717696515015
1985-2015,198512,201512,23210,0.15706717206394444,0.16238457634732614
1985-2015,198512,201512,23229,9.639241698004582,3.916474442836482
1985-2015,198512,201512,23230,-0.24999985000000002,-0.2561250780852997
1985-2015,198512,201512,23238,0.08108249153951011,0.01426880965895629
1985-2015,198512,201512,23245,0.32031843947434396,0.2323723777501777
1985-2015,198512,201512,23246,2.441838682853631,2.1219333446962794
1985-2015,198512,201512,23253,1.655217284407196,1.225577064307565
1985-2015,198512,201512,23254,0.6326260063443445,0.5058736075395527
1985-2015,198512,201512,23288,1.5999962533020664,1.3880637855959317
1985-2015,198512,201512,23297,50.509964501055855,22.80314605206811
1985-2015,198512,201512,23309,10.879909501782377,5.227693566162179
1985-2015,198512,201512,23317,-0.8218975213943336,-0.8898324792778758
1985-2015,198512,201512,23318,15.87688359690296,8.232449335042517
1985-2015,198512,201512,23326,16.456693199290793,8.085793174678509
1985-2015,198512,201512,23341,3.505101578551834,2.2936963380315447
1985-2015,198512,201512,23377,-0.9288234168255008,-0.9397863735218827
1985-2015,198512,201512,23393,61.15060367744135,27.720266280284708
1985-2015,198512,201512,23405,0.6251070730471648,0.21827299783302448
1985-2015,198512,201512,23421,1.3579515885027007,1.1933966691348528
1985-2015,198512,201512,23422,-0.4000000918978656,-0.418101242630317
1985-2015,198512,201512,23457,-0.6249997428571,-0.6283995638647422
1985-2015,198512,201512,23465,-0.14798745935778787,-0.28585145174697973
1985-2015,198512,201512,23472,-0.9978971246343727,-0.9989168149870021
1985-2015,198512,201512,23473,27.54792844748901,12.192214688978158
1985-2015,198512,201512,23481,-0.9888739093458787,-0.9923994893219035
1985-2015,198512,201512,23499,4.552283276995289,2.573996243672465
1985-2015,198512,201512,23501,7.921426921488038,3.1226591798695305
1985-2015,198512,201512,23529,-0.5323738750192293,-0.6028629723356778
1985-2015,198512,201512,23536,27.063499311404076,11.968356303716147
1985-2015,198512,201512,23537,-0.9906254386192925,-0.9953417852061641
1985-2015,198512,201512,23544,9.463520401249484,5.322071751556481
1985-2015,198512,201512,23545,-0.7931036515104067,-0.8433949384355086
1985-2015,198512,201512,23552,-0.15791017681717126,-0.5439027865516182
1985-2015,198512,201512,23579,11.94866164695375,4.983674951958751
1985-2015,198512,201512,23588,1.7272761244710146,0.8187387456051378
1985-2015,198512,201512,23595,0.4822065875363228,0.47949936089242
1985-2015,198512,201512,23596,-0.8913044414037565,-0.9267544725365634
1985-2015,198512,201512,23609,-0.15294121753486997,-0.3470837452507847
1985-2015,198512,201512,23624,1.184163255860537,1.1663252619379008
1985-2015,198512,201512,23660,49.54658351300249,22.35796037615969
1985-2015,198512,201512,23683,0.8415863835452915,0.6351372195085319
1985-2015,198512,201512,23692,0.04096717678085339,0.045751033291794405
1985-2015,198512,201512,23705,0.25750101103478185,0.04441383363299127
1985-2015,198512,201512,23712,20.21136945857384,8.801935025143706
1985-2015,198512,201512,23713,2.5734052196702883,1.4626304571876592
1985-2015,198512,201512,23720,2.8797324391736363,1.5121727227587631
1985-2015,198512,201512,23721,0.074767139075615,0.07970632629563157
1985-2015,198512,201512,23756,0.587346019751769,0.5546318992730137
1985-2015,198512,201512,23799,48.20806990481447,21.73942306562187
1985-2015,198512,201512,23819,8.330158768295904,3.3115372724859613
1985-2015,198512,201512,23827,5.173433723337774,2.875682400693962
1985-2015,198512,201512,23828,0.3057199666457915,0.30095890933805763
1985-2015,198512,201512,23835,15.884997068991549,6.802685465133812
1985-2015,198512,201512,23836,12.481318622787379,8.599401468864226
1985-2015,198512,201512,23851,3.0872618716056524,1.6048846796880363
1985-2015,198512,201512,23879,1.3138367360763787,0.5757156090538833
1985-2015,198512,201512,23887,3.3730853707319532,1.0208359836000516
1985-2015,198512,201512,23908,-0.9916393911419302,-0.9929106706890067
1985-2015,198512,201512,23915,7.075276807306711,3.466739651005189
1985-2015,198512,201512,23916,16.1336588027051,6.873884354626539
1985-2015,198512,201512,23924,-0.9886786539556739,-0.9909146613609042
1985-2015,198512,201512,23931,12.366387409667496,5.176709201465628
1985-2015,198512,201512,23967,1.2068955724378498,0.912876178171744
1985-2015,198512,201512,23975,23.607797818203377,10.371450381691705
1985-2015,198512,201512,23990,15.81131716969854,7.6384542574505385
1985-2015,198512,201512,23991,-0.9310345332478394,-0.93775453744004
1985-2015,198512,201512,24002,3.2781701786973487,1.596357582074516
1985-2015,198512,201512,24003,-0.7485935896416593,-0.7929259935782468
1985-2015,198512,201512,24010,21.022677294212254,9.176846541623082
1985-2015,198512,201512,24011,2.090907325317657,1.9531133798708011
1985-2015,198512,201512,24029,-0.8656034432734018,-0.9143466842552933
1985-2015,198512,201512,24038,-0.8412700728188947,-0.873548243142166
1985-2015,198512,201512,24045,0.6503301749559951,0.5404021188957324
1985-2015,198512,201512,24046,89.18182683726417,44.04969686157675
1985-2015,198512,201512,24053,11.764346600818206,4.898501568415301
1985-2015,198512,201512,24089,-0.9603175349877566,-0.9673150457736382
1985-2015,198512,201512,24096,6.6143971663451415,2.7987530480337646
1985-2015,198512,201512,24097,33.39478781648255,15.822843231177494
1985-2015,198512,201512,24109,13.637976724029292,5.764320287227143
1985-2015,198512,201512,24110,0.39999683064327457,0.21540630333049887
1985-2015,198512,201512,24117,4.867028914357244,2.8193344868329246
1985-2015,198512,201512,24118,-0.7777775833333125,-0.7781834690258544
1985-2015,198512,201512,24126,-0.9166665689789625,-0.9418740012086828
1985-2015,198512,201512,24142,-0.11111170634912106,-0.11273524661149732
1985-2015,198512,201512,24177,-0.11702701663111134,-0.2316166633581242
1985-2015,198512,201512,24184,0.6691969058571994,0.030170648278892966
1985-2015,198512,201512,24185,0.5352861729701806,0.5036449704806509
1985-2015,198512,201512,24192,3.1946535718206253,2.0687793534136203
1985-2015,198512,201512,24193,-0.1698548705229795,-0.6198058165719478
1985-2015,198512,201512,24205,28.40904812419429,12.590144635765474
1985-2015,198512,201512,24221,6.394495043298616,2.5500643856601197
1985-2015,198512,201512,24248,21.294625276081895,9.302515770746215
1985-2015,198512,201512,24249,0.1876413886680584,0.15797684015538574
1985-2015,198512,201512,24256,-0.8808540298158539,-0.928876818453702
1985-2015,198512,201512,24264,13.341376956160572,6.503650078067731
1985-2015,198512,201512,24265,-0.9416724953280222,-0.9567490077296665
1985-2015,198512,201512,24272,16.179773821661957,6.938904042733974
1985-2015,198512,201512,24273,-0.9826388512536508,-0.9843949542929608
1985-2015,198512,201512,24281,0.6814165180799652,0.6306905539142875
1985-2015,198512,201512,24299,4.643885206493679,2.603251478211209
1985-2015,198512,201512,24300,-0.8930427942661299,-0.9163176622282604
1985-2015,198512,201512,24301,2.6431473784675465,1.4595182734187921
1985-2015,198512,201512,24302,1.1122454329386606,0.7869073205897477
1985-2015,198512,201512,24328,26.01207442882061,11.482484875045316
1985-2015,198512,201512,24352,0.839593287439865,0.5061239424507666
1985-2015,198512,201512,24360,13.654870767428136,6.689761761305302
1985-2015,198512,201512,24379,4.7562728070383,2.4972796987731245
1985-2015,198512,201512,24388,0.2618882019030417,0.21519277945376597
1985-2015,198512,201512,24409,0.07438235888333558,-0.053747044110003805
1985-2015,198512,201512,24416,1.487131791919858,0.782580359716986
1985-2015,198512,201512,24417,-0.9322917540752464,-0.9503321390632513
1985-2015,198512,201512,24424,0.5848057537520104,0.4375043061003718
1985-2015,198512,201512,24432,13.733938779411055,5.808665082294184
1985-2015,198512,201512,24440,19.27865451737309,8.37092036253623
1985-2015,198512,201512,24441,-0.9795321820804342,-0.9905416657917407
1985-2015,198512,201512,24459,8.760554320138892,3.510426327835032
1985-2015,198512,201512,24467,6.220940755709555,3.5359127850520427
1985-2015,198512,201512,24468,-0.8109750098513788,-0.822657241002195
1985-2015,198512,201512,24476,5.90016433265065,2.1886183767412155
1985-2015,198512,201512,24491,0.17968614054569973,0.18510749229453122
1985-2015,198512,201512,24521,-0.6916664399898281,-0.7381440706362721
1985-2015,198512,201512,24539,8.728746870186074,4.990715678373744
1985-2015,198512,201512,24540,14.035510674916548,9.239135930021053
1985-2015,198512,201512,24548,-0.994763205169502,-0.9973463131628127
1985-2015,198512,201512,24556,1.7174744740543981,0.777498264596926
1985-2015,198512,201512,24563,16.68201207441398,8.269275394405032
1985-2015,198512,201512,24572,1.6302862676623002,0.4773396148791839
1985-2015,198512,201512,24600,-0.9276315547496299,-0.9458969147341624
1985-2015,198512,201512,24601,1.2017026955772758,0.9548830595174354
1985-2015,198512,201512,24620,0.15189971021764206,0.15719336697415687
1985-2015,198512,201512,24628,-0.6961943634084795,-0.8458054242633969
1985-2015,198512,201512,24635,0.10294145380168244,0.006272962441768166
1985-2015,198512,201512,24643,2.8654913551533405,0.7862729314798012
1985-2015,198512,201512,24678,43.076330891972596,27.090629542230936
1985-2015,198512,201512,24679,6.966422179033831,4.2108315031023125
1985-2015,198512,201512,24687,3.0511603527697115,2.0942825056445122
1985-2015,198512,201512,24715,-0.395176361784776,-0.5656555607298032
1985-2015,198512,201512,24716,0.4761903241092784,0.4393184872894204
1985-2015,198512,201512,24723,3.085536028631168,1.7530769909333297
1985-2015,198512,201512,24724,-0.49999979999999994,-0.5049816860507248
1985-2015,198512,201512,24731,-0.9772725657102195,-0.9826407507486162
1985-2015,198512,201512,24766,22.1309094166334,9.688969027536332
1985-2015,198512,201512,24767,1.420098162158943,0.8343739883770633
1985-2015,198512,201512,24775,-0.8750002862277374,-0.8896408019765082
1985-2015,198512,201512,24803,-0.33206520910504134,-0.6171721413486156
1985-2015,198512,201512,24811,-0.81319578039228,-0.8873816811741655
1985-2015,198512,201512,24812,2.320008789311941,2.0988638827651167
1985-2015,198512,201512,24839,0.7959217637168405,0.5753952550100381
1985-2015,198512,201512,24870,4.114900813918523,2.465955728216338
1985-2015,198512,201512,24871,-0.444444063492,-0.44086313204121197
1985-2015,198512,201512,24890,0.8636157062302359,0.8433773456195903
1985-2015,198512,201512,24897,0.7639932342096916,0.5498750843980664
1985-2015,198512,201512,24898,0.23332968513230418,-0.023874478023455832
1985-2015,198512,201512,24918,-0.7010904090527661,-0.8161462110831026
1985-2015,198512,201512,24919,-0.8636360371265459,-0.9034677387171727
1985-2015,198512,201512,24926,0.8254210414038563,0.8088714399405394
1985-2015,198512,201512,24935,36.62278597250683,23.433574015418884
1985-2015,198512,201512,24942,18.900408256189717,8.196129890715723
1985-2015,198512,201512,24951,-0.9299313239002873,-0.9650582113354901
1985-2015,198512,201512,24969,13.115668328517327,5.522957608316005
1985-2015,198512,201512,24985,11.70654620308852,4.871791565363388
1985-2015,198512,201512,25005,3.228840449794806,1.9384123405122207
1985-2015,198512,201512,25013,23.754959095913755,11.516211387813575
1985-2015,198512,201512,25022,10.100362259414235,5.692055129365559
1985-2015,198512,201512,25049,2.999996581138106,1.8482060346475238
1985-2015,198512,201512,25056,0.5055290386124003,0.025260585173429755
1985-2015,198512,201512,25065,0.29869009574363914,0.24079394637045148
1985-2015,198512,201512,25072,5.581962078876032,2.460358129971866
1985-2015,198512,201512,25073,-0.9691257543259766,-0.9812628814426944
1985-2015,198512,201512,25080,-0.47945123384642857,-0.6902777346729156
1985-2015,198512,201512,25081,16.30024607272012,6.99457518549121
1985-2015,198512,201512,25099,19.56730450808205,8.45315019757098
1985-2015,198512,201512,25100,-0.9666665989411779,-0.9733283987135487
1985-2015,198512,201512,25102,4.037042293000369,3.5955652973701193
1985-2015,198512,201512,25129,34.65923363297905,15.478402858406579
1985-2015,198512,201512,25137,1.9875451833740603,1.127287873242897
1985-2015,198512,201512,25144,4.125065075147427,2.3603456071602498
1985-2015,198512,201512,25145,0.2671022260061048,0.20116455596242147
1985-2015,198512,201512,25153,3.041787201616736,2.0113656519203116
1985-2015,198512,201512,25160,2.480751440112921,1.9446295077735467
1985-2015,198512,201512,25161,0.3568499777967081,0.34333063924982
1985-2015,198512,201512,25188,-0.9166666638600859,-0.9346135417078779
1985-2015,198512,201512,25196,-0.702128080689481,-0.745645306401252
1985-2015,198512,201512,25208,3.425381279194858,1.9710944337592102
1985-2015,198512,201512,25209,-0.7663229543324271,-0.7995219694547433
1985-2015,198512,201512,25217,8.996241098300288,5.38194598156673
1985-2015,198512,201512,25232,26.27504679109344,11.604006402141502
1985-2015,198512,201512,25241,-0.9537036759147589,-0.9606822981933423
1985-2015,198512,201512,25260,2.6630009466266498,1.7649585874743998
1985-2015,198512,201512,25267,18.298524149631508,9.588999445555837
1985-2015,198512,201512,25283,2.535714398504016,1.40781049069464
1985-2015,198512,201512,25291,0.080078634128,0.08007863412800006
1985-2015,198512,201512,25304,2.597315739885474,0.6623469416318881
1985-2015,198512,201512,25305,0.05622228805171163,0.06107625077253749
1985-2015,198512,201512,25312,0.0560367777390083,-0.2852952333939711
1985-2015,198512,201512,25320,17.825100488153403,7.699221999176288
1985-2015,198512,201512,25340,-0.3888885409814917,-0.43153631939810266
1985-2015,198512,201512,25348,24.939104481812972,12.931912136914784
1985-2015,198512,201512,25371,6.665328387874134,4.408782393767865
1985-2015,198512,201512,25372,-0.730769673593662,-0.7329684693628609
1985-2015,198512,201512,25399,-0.8913041400847961,-0.9152606455867918
1985-2015,198512,201512,25401,0.06749123626500002,0.06749123626500003
1985-2015,198512,201512,25419,12.273318902301822,5.133701536926701
1985-2015,198512,201512,25443,6.920727440528451,3.100233061241725
1985-2015,198512,201512,25444,-0.8854544426242488,-0.9088804263379214
1985-2015,198512,201512,25452,10.04233548241174,4.102747143970412
1985-2015,198512,201512,25478,0.46545297227141325,0.4075044803977636
1985-2015,198512,201512,25479,-0.9100572365883697,-0.9148115767687072
1985-2015,198512,201512,25487,20.407366819361958,8.89250689506931
1985-2015,198512,201512,25495,-0.7708323422590901,-0.7986493167919497
1985-2015,198512,201512,25507,-0.9537038464014206,-0.9649086713708409
1985-2015,198512,201512,25508,-0.6465516327515954,-0.7009914354469765
1985-2015,198512,201512,25523,2.661654581168851,1.8730713978589764
1985-2015,198512,201512,25524,0.8961986175031575,0.802213120809522
1985-2015,198512,201512,25559,-0.7999999109524938,-0.8601406926878283
1985-2015,198512,201512,25567,1.129031516336024,0.8796699897861668
1985-2015,198512,201512,25582,28.894989022955436,12.814701618048952
1985-2015,198512,201512,25583,-0.9831266083048287,-0.9887750352265232
1985-2015,198512,201512,25590,20.342588019677066,8.862572119440657
1985-2015,198512,201512,25604,-0.7565791935881816,-0.8339207606690899
1985-2015,198512,201512,25612,3.793678324694157,2.032112505145097
1985-2015,198512,201512,25639,-5.329670000036983e-07,-5.32966999712265e-07
1985-2015,198512,201512,25646,4.893129777074861,3.3027326962877908
1985-2015,198512,201512,25655,0.6829277490687307,0.6661594472211247
1985-2015,198512,201512,25698,-0.943999984764625,-0.9505589526233724
1985-2015,198512,201512,25718,-0.9844827742650568,-0.9893398317232603
1985-2015,198512,201512,25727,-0.5781820486605116,-0.6893214145457812
1985-2015,198512,201512,25735,-0.8874999862686428,-0.9108321138445443
1985-2015,198512,201512,25743,-0.8913041578163828,-0.9163348200657088
1985-2015,198512,201512,25750,-0.008298754816,-0.00829875481599993
1985-2015,198512,201512,25769,7.610512528359472,3.6247126257970095
1985-2015,198512,201512,25770,-0.9743243183076767,-0.9801390515996395
1985-2015,198512,201512,25778,27.400167955344855,12.12393344263481
1985-2015,198512,201512,25785,9.914422050947575,4.043637375197416
1985-2015,198512,201512,25786,1.288738488616533,0.28616512496548563
1985-2015,198512,201512,25807,-0.9090907409874999,-0.9087568226807506
1985-2015,198512,201512,25815,-0.39999992255640376,-0.4010958131088122
1985-2015,198512,201512,25823,9.49487119122503,6.1027208743089565
1985-2015,198512,201512,25831,-0.5102037463727833,-0.554619546410526
1985-2015,198512,201512,25849,0.9658297529113129,0.9253153404409182
1985-2015,198512,201512,25882,0.08871055257165075,-0.01737354751377848
1985-2015,198512,201512,25910,5.213903532293281,3.576682318596064
1985-2015,198512,201512,25937,0.6869229174612423,0.21382932770581947
1985-2015,198512,201512,25938,3.1262449157019674,1.7908327307315859
1985-2015,198512,201512,25953,24.78630769950845,10.916048754069443
1985-2015,198512,201512,25954,3.991256083202943,3.584405797429258
1985-2015,198512,201512,25961,-0.9991024772346719,-0.9994642313585452
1985-2015,198512,201512,25989,11.51818656921815,6.212639915738248
1985-2015,198512,201512,26009,0.39682592599613803,-0.24231725205271276
1985-2015,198512,201512,26025,-0.7727270240917335,-0.8249405478028644
1985-2015,198512,201512,26033,-0.8214288342483561,-0.8423438738557779
1985-2015,198512,201512,26060,1.3249482150400667,0.27825372185050223
1985-2015,198512,201512,26068,-0.571429,-0.571429
1985-2015,198512,201512,26075,4.340971056129974,2.3549892898563596
1985-2015,198512,201512,26083,20.834285245577334,11.269857981190798
1985-2015,198512,201512,26084,0.045942828062027714,-0.5166618703850355
1985-2015,198512,201512,26105,6.298046118368569e-07,-0.0018258553639813751
1985-2015,198512,201512,26112,-0.9537859058380482,-0.9745915468214219
1985-2015,198512,201512,26121,0.8919204738105895,0.7524314219279433
1985-2015,198512,201512,26140,-0.2444435852711102,-0.2512935980973018
1985-2015,198512,201512,26163,0.3136073609374155,-0.2407335560525692
1985-2015,198512,201512,26201,8.83141109245297,3.5431697808058793
1985-2015,198512,201512,26243,0.3064528595510053,0.22571070857446204
1985-2015,198512,201512,26252,2.2354489494098795,0.7216872939167451
1985-2015,198512,201512,26279,0.3085653412228962,-0.222261056032285
1985-2015,198512,201512,26286,-0.5757571579169152,-0.6377363856274909
1985-2015,198512,201512,26287,-0.7968744222441808,-0.8326930998589974
1985-2015,198512,201512,26294,3.337617985397644,1.6800545268737288
1985-2015,198512,201512,26295,-0.6481489950697763,-0.7550489500708696
1985-2015,198512,201512,26308,-0.9612069808786563,-0.9663752816021978
1985-2015,198512,201512,26316,4.616110364031991,3.725487781283273
1985-2015,198512,201512,26331,-0.9659287849443743,-0.9785608301348309
1985-2015,198512,201512,26332,481.5060846054402,283.76196029899904
1985-2015,198512,201512,26367,1.8235282906270678,1.800468622191819
1985-2015,198512,201512,26374,2.220177782224234,0.9740069074431226
1985-2015,198512,201512,26375,0.3750003595267464,-0.021565499373219884
1985-2015,198512,201512,26382,21.602506633834164,9.932953811572094
1985-2015,198512,201512,26390,0.8139867634973559,0.5976531285274882
1985-2015,198512,201512,26403,58.37814462128237,26.439091880799808
1985-2015,198512,201512,26404,0.7217505456366204,0.6787451796439117
1985-2015,198512,201512,26438,-0.9678386133574879,-0.9802846911944668
1985-2015,198512,201512,26439,0.5203319399464739,0.5079154358997235
1985-2015,198512,201512,26454,6.251576184044624,3.7689366842122594
1985-2015,198512,201512,26463,18.4634701326044,7.994217463243464
1985-2015,198512,201512,26470,38.340031006376734,17.17932729731312
1985-2015,198512,201512,26471,-0.95454548014592,-0.9570598183228095
1985-2015,198512,201512,26489,0.9434024862582802,0.9222976628780994
1985-2015,198512,201512,26518,4.98348659517714,2.13666707363483
1985-2015,198512,201512,26542,1.2648783794784184,0.5608525023769952
1985-2015,198512,201512,26550,4.466315829286596,2.837304560957127
1985-2015,198512,201512,26570,-0.4042554224650378,-0.494056858394939
1985-2015,198512,201512,26577,0.8795524640254193,0.7957612265557532
1985-2015,198512,201512,26578,-0.14035145145066688,-0.40153129709272595
1985-2015,198512,201512,26585,3.5878544711274643,2.091569011678371
1985-2015,198512,201512,26586,3.5721444687827004,1.8919872131825843
1985-2015,198512,201512,26593,0.03409255701614459,-0.034788074450345215
1985-2015,198512,201512,26606,0.17987114739700666,-0.4106036727125544
1985-2015,198512,201512,26607,100.45860594475886,45.884792853872334
1985-2015,198512,201512,26614,29.15091208182791,12.932965608471788
1985-2015,198512,201512,26622,1.2640772491101289,0.9940664248810409
1985-2015,198512,201512,26650,5.165611276587656,1.8491758272107859
1985-2015,198512,201512,26657,-0.7748221973323327,-0.8875155558581188
1985-2015,198512,201512,26658,-0.9812499999349293,-0.9854962844507275
1985-2015,198512,201512,26681,2.136900550135779,1.2307301895240106
1985-2015,198512,201512,26682,-0.8463265839084483,-0.8968273686805491
1985-2015,198512,201512,26710,10.343795004866596,4.242053880274466
1985-2015,198512,201512,26711,2.9087578333075523,1.597126025413472
1985-2015,198512,201512,26729,7.371210528198926,4.7007682911660025
1985-2015,198512,201512,26737,6.81832163935911,4.113959037593966
1985-2015,198512,201512,26738,-0.9420288401322031,-0.9443211970689789
1985-2015,198512,201512,26753,-0.9284587271384664,-0.9547484888670971
1985-2015,198512,201512,26789,0.40873596861560374,0.38466583965544465
1985-2015,198512,201512,26825,17.597239170527633,7.59392555264208
1985-2015,198512,201512,26826,-0.9400002707956001,-0.9434657723961991
1985-2015,198512,201512,26833,0.5715185242335834,0.5772908604107494
1985-2015,198512,201512,26834,-0.9966536133958884,-0.9978254455658181
1985-2015,198512,201512,26841,0.5800069198195392,0.028557214629396276
1985-2015,198512,201512,26877,0.25000014732139064,0.254591516090248
1985-2015,198512,201512,26884,3.7300784763338806,2.1428424161902306
1985-2015,198512,201512,26965,6.959215677280755,4.5410335893425975
1985-2015,198512,201512,26973,0.39999971867467193,0.2913077573936002
1985-2015,198512,201512,27000,-0.9880501353535135,-0.9898671822664005
1985-2015,198512,201512,27020,-0.9144736445710596,-0.9222293623262631
1985-2015,198512,201512,27027,1.5562075219168046,1.3224728357897484
1985-2015,198512,201512,27028,-0.06414016456218825,-0.14900598990554997
1985-2015,198512,201512,27036,-0.4263144165395872,-0.47877111993164484
1985-2015,198512,201512,27043,52.20992469033376,23.588710574584034
1985-2015,198512,201512,27044,0.9734518710177291,0.9662560574497516
1985-2015,198512,201512,27051,3.129239695972914,1.7353084773929632
1985-2015,198512,201512,27052,-0.6428572051946029,-0.6760522201474697
1985-2015,198512,201512,27086,0.5095036413875798,0.23309976086444228
1985-2015,198512,201512,27087,72.5148398247182,52.92732881101807
1985-2015,198512,201512,27115,5.5785079935195565,3.485532898887633
1985-2015,198512,201512,27124,-0.855999909001846,-0.8974644303185781
1985-2015,198512,201512,27167,-0.963035021293112,-0.9829182024197745
1985-2015,198512,201512,27204,-0.9778584988773813,-0.9897682440642545
1985-2015,198512,201512,27238,-0.20348968351088675,-0.2565450248312549
1985-2015,198512,201512,27239,0.961550910791386,0.31693805005834497
1985-2015,198512,201512,27247,-0.6554864669933304,-0.7101206377395766
1985-2015,198512,201512,27254,5.817560627180774,2.190632151913793
1985-2015,198512,201512,27255,8.577743548481452,5.78009954565429
1985-2015,198512,201512,27263,8.297348293671341,5.265105847708254
1985-2015,198512,201512,27270,2.090326857145574,1.8194718321035994
1985-2015,198512,201512,27289,1.2541737865924638,1.0446572188759853
1985-2015,198512,201512,27318,0.9130360037572818,0.7645133773052382
1985-2015,198512,201512,27334,38.27480358009197,17.149185207923267
1985-2015,198512,201512,27335,-0.78947337705664,-0.8348129225577225
1985-2015,198512,201512,27343,1.7284941479628255,1.2338907143995277
1985-2015,198512,201512,27350,0.5565577593287856,0.3354141530191235
1985-2015,198512,201512,27370,-0.9374998822955459,-0.9451744553363015
1985-2015,198512,201512,27377,0.8269580974172654,0.5600509378727108
1985-2015,198512,201512,27385,4.265334400735202,2.46270186522478
1985-2015,198512,201512,27386,-0.740740280527225,-0.7428576466572205
1985-2015,198512,201512,27407,-0.9718750499575518,-0.9801545704348639
1985-2015,198512,201512,27422,1.0120474567979278,-0.0702175794186092
1985-2015,198512,201512,27430,27.877466355532672,12.344496660647808
1985-2015,198512,201512,27431,9.40658508252166,4.977087490907076
1985-2015,198512,201512,27449,-0.8175678578810308,-0.883529012070074
1985-2015,198512,201512,27473,0.27026618563769733,0.19176046429356466
1985-2015,198512,201512,27474,15.775476611917561,6.71034920915284
1985-2015,198512,201512,27481,-0.5151515995028708,-0.519111341430706
1985-2015,198512,201512,27482,-0.19999870811658693,-0.36268118656809784
1985-2015,198512,201512,27503,-0.8709674242255466,-0.886355676614442
1985-2015,198512,201512,27538,-0.8499997744584448,-0.8826411979120115
1985-2015,198512,201512,27562,139.32174241568615,63.84374356213722
1985-2015,198512,201512,27589,0.11111157671753644,0.11827343770927003
1985-2015,198512,201512,27596,1.240491802406356,0.5153821411077657
1985-2015,198512,201512,27597,7.646000159275925,7.146619115593607
1985-2015,198512,201512,27610,-0.8829784747886625,-0.8907732476037644
1985-2015,198512,201512,27617,3.8437016408095737,1.2383113385074949
1985-2015,198512,201512,27618,1.61969628248805,0.21058156083265278
1985-2015,198512,201512,27633,4.679476337296871,1.6245291773239527
1985-2015,198512,201512,27634,-0.9792590989448944,-0.9826151803272773
1985-2015,198512,201512,27642,-0.9852307225288119,-0.9925325912210787
1985-2015,198512,201512,27677,29.5562725496067,13.432582375088094
1985-2015,198512,201512,27684,2.3537343397064894,0.5497861254832266
1985-2015,198512,201512,27693,-0.6666664484480644,-0.7628036641625875
1985-2015,198512,201512,27705,8.252219066573153,3.3067115137916483
1985-2015,198512,201512,27713,5.056496733257862,2.056591047568647
1985-2015,198512,201512,27721,1.3044905205454675,1.0902972107520283
1985-2015,198512,201512,27722,1.1560352245000844,0.43429488763152374
1985-2015,198512,201512,27748,8.419889680953872,3.9404699718246574
1985-2015,198512,201512,27749,-0.7277641615664365,-0.7834397588006661
1985-2015,198512,201512,27756,38.00204898432331,17.023143236387426
1985-2015,198512,201512,27764,11.507704884528883,5.563092385400901
1985-2015,198512,201512,27773,0.8928556335041422,0.7667730208539947
1985-2015,198512,201512,27780,2.724792625627991,1.2066115662934367
1985-2015,198512,201512,27800,-0.9397318522196534,-0.9596859941714082
1985-2015,198512,201512,27802,-0.7110011225650577,-0.8181486626157788
1985-2015,198512,201512,27828,8.434577695854923,3.3597900524551028
1985-2015,198512,201512,27829,-0.02779406889730128,-0.25061982884679124
1985-2015,198512,201512,27836,-0.8761068705999293,-0.9135279754570387
1985-2015,198512,201512,27837,0.3843211819895542,0.37177067263334734
1985-2015,198512,201512,27845,-0.44999986822274934,-0.5035919537303595
1985-2015,198512,201512,27860,1.0314471607622742,0.7092931075543991
1985-2015,198512,201512,27861,-0.9054054643995516,-0.9370713162438892
1985-2015,198512,201512,27879,5.540219783543375,3.6148871681167876
1985-2015,198512,201512,27887,20.35734739018498,8.86939253671797
1985-2015,198512,201512,27888,22.490335310438972,9.855062464563897
1985-2015,198512,201512,27896,0.761143034938,0.6014387164619259
1985-2015,198512,201512,27909,9.427292335826424,3.818531031839451
1985-2015,198512,201512,27917,-0.6372084655063437,-0.6703814237725967
1985-2015,198512,201512,27924,-0.8722880287196564,-0.898406706980047
1985-2015,198512,201512,27940,0.8019467208631355,0.5908948028298922
1985-2015,198512,201512,27959,19.454292771594933,8.452084134596028
1985-2015,198512,201512,27975,6.632957848854826,2.527247829531047
1985-2015,198512,201512,27983,1.2306154581079807,0.030784355020408022
1985-2015,198512,201512,27984,-0.5294134423474315,-0.573152607871986
1985-2015,198512,201512,27991,8.048506492191803,3.181383615248132
1985-2015,198512,201512,27992,-0.8857753892163448,-0.9033688083695548
1985-2015,198512,201512,28012,-0.7734474488563831,-0.8473354263871926
1985-2015,198512,201512,28039,-0.724138065923996,-0.7246419233378335
1985-2015,198512,201512,28047,-0.20588159616081336,-0.20877719653944354
1985-2015,198512,201512,28054,0.31914174258303374,0.3059981201478765
1985-2015,198512,201512,28055,-0.5666662769533839,-0.6238016208975763
1985-2015,198512,201512,28063,0.03724547398822922,-0.3828474125916532
1985-2015,198512,201512,28071,1.8860721776691558,1.1845407826817085
1985-2015,198512,201512,28097,0.38554955544652036,0.383018871326983
1985-2015,198512,201512,28118,8.58622944087753,3.429869476325603
1985-2015,198512,201512,28127,-0.9508195461984663,-0.9540954432065959
1985-2015,198512,201512,28134,-0.015834943665136658,-0.04041712170026288
1985-2015,198512,201512,28142,0.4506958297753407,0.43624143292069467
1985-2015,198512,201512,28143,3.917639686525818,2.423554253103647
1985-2015,198512,201512,28151,-0.5546892339361656,-0.7101103827827453
1985-2015,198512,201512,28178,-0.45333434457620736,-0.6309415927250128
1985-2015,198512,201512,28186,-0.5542718784904214,-0.6626171490235672
1985-2015,198512,201512,28207,-0.038588158774651056,-0.3569013816038513
1985-2015,198512,201512,28215,1.4072641676904603,0.42070180091019105
1985-2015,198512,201512,28222,30.698688838171005,13.648205010092362
1985-2015,198512,201512,28223,-0.98763077102227,-0.9937623397176082
1985-2015,198512,201512,28231,-0.9550563125937142,-0.9687708516623837
1985-2015,198512,201512,28250,0.19354988177537688,-0.06617750838905728
1985-2015,198512,201512,28266,1.9196975821489572,1.456681645333958
1985-2015,198512,201512,28274,-0.5714271474274168,-0.610615022558742
1985-2015,198512,201512,28282,1.9978817362001933,1.2691722560019487
1985-2015,198512,201512,28302,50.58617251871192,22.838362356178884
1985-2015,198512,201512,28303,-0.8815505028163998,-0.93841671879023
1985-2015,198512,201512,28310,43.79597740267845,19.700561590160664
1985-2015,198512,201512,28311,-0.7148097093451249,-0.8153359077690882
1985-2015,198512,201512,28338,3.9464954446512372,2.452439030015199
1985-2015,198512,201512,28345,7.517702376760019,2.9360949995977936
1985-2015,198512,201512,28346,-0.9947033949602457,-0.9955433492621621
1985-2015,198512,201512,28353,8.245328907790329,4.696248306772734
1985-2015,198512,201512,28388,4.007762965211409,2.8010311951222695
1985-2015,198512,201512,28409,-0.9878134219471658,-0.989593804834572
1985-2015,198512,201512,28426,0.23076919802223902,0.0054041356041146585
1985-2015,198512,201512,28433,0.8170361950760057,0.7795883165036512
1985-2015,198512,201512,28434,-0.8846150162305719,-0.9014720412031368
1985-2015,198512,201512,28441,-0.6045462146074498,-0.6672586701816341
1985-2015,198512,201512,28469,0.2222223749999999,0.222222375
1985-2015,198512,201512,28484,6.572459516411697,2.499291090344782
1985-2015,198512,201512,28505,0.7843748189747257,0.7538864003051933
1985-2015,198512,201512,28506,-0.8333332917307513,-0.8421432303827654
1985-2015,198512,201512,28522,0.39305524680141557,-0.06300960938218474
1985-2015,198512,201512,28548,0.8586849257767175,0.7665588033686537
1985-2015,198512,201512,28549,-0.5909079637280015,-0.6267632757551799
1985-2015,198512,201512,28557,-0.8620688456825638,-0.8926983973886422
1985-2015,198512,201512,28564,4.404281085993442,1.4973593603174393
1985-2015,198512,201512,28565,0.34210373710543734,0.2645856764277952
1985-2015,198512,201512,28573,-0.1162286747845891,-0.16003299264309262
1985-2015,198512,201512,28629,-0.5916447013444552,-0.8112959131463862
1985-2015,198512,201512,28636,0.19767442703908417,0.1878930569452983
1985-2015,198512,201512,28644,0.4947023861926378,0.4573681606677542
1985-2015,198512,201512,28652,3.416679153527949,2.401994584077552
1985-2015,198512,201512,28661,11.717383537915863,8.599516717501418
1985-2015,198512,201512,28695,-0.10526202000681736,-0.1712299897181792
1985-2015,198512,201512,28696,-0.28999903039790126,-0.4951001562946685
1985-2015,198512,201512,28717,1.52490722920267,0.6951619173946675
1985-2015,198512,201512,28725,-0.8291893066469201,-0.8990831957649101
1985-2015,198512,201512,28740,0.5806455889776536,0.5748820681427302
1985-2015,198512,201512,28760,-0.17948600697785685,-0.2399815301922014
1985-2015,198512,201512,28784,-0.294118811311556,-0.5266698532291598
1985-2015,198512,201512,28804,20.87801293772828,9.10999604309778
1985-2015,198512,201512,28813,-0.7333323465826018,-0.7432002245064175
1985-2015,198512,201512,28840,9.91268547351046,4.649046012677164
1985-2015,198512,201512,28847,-0.9207579919351072,-0.9519092088756647
1985-2015,198512,201512,28848,0.46938884411743026,0.07427558971260939
1985-2015,198512,201512,28855,-0.6666674710373437,-0.688870662548093
1985-2015,198512,201512,28864,-0.5384616560248026,-0.6442444217454932
1985-2015,198512,201512,28872,-0.3999987705751842,-0.4312217313431713
1985-2015,198512,201512,28928,-0.9565216629769847,-0.9644829429251452
1985-2015,198512,201512,28944,1.09090908405543,0.9803844270992932
1985-2015,198512,201512,28952,0.3254590604268068,-0.1995984789798351
1985-2015,198512,201512,28979,4.150371300301677,2.511762839195092
1985-2015,198512,201512,29014,18.48845025078473,8.415584194893572
1985-2015,198512,201512,29023,4.426004052938642,2.777466515835626
1985-2015,198512,201512,29049,3.847088567534631,2.246242527154014
1985-2015,198512,201512,29050,1.5017477627269296,0.17001643282423615
1985-2015,198512,201512,29058,0.9823282616681837,-0.0839510453426383
1985-2015,198512,201512,29066,-0.5869561418218943,-0.5850579623265904
1985-2015,198512,201512,29073,-0.842557827847024,-0.909903510909318
1985-2015,198512,201512,29102,11.912128091729418,4.966792518448482
1985-2015,198512,201512,29103,-0.7564575391421533,-0.8874923775173916
1985-2015,198512,201512,29111,3.9759516828709556,1.608496493706458
1985-2015,198512,201512,29138,-0.63157874269013,-0.6349189172804282
1985-2015,198512,201512,29145,3.0084571953345565,1.1033335163229343
1985-2015,198512,201512,29153,-0.1600007133996178,-0.20440275541228997
1985-2015,198512,201512,29154,-0.500000199789989,-0.5945847317288266
1985-2015,198512,201512,29162,-0.8541670726750967,-0.8863085666432816
1985-2015,198512,201512,29189,-0.8857393609393193,-0.9008047033412835
1985-2015,198512,201512,29196,0.5347567798562904,0.045164585908365265
1985-2015,198512,201512,29197,1.2516112803733859,0.6201521589520143
1985-2015,198512,201512,29209,5.988552422582023,2.2294631848143514
1985-2015,198512,201512,29210,5.0037986898307265,2.771351705738501
1985-2015,198512,201512,29225,0.136163379857752,0.047954914923647854
1985-2015,198512,201512,29226,1.1176831658432707,0.4323191214521626
1985-2015,198512,201512,29276,-0.9708332782100911,-0.9769991147789535
1985-2015,198512,201512,29277,-0.8999998988896925,-0.9146092886612764
1985-2015,198512,201512,29285,22.30655611522511,9.770136701803617
1985-2015,198512,201512,29293,-0.4545455698132583,-0.48825605820248186
1985-2015,198512,201512,29306,1.9999920500098507,1.543825687091363
1985-2015,198512,201512,29314,-0.8055554036315835,-0.8262240851752419
1985-2015,198512,201512,29321,-0.35714029173443884,-0.5359011485242675
1985-2015,198512,201512,29322,0.030770230108176897,0.034556346655865204
1985-2015,198512,201512,29380,-0.794117598774062,-0.8542555281477004
1985-2015,198512,201512,29400,-0.8171428288576428,-0.8543273410651631
1985-2015,198512,201512,29437,-0.9748081514738576,-0.9833123088248038
1985-2015,198512,201512,29445,-0.5199999402285522,-0.5243517086761631
1985-2015,198512,201512,29488,11.199570403974352,7.205618739411676
1985-2015,198512,201512,29496,2.033333621370755,0.9711258312474651
1985-2015,198512,201512,29508,-0.9393690231006354,-0.950471107809413
1985-2015,198512,201512,29525,-0.9456521167548763,-0.9505805021739432
1985-2015,198512,201512,29532,-0.919957943321521,-0.9583851970481678
1985-2015,198512,201512,29559,1.25000073928565,1.2582652048110337
1985-2015,198512,201512,29560,10.54248360436596,6.250537114696556
1985-2015,198512,201512,29567,0.3085982862373435,0.14791165879407397
1985-2015,198512,201512,29568,0.719512414706009,0.6286196440846339
1985-2015,198512,201512,29576,-0.9178253362071314,-0.9515027497161959
1985-2015,198512,201512,29584,4.217844283627659,2.564439876253141
1985-2015,198512,201512,29591,-0.3902439313495904,-0.501895827328178
1985-2015,198512,201512,29605,-0.6666667753926521,-0.6678822110338825
1985-2015,198512,201512,29612,24.496081457606824,10.781933002077682
1985-2015,198512,201512,29621,-0.7276535292967032,-0.8614177409317023
1985-2015,198512,201512,29639,-0.7852330603506286,-0.8900513981092444
1985-2015,198512,201512,29647,45.736637771744576,20.597355494986513
1985-2015,198512,201512,29656,0.9848502835144239,0.9063632336390732
1985-2015,198512,201512,29663,-0.9605264016575474,-0.9662932476653902
1985-2015,198512,201512,29699,-0.6458333607663753,-0.6961505991504305
1985-2015,198512,201512,29701,-0.6315793525344691,-0.6755167061403502
1985-2015,198512,201512,29720,0.05263358911166693,-0.1094980550316933
1985-2015,198512,201512,29728,-0.7565788867054672,-0.7692460738673683
1985-2015,198512,201512,29736,1.926974711082587,0.5111872268366888
1985-2015,198512,201512,29744,-0.9799999758282256,-0.9907578368376496
1985-2015,198512,201512,29752,17.75628583393337,9.103805035233705
1985-2015,198512,201512,29787,2.8195721141770025,0.9134799662639941
1985-2015,198512,201512,29795,5.000000000032236e-07,-0.0018259849315072404
1985-2015,198512,201512,29807,2.5891815684680264,1.4442214668757334
1985-2015,198512,201512,29816,0.19526291504808163,0.10713759843012993
1985-2015,198512,201512,29824,-0.5909081302966465,-0.591655330058662
1985-2015,198512,201512,29832,1.2622009025705827,0.4700271025622177
1985-2015,198512,201512,29859,7.677975876597648,5.219690251227036
1985-2015,198512,201512,29867,-0.430425438283008,-0.7367952664806376
1985-2015,198512,201512,29875,-0.96153852637901,-0.9711670845900261
1985-2015,198512,201512,29890,14.682382245967604,6.246948015999397
1985-2015,198512,201512,29912,0.5468586914833202,0.4512588410225486
1985-2015,198512,201512,29938,95.92219840011028,43.78848445251894
1985-2015,198512,201512,29946,77.12420150751946,35.101787230829174
1985-2015,198512,201512,29947,-0.40540599205712974,-0.4368360046087028
1985-2015,198512,201512,29962,-0.9312499882614815,-0.9368539808149574
1985-2015,198512,201512,29963,-0.9166665711935906,-0.9342832339932141
1985-2015,198512,201512,29970,0.2591509301820053,0.059470336173157765
1985-2015,198512,201512,29971,0.4843771730126467,0.2917390526296364
1985-2015,198512,201512,30024,-0.9241376872672329,-0.9444996600957736
1985-2015,198512,201512,30031,0.22528241803860632,0.20434683715485255
1985-2015,198512,201512,30059,-0.6136359668555051,-0.6637771590549897
1985-2015,198512,201512,30067,4.361115632892721,2.586107335833384
1985-2015,198512,201512,30075,-0.29746809078598346,-0.4729805238360188
1985-2015,198512,201512,30082,-0.5947376866374439,-0.6314877633067607
1985-2015,198512,201512,30091,-0.15517203342491367,-0.1635897033817308
1985-2015,198512,201512,30112,1.2131556907368664,1.0587056765748026
1985-2015,198512,201512,30147,21.27756517130379,9.826469161443018
1985-2015,198512,201512,30154,-0.9868731648747081,-0.9919259252718379
1985-2015,198512,201512,30155,-0.9189189903625056,-0.928760817095031
1985-2015,198512,201512,30163,0.23529397810202102,0.22520537029538007
1985-2015,198512,201512,30190,-0.8666665072364148,-0.8679950112404
1985-2015,198512,201512,30197,1.085283428863776,0.1233192645382502
1985-2015,198512,201512,30198,1.0714281613767893,1.0545108714925857
1985-2015,198512,201512,30227,-0.8867924160968562,-0.9102061761929346
1985-2015,198512,201512,30250,0.3066021903569852,-0.18949137681033776
1985-2015,198512,201512,30277,32.206531622886345,14.761133864779737
1985-2015,198512,201512,30307,0.22599875175718576,-0.2973169188932322
1985-2015,198512,201512,30315,0.09523948134818755,0.046413245728643145
1985-2015,198512,201512,30322,-0.9535713666249553,-0.9666580182135849
1985-2015,198512,201512,30330,4.774681003123368,3.087905658299122
1985-2015,198512,201512,30331,-0.33333256849456344,-0.476907751159051
1985-2015,198512,201512,30382,20.699565854308002,10.380818367926446
1985-2015,198512,201512,30402,-0.3361358677273208,-0.6932233393619962
1985-2015,198512,201512,30411,7.8911997616057885,4.6731356330619525
1985-2015,198512,201512,30430,1.0100526674001622,0.5352813175879636
1985-2015,198512,201512,30438,-0.865384505148371,-0.8929150393938642
1985-2015,198512,201512,30454,-0.39999976500009,-0.4548626293807967
1985-2015,198512,201512,30509,7.5544525036502765,2.953077512520768
1985-2015,198512,201512,30517,-0.9725714688179059,-0.9834642114826097
1985-2015,198512,201512,30525,1.468743631807376,0.6423230612084379
1985-2015,198512,201512,30526,-0.7222222410965129,-0.7492889426246809
1985-2015,198512,201512,30533,0.5476207896976752,0.5322006550177159
1985-2015,198512,201512,30534,15.8041815197093,9.108404183292377
1985-2015,198512,201512,30568,1.491814673310639,1.2602103219323895
1985-2015,198512,201512,30577,-0.6799993225098369,-0.7901855185982314
1985-2015,198512,201512,30584,0.9487855250420067,0.908622382500818
1985-2015,198512,201512,30593,-0.9174712451058367,-0.9620904288388828
1985-2015,198512,201512,30614,6.0897625553199175,3.6485365764635143
1985-2015,198512,201512,30622,2.4656614149362674,1.40048664545332
1985-2015,198512,201512,30648,15.795689466029604,6.761415743101311
1985-2015,198512,201512,30672,1.8947344022082722,0.7774970233784531
1985-2015,198512,201512,30680,20.87896736272894,9.110437090143856
1985-2015,198512,201512,30681,57.28168933128379,25.93241155864842
1985-2015,198512,201512,30700,0.04787376204065121,-0.043968262178270885
1985-2015,198512,201512,30702,0.6695289833455256,0.23967063776946917
1985-2015,198512,201512,30728,4.370375379658324,2.4286333469430743
1985-2015,198512,201512,30729,-0.6138360543150012,-0.6733148663825823
1985-2015,198512,201512,30737,10.849651381834907,4.475813956387515
1985-2015,198512,201512,30744,-0.9771315760934992,-0.9879773028716665
1985-2015,198512,201512,30753,2.071662594683078,1.8024434190222078
1985-2015,198512,201512,30760,0.058620616386503586,-0.08095922660012088
1985-2015,198512,201512,30761,-0.40476561942021305,-0.7031690180292334
1985-2015,198512,201512,30779,0.9320177907716649,0.8671047261834033
1985-2015,198512,201512,30780,14.744758640551062,8.378213184807798
1985-2015,198512,201512,30796,0.2517138921901719,-0.42157349786963044
1985-2015,198512,201512,30809,-0.9585870489026094,-0.9660941156932974
1985-2015,198512,201512,30816,-0.8530014860477392,-0.8678705791531077
1985-2015,198512,201512,30825,2.7024257564076137,2.565419693174907
1985-2015,198512,201512,30840,0.24582784324067186,-0.424293485820926
1985-2015,198512,201512,30876,1.1339699532442227,0.8496662639936046
1985-2015,198512,201512,30884,5.591317446264462,3.6872543713513695
1985-2015,198512,201512,30892,0.18396264445663538,-0.22137715379596826
1985-2015,198512,201512,30912,0.13562400274745748,-0.0646292125071814
1985-2015,198512,201512,30913,0.5296434169836792,0.21681241249138494
1985-2015,198512,201512,30940,34.699256126492216,15.496897556814709
1985-2015,198512,201512,30947,3.785884302239599,2.201328973285118
1985-2015,198512,201512,30948,2.5918917480462142,1.778441387554503
1985-2015,198512,201512,30964,-0.19642899999999996,-0.19862855565693427
1985-2015,198512,201512,30972,3.081079000615804,2.551448525217417
1985-2015,198512,201512,31026,-0.7996089272154673,-0.8663651967336825
1985-2015,198512,201512,31035,-0.5187498035975586,-0.6978710714142052
1985-2015,198512,201512,31042,-0.3439289487427927,-0.5921014453787666
1985-2015,198512,201512,31051,0.2629371264302635,-0.41638715603497434
1985-2015,198512,201512,31069,-0.6061011443967044,-0.7441880872404023
1985-2015,198512,201512,31070,3.6426119667897847,1.169315001838792
1985-2015,198512,201512,31077,14.410290237398184,6.121212231043753
1985-2015,198512,201512,31078,-0.008715100680958626,-0.5448179460004328
1985-2015,198512,201512,31107,1.8260811990036165,0.9008656926221268
1985-2015,198512,201512,31115,0.9555555245527987,0.7577485101449082
1985-2015,198512,201512,31122,0.039999801941276274,0.03150615564593007
1985-2015,198512,201512,31150,-0.9285716292613728,-0.9421694746538374
1985-2015,198512,201512,31173,-0.7456136414906532,-0.8104674234146447
1985-2015,198512,201512,31181,-0.20448092042278418,-0.3447608485471768
1985-2015,198512,201512,31182,-0.7692307207329362,-0.7700721766281671
1985-2015,198512,201512,31203,0.45833285677869395,0.26907469144833857
1985-2015,198512,201512,31211,-0.8741511312818238,-0.9140831895634187
1985-2015,198512,201512,31230,0.36841956437275714,0.26217939566196014
1985-2015,198512,201512,31238,12.30475978036625,5.148230605618991
1985-2015,198512,201512,31246,0.4545439763225533,0.449240260820921
1985-2015,198512,201512,31288,-0.4632359227991627,-0.5069889610247773
1985-2015,198512,201512,31310,-0.041667,-0.04429017427007298
1985-2015,198512,201512,31318,2.665930793566751,0.8767505186737556
1985-2015,198512,201512,31325,0.3804835795662389,-0.2585412518595088
1985-2015,198512,201512,31341,2.9092355203579094,2.0239167896328354
1985-2015,198512,201512,31376,-0.9744331673153336,-0.9847879433182687
1985-2015,198512,201512,31385,-0.6697604293117944,-0.7112385193902329
1985-2015,198512,201512,31393,-0.7840914037813705,-0.8190275339977285
1985-2015,198512,201512,31406,1.1551738528390079,1.1337002003197783
1985-2015,198512,201512,31414,-0.9191044505331609,-0.9458881055279956
1985-2015,198512,201512,31421,-0.009622549542531443,-0.06682538504309238
1985-2015,198512,201512,31422,0.40000379975695455,-0.07929954685056834
1985-2015,198512,201512,31456,0.436211551754174,0.3191422067792532
1985-2015,198512,201512,31457,-0.9864062044206428,-0.9914609088688291
1985-2015,198512,201512,31464,2.2971757136465465,1.2356160390916147
1985-2015,198512,201512,31465,0.20833247488206988,0.20612547492794697
1985-2015,198512,201512,31472,-0.9832797950771608,-0.9897503174533577
1985-2015,198512,201512,31480,16.383105417700225,7.032865118506024
1985-2015,198512,201512,31481,0.035957413659841404,-0.0688310418337119
1985-2015,198512,201512,31500,100.8749795623841,46.077202266857974
1985-2015,198512,201512,31536,4.207204609055494,2.491702231716355
1985-2015,198512,201512,31552,4.231157373162296,1.7201022877575602
1985-2015,198512,201512,31579,-0.13636304242413105,-0.130796321703108
1985-2015,198512,201512,31595,-0.9357925212141351,-0.948015722731148
1985-2015,198512,201512,31608,-0.7499999805860771,-0.7880139478514989
1985-2015,198512,201512,31617,-0.4545454930070001,-0.4510296720595313
1985-2015,198512,201512,31625,9.84250510682071,6.279396856114893
1985-2015,198512,201512,31632,0.8994243315453185,0.8839117916325154
1985-2015,198512,201512,31659,-0.5296513963809881,-0.579647568474587
1985-2015,198512,201512,31668,67.9871249330444,30.879474707459075
1985-2015,198512,201512,31683,1.7987818354496894,1.5924309713106024
1985-2015,198512,201512,31691,9.804716992935191,3.9929418341732017
1985-2015,198512,201512,31692,-0.9196428039496934,-0.9238904546941205
1985-2015,198512,201512,31712,0.7726060090044282,0.3003076294240544
1985-2015,198512,201512,31713,-0.7499998999999999,-0.7483884813075506
1985-2015,198512,201512,31720,2.0440650157117974,1.777264659576792
1985-2015,198512,201512,31748,0.5634960629349366,0.059455174698007054
1985-2015,198512,201512,31764,-0.8959596043583852,-0.925285050961705
1985-2015,198512,201512,31798,-0.8670453960434613,-0.8931475131437524
1985-2015,198512,201512,31799,12.614789754785143,5.384789569603929
1985-2015,198512,201512,31836,4.0739125635753854,2.619965033934656
1985-2015,198512,201512,31843,-0.4739207794494471,-0.5898683394709312
1985-2015,198512,201512,31844,0.5606448472022318,0.4989321774973972
1985-2015,198512,201512,31852,1.6611325869820304,1.1918748436860271
1985-2015,198512,201512,31878,-0.9146342485141167,-0.9339669027784355
1985-2015,198512,201512,31879,6.5145697544046755,4.130184098416185
1985-2015,198512,201512,31908,-0.50000039999992,-0.5167996792218503
1985-2015,198512,201512,31915,1.0645725895442895,0.5206050137277012
1985-2015,198512,201512,31916,-0.8409091125013063,-0.8564109495986192
1985-2015,198512,201512,31966,0.46150939196429547,0.04270872416251737
1985-2015,198512,201512,31974,8.07886793331775,3.195413867927833
1985-2015,198512,201512,31975,-0.29710091264029,-0.33425589039500636
1985-2015,198512,201512,31983,-0.970689819605632,-0.9800398584604085
1985-2015,198512,201512,32003,-0.5909093078584228,-0.6799311907582362
1985-2015,198512,201512,32030,-0.22147566670615687,-0.29383643461396647
1985-2015,198512,201512,32037,-0.9945652271120697,-0.9955603835825801
1985-2015,198512,201512,32046,6.968679228162232,2.6823872302637417
1985-2015,198512,201512,32054,-0.125119291706003,-0.5957109759368611
1985-2015,198512,201512,32061,-0.3611094078686335,-0.5742027943904977
1985-2015,198512,201512,32062,3.5674331121702307,1.1106455518875635
1985-2015,198512,201512,32089,-0.27683249081336314,-0.45261628286634764
1985-2015,198512,201512,32096,9.55118065025261,5.3820921144029255
1985-2015,198512,201512,32110,1.3768815714035703,0.14992411431560643
1985-2015,198512,201512,32118,0.2776159472541719,-0.051335441339123634
1985-2015,198512,201512,32133,0.8000058605683507,0.34938710946584794
1985-2015,198512,201512,32134,-0.3170343444634478,-0.4454075323169011
1985-2015,198512,201512,32169,-0.8320313706698742,-0.8450719731157573
1985-2015,198512,201512,32205,3.458309170808054,1.9712999534714695
1985-2015,198512,201512,32213,-0.6440695866135643,-0.713947101594578
1985-2015,198512,201512,32222,-0.9928987579937808,-0.9957117914293936
1985-2015,198512,201512,32249,-0.6785714507677603,-0.7563651842504591
1985-2015,198512,201512,32256,0.8155070905393664,0.4569377753006784
1985-2015,198512,201512,32281,5.0187157190560026,2.780722000533455
1985-2015,198512,201512,32299,1.4800052774522756,0.14602928580713784
1985-2015,198512,201512,32328,1.26269683600158,0.9976798398624589
1985-2015,198512,201512,32379,3.4964194504716106,1.5267796706249195
1985-2015,198512,201512,32388,0.12121189614621053,0.11712361211286045
1985-2015,198512,201512,32396,0.027397886957993143,0.03402015694759316
1985-2015,198512,201512,32417,8.636370561104155,5.303143640506793
1985-2015,198512,201512,32425,0.008546999999999999,0.005786378649635049
1985-2015,198512,201512,32440,1.6359177103035605,0.8929422190287715
1985-2015,198512,201512,32459,3.404017543160772,2.091580715911831
1985-2015,198512,201512,32475,2.451240030270381,1.5487874007334659
1985-2015,198512,201512,32491,0.5974299214330183,0.5383179772037783
1985-2015,198512,201512,32504,0.455711832685,0.4557118326849998
1985-2015,198512,201512,32521,-0.9874547165990739,-0.9902682790935329
1985-2015,198512,201512,32540,5.327559524280445,1.923098812775427
1985-2015,198512,201512,32548,-0.9837820098382274,-0.9925055434956908
1985-2015,198512,201512,32563,-0.901859670961416,-0.9362641832209314
1985-2015,198512,201512,32599,2.077135853646805,1.917007361696406
1985-2015,198512,201512,32600,-0.7727268971818045,-0.8367874498158425
1985-2015,198512,201512,32619,-0.7030815032580193,-0.8245773421951433
1985-2015,198512,201512,32620,-0.9099025293274801,-0.9154707850256959
1985-2015,198512,201512,32628,-0.4193539860745647,-0.43687125712466673
1985-2015,198512,201512,32636,-0.9790994968894514,-0.9899211356908828
1985-2015,198512,201512,32651,-0.8555924015944412,-0.9332681513339917
1985-2015,198512,201512,32652,-0.6107782751378638,-0.637940982745264
1985-2015,198512,201512,32678,97.83796154631693,44.67377316145201
1985-2015,198512,201512,32679,-0.40909079396242326,-0.4052819869253489
1985-2015,198512,201512,32687,-0.8146353542715226,-0.914341588508096
1985-2015,198512,201512,32707,20.295766924782008,8.840935735667156
1985-2015,198512,201512,32716,-0.0833329556493535,-0.2853658491617282
1985-2015,198512,201512,32782,2.250005143871452,1.8170147678441695
1985-2015,198512,201512,32791,88.75911729782862,40.47837023846383
1985-2015,198512,201512,32803,355.63711290378313,163.8047201791924
1985-2015,198512,201512,32804,2.425088802804275,1.2967006512055659
1985-2015,198512,201512,32839,0.06870719064926524,-0.32867990840250133
1985-2015,198512,201512,32847,-0.9350001796403361,-0.9473742195162129
1985-2015,198512,201512,32870,85.50159452985295,38.97304421144879
1985-2015,198512,201512,32890,-0.6315772784804117,-0.7008276117229496
1985-2015,198512,201512,32897,-0.9746610183142742,-0.9854921388253021
1985-2015,198512,201512,32926,2.6930647522467184,1.514965591405398
1985-2015,198512,201512,32934,31.026456214912592,13.749096910245136
1985-2015,198512,201512,32942,25.07572431968824,11.049790373710724
1985-2015,198512,201512,32943,12.824557672795434,7.684046859980141
1985-2015,198512,201512,32970,-0.6923076771603709,-0.7290026520034533
1985-2015,198512,201512,32978,-0.6000005965605577,-0.6785298912063894
1985-2015,198512,201512,32985,0.20150170089433622,0.17149095368198847
1985-2015,198512,201512,32986,25.30153510002705,11.154139251381272
1985-2015,198512,201512,32994,-0.8909090081911155,-0.8913067875596072
1985-2015,198512,201512,33014,3.7201595469676283,2.5555715953381224
1985-2015,198512,201512,33049,-0.33333376286695166,-0.3580033504965447
1985-2015,198512,201512,33072,4.098952641917925,1.680690349983783
1985-2015,198512,201512,33080,-0.14440858687945557,-0.15216553532116503
1985-2015,198512,201512,33081,0.277445236100182,0.16063810727971592
1985-2015,198512,201512,33099,15.958255456242906,6.8365387226185215
1985-2015,198512,201512,33102,-0.11818038519641912,-0.20014204233998817
1985-2015,198512,201512,33129,2.4245991096676316,2.0234950136241676
1985-2015,198512,201512,33136,-0.90000011551337,-0.9229740142749213
1985-2015,198512,201512,33137,0.4494762141713824,-0.33018602596371627
1985-2015,198512,201512,33145,8.753855512441964,7.611441094587294
1985-2015,198512,201512,33153,8.365374193040312,5.28768672788272
1985-2015,198512,201512,33188,-0.3848394869526052,-0.6855966441152908
1985-2015,198512,201512,33196,-0.9753845708567487,-0.9830040024930046
1985-2015,198512,201512,33209,-0.3552961919773748,-0.7020774708091208
1985-2015,198512,201512,33232,-0.8723282922984634,-0.8975439232615422
1985-2015,198512,201512,33233,0.5352108762970491,0.40065566593712426
1985-2015,198512,201512,33241,0.727278392896854,0.4477877940462134
1985-2015,198512,201512,33260,-0.589552619136601,-0.6112487111926383
1985-2015,198512,201512,33267,-0.9299021267631398,-0.9552732192364926
1985-2015,198512,201512,33284,-0.7638893314626303,-0.7718223159050883
1985-2015,198512,201512,33292,-0.942129563817081,-0.9532156902751994
1985-2015,198512,201512,33305,1.1172536384571479,0.8351770236587346
1985-2015,198512,201512,33312,134.09633300355276,89.09169735990432
1985-2015,198512,201512,33321,21.809613981347344,14.465823871968167
1985-2015,198512,201512,33340,3.1332907827427174,2.238485179596982
1985-2015,198512,201512,33347,-0.949990056825363,-0.9602177089593317
1985-2015,198512,201512,33363,0.808928630052062,0.7147953101881199
1985-2015,198512,201512,33398,3.4804212179892344,1.2467370409296143
1985-2015,198512,201512,33420,-0.1808246819046671,-0.5280133776076963
1985-2015,198512,201512,33428,0.8142861838591939,0.7962090570272629
1985-2015,198512,201512,33451,-0.9359890542279815,-0.9558029287878609
1985-2015,198512,201512,33452,22.26633464996413,9.751550057038704
1985-2015,198512,201512,33478,5.056022544591547,3.1344363780378366
1985-2015,198512,201512,33508,-0.5155554214374689,-0.6747555747120106
1985-2015,198512,201512,33516,2.458735903583221,1.743395023669419
1985-2015,198512,201512,33532,36.55221259580726,16.35316282304926
1985-2015,198512,201512,33567,-0.39621252003083274,-0.6729733817610002
1985-2015,198512,201512,33575,6.708259374227401,4.156136778476472
1985-2015,198512,201512,33583,-0.10508838890132097,-0.346600941261953
1985-2015,198512,201512,33603,6.029715531600577,2.678065618017917
1985-2015,198512,201512,33612,-0.9695096986265075,-0.9845493829650348
1985-2015,198512,201512,33639,-0.9813330379993049,-0.9877899524435908
1985-2015,198512,201512,33646,-0.9349685662969737,-0.9481928884566998
1985-2015,198512,201512,33647,1.1039955323903419,0.21354465271907314
1985-2015,198512,201512,33655,-0.9230768559685459,-0.938450222235447
1985-2015,198512,201512,33690,-0.9731388742442638,-0.9864508667104996
1985-2015,198512,201512,33735,3.047356317327216,2.508136760379578
1985-2015,198512,201512,33769,-0.5384610528744701,-0.54797305626505
1985-2015,198512,201512,33770,0.04295721356230129,-0.5180415455348917
1985-2015,198512,201512,33785,5.556291985346685,3.6024580218265454
1985-2015,198512,201512,33794,-0.9623893636763751,-0.9692071719088224
1985-2015,198512,201512,33806,0.6892128359626291,0.3799025633087841
1985-2015,198512,201512,33814,2.3681938834947607,1.283769177828642
1985-2015,198512,201512,33815,-0.9726478647608009,-0.9859801707857604
1985-2015,198512,201512,33823,8.711411250650144,3.4877169419556457
1985-2015,198512,201512,33830,0.06481467091399999,0.06481467091399996
1985-2015,198512,201512,33849,0.1306834609910193,-0.47750257991198264
1985-2015,198512,201512,33882,5.602562170956629,3.06569039597498
1985-2015,198512,201512,33911,-0.333334699836369,-0.3596966844649839
1985-2015,198512,201512,33937,15.262510474555572,7.123711260215467
1985-2015,198512,201512,33961,0.040640542419702476,-0.2487317616481271
1985-2015,198512,201512,33988,-0.0721656216069292,-0.21202565999718165
1985-2015,198512,201512,34017,2.0348703787095923,1.4390539146541035
1985-2015,198512,201512,34032,5.54315760978792,2.023642856991098
1985-2015,198512,201512,34033,-0.8414633675679482,-0.8694193374165542
1985-2015,198512,201512,34040,1.3647025332880407,0.6431149833972216
1985-2015,198512,201512,34041,2.2537944872337787,1.1553923482100128
1985-2015,198512,201512,34067,-0.3088261867974201,-0.650786771215079
1985-2015,198512,201512,34068,0.7499990889483705,0.6141341807768517
1985-2015,198512,201512,34076,0.43845203312608516,0.408806516314346
1985-2015,198512,201512,34113,-0.8631576102084693,-0.9004865388941163
1985-2015,198512,201512,34121,0.4899319305003169,-0.1424457082481057
1985-2015,198512,201512,34147,-0.13224913305514605,-0.37806446060935944
1985-2015,198512,201512,34201,-0.5416652179875089,-0.5670182223512075
1985-2015,198512,201512,34228,2.637244920770102,0.9030678307332336
1985-2015,198512,201512,34279,0.33333486944399077,0.28399560555267084
1985-2015,198512,201512,34287,-0.10147602603649752,-0.4950711035773219
1985-2015,198512,201512,34295,-0.5217379379589546,-0.5535948473007153
1985-2015,198512,201512,34324,1.6598806522426108,0.9643578060143054
1985-2015,198512,201512,34331,-0.45217590817380415,-0.48113368079200036
1985-2015,198512,201512,34332,0.07692377042507596,-0.010859091533942872
1985-2015,198512,201512,34358,-0.018181698720493644,-0.03841630528808254
1985-2015,198512,201512,34359,-0.8656974593133087,-0.8821888627844674
1985-2015,198512,201512,34366,1.5976952171345973,1.4061702307865391
1985-2015,198512,201512,34367,9.306951581377373,3.7629206546646063
1985-2015,198512,201512,34383,1.3393761016656818,1.1254680624443822
1985-2015,198512,201512,34404,4.035598719720067,2.213023584736743
1985-2015,198512,201512,34447,-0.8409091409034958,-0.8738125479009586
1985-2015,198512,201512,34463,8.341685387911717,4.3234943321102834
1985-2015,198512,201512,34490,-0.6710529380224948,-0.6873572706596409
1985-2015,198512,201512,34497,13.281673977324662,5.599670080209633
1985-2015,198512,201512,34498,24.156180493653398,11.87855048223098
1985-2015,198512,201512,34535,0.32666668787711045,0.17794207136448476
1985-2015,198512,201512,34578,-0.5976552161764022,-0.7387030013552035
1985-2015,198512,201512,34586,-0.9806778949267966,-0.9883769615602579
1985-2015,198512,201512,34623,-0.772726622343848,-0.8306681651137191
1985-2015,198512,201512,34630,-0.9894585477062648,-0.9947336825269548
1985-2015,198512,201512,34631,0.3906818139399271,0.3103579505485696
1985-2015,198512,201512,34649,2.5129063894685078,0.8575745929797234
1985-2015,198512,201512,34658,0.2914551892611747,0.10797529188576403
1985-2015,198512,201512,34665,-0.9185491012846161,-0.9497313199910137
1985-2015,198512,201512,34666,-0.9991549402368146,-0.9996094914612994
1985-2015,198512,201512,34673,0.5516561548010228,-0.2829678988700914
1985-2015,198512,201512,34738,-0.32257786340779476,-0.5415341205601978
1985-2015,198512,201512,34746,15.233183738642538,6.501477571646234
1985-2015,198512,201512,34753,0.10233554304118431,-0.1951551445931768
1985-2015,198512,201512,34809,-0.9635416148259344,-0.9678895930739293
1985-2015,198512,201512,34817,30.346996663397444,13.485685383402775
1985-2015,198512,201512,34818,2.9796604242076956,0.8250038153665147
1985-2015,198512,201512,34825,10.319969551192047,6.351590445307738
1985-2015,198512,201512,34826,-0.9700000079111847,-0.9735137388101169
1985-2015,198512,201512,34833,15.64837115202571,6.693338830636974
1985-2015,198512,201512,34834,-0.8384922765396069,-0.8565979352216005
1985-2015,198512,201512,34841,-0.9923383919222241,-0.9953164778361246
1985-2015,198512,201512,34869,12.26693317988572,6.644047425205634
1985-2015,198512,201512,34884,-0.14627505694997608,-0.4320624694134642
1985-2015,198512,201512,34905,-0.6333328083255738,-0.6997998198500766
1985-2015,198512,201512,34906,-0.914893632909218,-0.9193224117691026
1985-2015,198512,201512,34913,0.4552030909824228,-0.045868639205886054
1985-2015,198512,201512,34921,-0.8217823784751026,-0.8312028939976492
1985-2015,198512,201512,34922,-0.9651162820462331,-0.9728046335781261
1985-2015,198512,201512,34948,18.641063860283516,8.07628487444873
1985-2015,198512,201512,34973,-0.9154762056499295,-0.9348946390242234
1985-2015,198512,201512,34981,4.706299136497828,1.8614616824683412
1985-2015,198512,201512,35020,0.08275589421438924,-0.10072021855902202
1985-2015,198512,201512,35028,-0.8541670626896766,-0.8808704032285624
1985-2015,198512,201512,35044,3.385947484120976,1.0267796639442879
1985-2015,198512,201512,35051,27.593209238457625,12.09526666120581
1985-2015,198512,201512,35052,1.6892275418894713,1.0159984247497866
1985-2015,198512,201512,35079,-0.9554067943891971,-0.9612864386555937
1985-2015,198512,201512,35087,-0.8985297470244986,-0.9119086683858435
1985-2015,198512,201512,35094,0.08435254895532783,0.08237199635449609
1985-2015,198512,201512,35107,5.925482530404576,2.2003181083319694
1985-2015,198512,201512,35115,2.3015109425840397,2.154328199514295
1985-2015,198512,201512,35116,1.2829189592301709,0.7114063254036891
1985-2015,198512,201512,35124,45.63586970819707,20.55078980702227
1985-2015,198512,201512,35167,9.452133743118653,3.8300104349344357
1985-2015,198512,201512,35175,4.429082620748554,2.534239013983428
1985-2015,198512,201512,35182,1.4501668963740557,1.3889673664021793
1985-2015,198512,201512,35191,-0.32180919858067714,-0.35710100090952335
1985-2015,198512,201512,35203,-0.45782452224674036,-0.7063440053596066
1985-2015,198512,201512,35204,8.899927461429431,5.67115950391022
1985-2015,198512,201512,35211,-0.17701775218080587,-0.46039616264764216
1985-2015,198512,201512,35238,2.03602811908676,0.40297166648846094
1985-2015,198512,201512,35263,14.466187729476724,6.14704288693292
1985-2015,198512,201512,35298,0.6619541409499423,0.31061751519356817
1985-2015,198512,201512,35327,-0.7333336047654213,-0.74320143613093
1985-2015,198512,201512,35351,-0.8554218172559528,-0.865052131734207
1985-2015,198512,201512,35370,10.091470069487437,6.4465459373155705
1985-2015,198512,201512,35378,20.372384513575025,13.313735461603892
1985-2015,198512,201512,35386,0.15319460993099995,0.15319460993100006
1985-2015,198512,201512,35393,0.4216007905256041,0.2341617665166685
1985-2015,198512,201512,35407,-0.9665843160319669,-0.9773989216726113
1985-2015,198512,201512,35415,-0.6991580040670531,-0.7659641981817004
1985-2015,198512,201512,35422,0.685620011358602,0.14576036841725915
1985-2015,198512,201512,35423,0.4287376129694315,0.058718787102092905
1985-2015,198512,201512,35430,0.3427393664440231,0.16569827444266633
1985-2015,198512,201512,35431,-0.9797297056460006,-0.9828518330271506
1985-2015,198512,201512,35458,-0.9173553441219882,-0.9228602827714201
1985-2015,198512,201512,35466,-0.4692301684469943,-0.48706328391915577
1985-2015,198512,201512,35474,3.386280065614577,2.1191959087291674
1985-2015,198512,201512,35482,3.1212178536267166,2.17441234250458
1985-2015,198512,201512,35503,14.745318319543609,6.3701662169646545
1985-2015,198512,201512,35510,1.1071452800205632,0.5162013107718744
1985-2015,198512,201512,35511,2.8222717791857095,1.8653930415980646
1985-2015,198512,201512,35529,3.010858440443858,1.8559402445636044
1985-2015,198512,201512,35530,0.5909067773756487,0.5199834857269086
1985-2015,198512,201512,35538,1.00996620985006,0.8617737859034871
1985-2015,198512,201512,35554,62.950296753401105,28.551918127668365
1985-2015,198512,201512,35589,-0.9058461319245199,-0.923770238661852
1985-2015,198512,201512,35597,-0.5185187802741833,-0.5654343739386314
1985-2015,198512,201512,35617,5.571442300816954,3.1565893719866462
1985-2015,198512,201512,35626,1.5925215233592813,1.4115966170482506
1985-2015,198512,201512,35634,0.07138144963445553,0.07630507761990797
1985-2015,198512,201512,35685,18.210586154398364,7.877357855092441
1985-2015,198512,201512,35693,14.263349077394158,9.349156663518515
1985-2015,198512,201512,35705,1.8514873970456063,0.3810644319945976
1985-2015,198512,201512,35706,10.053961253438917,6.88640969321718
1985-2015,198512,201512,35722,1.1278954881766716,0.6378801187162684
1985-2015,198512,201512,35749,1.2666690354240573,1.1770380102974447
1985-2015,198512,201512,35757,2.617233169188577,1.602788580594547
1985-2015,198512,201512,35781,13.654492816380124,8.028951887431482
1985-2015,198512,201512,35802,6.152482848936812,4.640450038880189
1985-2015,198512,201512,35829,22.68085215060621,11.325319714577427
1985-2015,198512,201512,35837,1.1912703703664982,1.0700592176409525
1985-2015,198512,201512,35853,0.45676497001793187,0.34366591749333303
1985-2015,198512,201512,35888,0.8884719849042464,0.6974505587996225
1985-2015,198512,201512,35909,12.202362031586501,7.951725620672482
1985-2015,198512,201512,35916,3.9491259702224406,2.0338725100690542
1985-2015,198512,201512,35917,9.259306249601078,3.740903384764395
1985-2015,198512,201512,35925,-0.014072132171535825,-0.009541213661294571
1985-2015,198512,201512,35940,1.4090421795261356,0.5132661507023406
1985-2015,198512,201512,35960,3.4390804930852443,2.132288559678614
1985-2015,198512,201512,35984,0.581250933694935,0.4989655425226043
1985-2015,198512,201512,35991,9.612302565288239,3.904025664881103
1985-2015,198512,201512,35992,-0.9852941294037851,-0.98607147611641
1985-2015,198512,201512,36003,37.37224737323353,16.732107125650217
1985-2015,198512,201512,36004,-0.6499997310574027,-0.7223873048227443
1985-2015,198512,201512,36127,17.63915871402056,10.634837506810085
1985-2015,198512,201512,36134,-0.79545475,-0.7947034359504132
1985-2015,198512,201512,36142,-0.6944444697863839,-0.7133285883918608
1985-2015,198512,201512,36150,1.9591409298344207,1.0064150349311576
1985-2015,198512,201512,36151,1.169939007645628,0.9715239695400428
1985-2015,198512,201512,36177,3.9425617539613755,2.4343420197582866
1985-2015,198512,201512,36178,5.716011045501997,3.218735673984881
1985-2015,198512,201512,36185,0.7417612117613401,0.2915502065503011
1985-2015,198512,201512,36186,0.5627741633607259,0.3567213348318289
1985-2015,198512,201512,36194,-0.8939393597074669,-0.8941330777719282
1985-2015,198512,201512,36214,-0.9102566757970846,-0.9168733446154351
1985-2015,198512,201512,36215,-0.9405234476271149,-0.9549806982385295
1985-2015,198512,201512,36231,0.3666626308695932,0.3160900929871931
1985-2015,198512,201512,36250,2.583506827078098,1.7798246713955694
1985-2015,198512,201512,36257,1.7533252049694732,0.60586149894964
1985-2015,198512,201512,36258,0.1671772324139147,0.15659538987163035
1985-2015,198512,201512,36273,0.5104622638116039,0.13310587120527378
1985-2015,198512,201512,36274,8.539165707054877,5.002480205993669
1985-2015,198512,201512,36281,36.600631753244464,16.375537683668206
1985-2015,198512,201512,36282,1.034053393128481,0.582363244618813
1985-2015,198512,201512,36311,-0.9732906542298163,-0.9784073114446665
1985-2015,198512,201512,36345,-0.7499999281707719,-0.8017053131281956
1985-2015,198512,201512,36346,22.183248347260022,9.713155245134894
1985-2015,198512,201512,36397,9.992328125165375,4.079638364149978
1985-2015,198512,201512,36409,0.34285392916791735,0.2070224873195178
1985-2015,198512,201512,36417,0.357686075661116,0.2870345886362523
1985-2015,198512,201512,36426,-0.22727375125114543,-0.24319911300851446
1985-2015,198512,201512,36468,80.58189898302004,36.69961551144317
1985-2015,198512,201512,36469,0.35623323357356806,-0.29487845372837623
1985-2015,198512,201512,36484,2.4444439689142,2.438152747053169
1985-2015,198512,201512,36485,-0.22222095024942287,-0.36463938611556007
1985-2015,198512,201512,36493,0.5032164890106341,0.420065360837185
1985-2015,198512,201512,36506,0.6224142826519226,0.40849786412911226
1985-2015,198512,201512,36549,8.993505089210004,5.701166296016278
1985-2015,198512,201512,36565,-0.8879310647394175,-0.8883397026072775
1985-2015,198512,201512,36602,6.372447965579582,4.218967374597463
1985-2015,198512,201512,36637,0.7513369551379088,0.246231309873525
1985-2015,198512,201512,36661,1.936446731618132,1.2428625280633239
1985-2015,198512,201512,36695,-0.8891230983188539,-0.9338129691220685
1985-2015,198512,201512,36708,-0.3064515437314889,-0.31273938105033294
1985-2015,198512,201512,36709,2.5537616133227865,0.996023352190037
1985-2015,198512,201512,36717,0.6800010857080327,0.39532005066784176
1985-2015,198512,201512,36740,-0.9821665715262671,-0.9871679148638642
1985-2015,198512,201512,36741,-0.761904549603116,-0.7627727189755752
1985-2015,198512,201512,36760,-0.934615512206715,-0.9382322859480895
1985-2015,198512,201512,36767,-0.666666733158287,-0.6968941259084922
1985-2015,198512,201512,36768,11.888766860173018,4.955997115809806
1985-2015,198512,201512,36775,3.0939672018098037,1.6651019366159128
1985-2015,198512,201512,36783,6.182016885220437,3.6504410281670348
1985-2015,198512,201512,36792,0.0999974440170145,-0.011268744810364743
1985-2015,198512,201512,36805,-0.7606842402246033,-0.8134292971223189
1985-2015,198512,201512,36848,-0.8790485646889072,-0.920457329244871
1985-2015,198512,201512,36898,37.596861361645004,16.835902956676016
1985-2015,198512,201512,36901,0.5162092444035788,0.42863508976992376
1985-2015,198512,201512,36927,0.060901281359892714,-0.15851589221599235
1985-2015,198512,201512,36944,-0.9910714261815148,-0.9924873508979182
1985-2015,198512,201512,36952,-0.8117644353980633,-0.8458865377453808
1985-2015,198512,201512,36978,-0.042409049382048994,-0.36180066522840243
1985-2015,198512,201512,36986,1.3393603580560436,1.1761028692385151
1985-2015,198512,201512,36994,-0.8076923158955551,-0.8443020009435865
1985-2015,198512,201512,37007,0.36550888011267996,0.1835854131349404
1985-2015,198512,201512,37015,-0.8518523265552117,-0.8802326870745905
1985-2015,198512,201512,37022,-0.5201104146749791,-0.7575374119353537
1985-2015,198512,201512,37023,11.612116697042147,5.382880667997289
1985-2015,198512,201512,37058,-0.6096387985346099,-0.8175991410584693
1985-2015,198512,201512,37065,0.42118413838123364,0.3507428376092934
1985-2015,198512,201512,37082,-0.6363636818182404,-0.6485813476811113
1985-2015,198512,201512,37102,1.7007045273722192,0.9758166321404498
1985-2015,198512,201512,37103,4.848661589398197,2.8005868711131003
1985-2015,198512,201512,37146,-8.333337503107713e-08,-0.0108598109351849
1985-2015,198512,201512,37154,-0.9146814185029115,-0.9605736351014407
1985-2015,198512,201512,37161,13.809982510854615,5.843805468497656
1985-2015,198512,201512,37189,2.889487510463153,1.544111220189245
1985-2015,198512,201512,37196,1.1621755750588667,0.3605399559812014
1985-2015,198512,201512,37197,2.7981335448355655,1.4843566514095032
1985-2015,198512,201512,37217,20.110879771864532,8.755497977231968
1985-2015,198512,201512,37218,1.492555879899594,0.689004077328121
1985-2015,198512,201512,37225,2.2307706952401585,1.9674221595777244
1985-2015,198512,201512,37226,3.913887142747164,2.16306162957753
1985-2015,198512,201512,37234,-0.9866673282825013,-0.9938291134963536
1985-2015,198512,201512,37242,0.5263140350694084,0.24963388788828741
1985-2015,198512,201512,37276,-0.951219458090506,-0.9638527916562191
1985-2015,198512,201512,37277,0.5397883041320757,-0.0655254767260627
1985-2015,198512,201512,37284,24.90197943028031,10.969501539920254
1985-2015,198512,201512,37322,0.9071383515261315,0.4132218428597029
1985-2015,198512,201512,37348,3.400003640198147,2.9323008820413525
1985-2015,198512,201512,37349,-0.5666655150737575,-0.6621721882850338
1985-2015,198512,201512,37357,-0.6666681589449502,-0.7621855729287407
1985-2015,198512,201512,37365,-0.9764774142666601,-0.9835822565730904
1985-2015,198512,201512,37381,-0.7696932983694922,-0.8935735229332438
1985-2015,198512,201512,37399,0.15072527017065768,-0.4288776738594376
1985-2015,198512,201512,37402,1.947054980537235,0.361856503002722
1985-2015,198512,201512,37445,-6.170453288352789e-07,-0.009964379013174953
1985-2015,198512,201512,37453,-0.09091034973515219,-0.0983348568607269
1985-2015,198512,201512,37460,-0.9356491775388568,-0.9678409184037249
1985-2015,198512,201512,37461,2.777177947496085,1.6738701402935376
1985-2015,198512,201512,37496,-0.8071431376659046,-0.8685012161377628
1985-2015,198512,201512,37508,0.8179651589218517,0.6839287446623585
1985-2015,198512,201512,37517,-0.9117650358668937,-0.9279216623337181
1985-2015,198512,201512,37541,-0.9854617342860438,-0.9910477045490962
1985-2015,198512,201512,37568,66.89559557309008,30.37507069501631
1985-2015,198512,201512,37575,0.06934268198155051,0.06544352908462552
1985-2015,198512,201512,37584,86.18550916292618,39.28908636088285
1985-2015,198512,201512,37612,1.4964861695152853,0.632949960071939
1985-2015,198512,201512,37640,0.5144635733121128,0.007491591984261437
1985-2015,198512,201512,37648,0.26537200000000005,0.26190839051094894
1985-2015,198512,201512,37664,-0.5238090570613467,-0.5246788122082668
1985-2015,198512,201512,37699,-0.8193019268567981,-0.9074927428826607
1985-2015,198512,201512,37701,-0.5217391230293458,-0.5226126588776941
1985-2015,198512,201512,37795,-0.6363637126360266,-0.6617408833286614
1985-2015,198512,201512,37807,86.27282308074112,39.32943478585777
1985-2015,198512,201512,37808,-0.4047629966780494,-0.4893296352975733
1985-2015,198512,201512,37815,12.13904255083904,7.821236798567009
1985-2015,198512,201512,37816,1.9052321902786193,1.751662724414671
1985-2015,198512,201512,37832,-0.3066694008360917,-0.6755893316297581
1985-2015,198512,201512,37859,-0.7702128836008908,-0.8433204502656105
1985-2015,198512,201512,37867,3.724847629515758,1.3980656969601828
1985-2015,198512,201512,37874,-0.8458206540229124,-0.8790251075714597
1985-2015,198512,201512,37875,18.19474071346444,7.870035556417573
1985-2015,198512,201512,37891,0.20512703526714593,0.19203968284795453
1985-2015,198512,201512,37912,0.14583311022281392,0.08526480890254362
1985-2015,198512,201512,37947,-0.39130464290809125,-0.47156153669463374
1985-2015,198512,201512,37954,-0.053911022542297946,-0.20699750585792287
1985-2015,198512,201512,37955,30.912137050448834,13.746841051111108
1985-2015,198512,201512,37971,1.545628926183419,1.3128615264492738
1985-2015,198512,201512,38033,22.121699776798167,9.684713182978722
1985-2015,198512,201512,38042,-0.932291695437482,-0.9468735270015562
1985-2015,198512,201512,38085,24.654497964378603,15.369157195017998
1985-2015,198512,201512,38093,16.580083143588016,7.123890022594534
1985-2015,198512,201512,38105,-0.9952682406942156,-0.9966241430018131
1985-2015,198512,201512,38106,9.630614193573722,6.501137064929676
1985-2015,198512,201512,38149,35.33684068527374,15.727315440147002
1985-2015,198512,201512,38156,16.194275569484105,6.9456054106103595
1985-2015,198512,201512,38157,-0.05478962859178841,-0.3700518683236728
1985-2015,198512,201512,38172,-0.49313619710323153,-0.7434569567045146
1985-2015,198512,201512,38173,-0.7307692395538927,-0.7836255726708861
1985-2015,198512,201512,38180,0.6249983891941104,0.6102658562005099
1985-2015,198512,201512,38261,0.09999975621914038,0.08903961372057953
1985-2015,198512,201512,38280,4.021526781842794,2.3023638824032386
1985-2015,198512,201512,38287,0.702285094631502,0.6837987406626527
1985-2015,198512,201512,38295,-0.6852551123993721,-0.8545539954983674
1985-2015,198512,201512,38317,-0.8181815773262555,-0.8777061317031369
1985-2015,198512,201512,38333,5.922068266970377,2.871965514738291
1985-2015,198512,201512,38340,0.5217416799057017,0.334882549066559
1985-2015,198512,201512,38375,1.0616867799831473,0.34854796560238155
1985-2015,198512,201512,38384,-0.9305555179629827,-0.9441891037746619
1985-2015,198512,201512,38413,-0.4999993800865329,-0.5881682912091789
1985-2015,198512,201512,38420,0.9409705858576742,-0.10306274163727433
1985-2015,198512,201512,38447,-0.9680163820890882,-0.9747777096849737
1985-2015,198512,201512,38456,-0.2857145,-0.2830908617998164
1985-2015,198512,201512,38471,-0.8266933548653221,-0.8924947995844478
1985-2015,198512,201512,38472,1.3684465434263506,0.539067819241976
1985-2015,198512,201512,38520,-0.6795063715798688,-0.7791301791530872
1985-2015,198512,201512,38527,4.883810770102413,2.9575416441365796
1985-2015,198512,201512,38535,-0.8913045731442194,-0.916978265860679
1985-2015,198512,201512,38543,-0.8970583082446345,-0.9310568204113883
1985-2015,198512,201512,38551,2.5936345005832577,2.114863211052735
1985-2015,198512,201512,38578,5.076933139635322,1.8867974538198529
1985-2015,198512,201512,38579,0.20802829886690877,0.20582185448541687
1985-2015,198512,201512,38607,95.15192256228625,69.34407721591631
1985-2015,198512,201512,38608,0.5292697691087247,-0.09305921994800012
1985-2015,198512,201512,38616,-0.6875004724980958,-0.7346060733802786
1985-2015,198512,201512,38624,-0.7156252328826568,-0.7841516524588499
1985-2015,198512,201512,38632,0.0,-0.0027372262773722733
1985-2015,198512,201512,38658,4.3085664944323065,1.4895044722440685
1985-2015,198512,201512,38659,190.99232831143632,87.72111398135496
1985-2015,198512,201512,38675,0.5535273784129384,0.43291597013108973
1985-2015,198512,201512,38682,1.7827144292048303,0.2859134853063629
1985-2015,198512,201512,38691,-0.9620599915895224,-0.9698191927273275
1985-2015,198512,201512,38703,100.78395491288882,46.035139084573466
1985-2015,198512,201512,38711,-0.970525109627836,-0.9768728964990845
1985-2015,198512,201512,38712,0.0465607761808995,0.02042009666879829
1985-2015,198512,201512,38746,-0.6501520108422563,-0.8383325854986095
1985-2015,198512,201512,38755,16.707038759277257,7.447601684776364
1985-2015,198512,201512,38762,40.905370726038406,18.364790277374528
1985-2015,198512,201512,38763,-0.9552155310024043,-0.9633337643338037
1985-2015,198512,201512,38770,1.538463521581654,1.3082700741170932
1985-2015,198512,201512,38790,-0.9937806514899962,-0.9970472945902267
1985-2015,198512,201512,38798,-0.6756751527603254,-0.7522801830657133
1985-2015,198512,201512,38827,-0.876861109123286,-0.9251857655762932
1985-2015,198512,201512,38835,0.0940590592848226,0.1011110053391443
1985-2015,198512,201512,38850,-0.5546680768808321,-0.7942087339734699
1985-2015,198512,201512,38869,0.07280067888385673,0.06307447145970546
1985-2015,198512,201512,38878,-0.9600000951994795,-0.9676627988557923
1985-2015,198512,201512,38885,0.5142857738400284,0.5240463635424959
1985-2015,198512,201512,38886,-0.9423076059081373,-0.9553731162474127
1985-2015,198512,201512,38893,10.975747784546506,6.522696740522608
1985-2015,198512,201512,38894,-0.4354828147591886,-0.4471171295087754
1985-2015,198512,201512,38906,12.284361728643429,5.425717091840847
1985-2015,198512,201512,38907,0.659376697644174,0.1493654819550597
1985-2015,198512,201512,38914,4.175319087428566,1.707814151536351
1985-2015,198512,201512,38915,-0.9508196110154328,-0.9583946090091857
1985-2015,198512,201512,38922,0.14606685177399995,0.14606685177400008
1985-2015,198512,201512,38949,0.04156976638519122,-0.1269664458136396
1985-2015,198512,201512,38973,7.877297833029468,3.47671946309245
1985-2015,198512,201512,38974,2.5633519499987436,1.5339906840264366
1985-2015,198512,201512,38982,-0.5164768645677527,-0.6887568980992658
1985-2015,198512,201512,39029,-0.8863160424238905,-0.94746577924926
1985-2015,198512,201512,39036,0.31219711764850805,0.25369881957151974
1985-2015,198512,201512,39045,0.8775278677703948,0.1548328415717749
1985-2015,198512,201512,39087,2.36077622447516,0.5731329713201274
1985-2015,198512,201512,39108,0.3454589269267002,0.2677470751128306
1985-2015,198512,201512,39116,-0.8333333315190604,-0.8805464467871036
1985-2015,198512,201512,39140,1.6006367977981664,1.324199525750938
1985-2015,198512,201512,39204,-0.28457446793151214,-0.34945082649679005
1985-2015,198512,201512,39205,-0.6923070781510399,-0.7501423747541504
1985-2015,198512,201512,39212,1.494954153653826,1.3630718283740313
1985-2015,198512,201512,39213,1.1568058062498063,1.0445695977719325
1985-2015,198512,201512,39220,5.332367551998244,1.9262351693622635
1985-2015,198512,201512,39221,-0.4,-0.40109589041095906
1985-2015,198512,201512,39239,17.219236099450036,10.069274628515238
1985-2015,198512,201512,39240,-0.008444161025839166,-0.377143372414507
1985-2015,198512,201512,39256,-0.5999996505609512,-0.8116863012082381
1985-2015,198512,201512,39263,0.48212833586873755,0.37869469881236556
1985-2015,198512,201512,39300,1.8065653249318312,1.352435506250377
1985-2015,198512,201512,39301,5.433590497094193,2.2138548506965097
1985-2015,198512,201512,39328,0.321350211843629,-0.38939402534823503
1985-2015,198512,201512,39335,2.9575739358763085,2.208923080054005
1985-2015,198512,201512,39336,-0.4545452251157882,-0.5215232191425012
1985-2015,198512,201512,39379,-0.9238261717093477,-0.9514530645354617
1985-2015,198512,201512,39394,1.1213263077318851,1.100189904303396
1985-2015,198512,201512,39395,-0.41666604379675726,-0.42143011421946996
1985-2015,198512,201512,39416,-0.7830523551898902,-0.8664091404070704
1985-2015,198512,201512,39424,0.8816512535243888,0.437208120267057
1985-2015,198512,201512,39432,1.5292066611219486,0.8973389709034258
1985-2015,198512,201512,39466,-0.08533365444192353,-0.3813550026639987
1985-2015,198512,201512,39482,0.2315182912785469,-0.40353721668286113
1985-2015,198512,201512,39483,2.3667362373426024,1.2970304041295102
1985-2015,198512,201512,39490,12.542792986128894,5.2582275589637035
1985-2015,198512,201512,39538,13.686092229200016,5.786554827826067
1985-2015,198512,201512,39562,0.9466005137850924,0.19866724595329913
1985-2015,198512,201512,39570,11.775450475735573,7.640821392313724
1985-2015,198512,201512,39571,135.93514507902756,62.27877119601599
1985-2015,198512,201512,39589,1.2282297463316767,1.2080282073803468
1985-2015,198512,201512,39590,-0.970212723371854,-0.9817092733963126
1985-2015,198512,201512,39635,0.27142678392558944,0.20526407183926196
1985-2015,198512,201512,39642,62.012571768016855,28.118588285569125
1985-2015,198512,201512,39669,3.8718851083332524,3.1797256070708357
1985-2015,198512,201512,39670,1.1743528969466177,0.4706483393333257
1985-2015,198512,201512,39678,-0.5874989415146948,-0.6381511581665824
1985-2015,198512,201512,39686,-0.33333465486814506,-0.46657011549845046
1985-2015,198512,201512,39693,18.85570597756086,8.175472628041028
1985-2015,198512,201512,39723,-0.2567577077399721,-0.2628277446096094
1985-2015,198512,201512,39731,4.689639073539647,1.6292254549746739
1985-2015,198512,201512,39757,14.601326057809626,6.83539540836825
1985-2015,198512,201512,39765,-0.8520615042004951,-0.9236198507752201
1985-2015,198512,201512,39766,-0.5049130799909702,-0.7494176849302981
1985-2015,198512,201512,39773,-0.7333728137780209,-0.8492377058765529
1985-2015,198512,201512,39781,-0.977477525151662,-0.9829521710462372
1985-2015,198512,201512,39782,-0.9786558289469486,-0.9821095253366677
1985-2015,198512,201512,39830,-0.9178356099688212,-0.9235696354858908
1985-2015,198512,201512,39846,-0.19047516769869932,-0.22248625509198466
1985-2015,198512,201512,39854,-0.8857137613809081,-0.9152545055558565
1985-2015,198512,201512,39862,-0.8378374792910275,-0.861528410050854
1985-2015,198512,201512,39889,1.5119001478622467,0.8266845386649588
1985-2015,198512,201512,39917,3.7858745963059217,1.4223131080775442
1985-2015,198512,201512,39926,-0.8870968387707963,-0.8985171420859213
1985-2015,198512,201512,39942,-0.8461538027972,-0.8455887111637646
1985-2015,198512,201512,39969,-0.2723052211429289,-0.3125580006129832
1985-2015,198512,201512,39984,-0.9799999066305425,-0.9835266751674325
1985-2015,198512,201512,39985,-0.8529410093580936,-0.8755917362448888
1985-2015,198512,201512,40053,2.3768498951866563,2.1411888812246924
1985-2015,198512,201512,40054,-0.9953703574361884,-0.9968094581826947
1985-2015,198512,201512,40061,4.654523614567012,1.9585420348117482
1985-2015,198512,201512,40062,-0.9939617071905334,-0.9969049643402987
1985-2015,198512,201512,40097,14.428948921294145,7.792409369642597
1985-2015,198512,201512,40118,0.26923048391538745,-0.09683013091177244
1985-2015,198512,201512,40125,14.23465775155856,6.040051124597197
1985-2015,198512,201512,40134,1.4040745936301335,1.18606782931592
1985-2015,198512,201512,40141,0.07779079995713295,0.08473788614470208
1985-2015,198512,201512,40168,-0.8847819553628755,-0.9162120274195762
1985-2015,198512,201512,40176,1.034062655517221,0.7871627672671413
1985-2015,198512,201512,40192,-0.9274075086697655,-0.9324735378519606
1985-2015,198512,201512,40213,5.270367766150423,3.21754582670917
1985-2015,198512,201512,40221,-0.725682583267671,-0.779861280111281
1985-2015,198512,201512,40222,-0.10810820062864789,-0.2348212427685345
1985-2015,198512,201512,40249,1.0958886358767344,0.9868224449377883
1985-2015,198512,201512,40265,0.44144846234603347,0.31073474987039507
1985-2015,198512,201512,40272,18.67319821191306,8.091134402545595
1985-2015,198512,201512,40299,6.625950774902845,3.5152568780979436
1985-2015,198512,201512,40301,1.2374799936276397,1.1192076542764395
1985-2015,198512,201512,40302,2.5179465598625117,2.3348790892712272
1985-2015,198512,201512,40345,0.8914591693590954,0.17597546763907446
1985-2015,198512,201512,40352,-0.7752371947554111,-0.8261388916260894
1985-2015,198512,201512,40361,0.02286875239424091,0.011760675445162554
1985-2015,198512,201512,40388,9.08156357064884,5.878370151510102
1985-2015,198512,201512,40396,0.45000000000000007,0.45934622467771613
1985-2015,198512,201512,40416,2.0156725216914535,0.39356519023729547
1985-2015,198512,201512,40425,3.291692144183547,1.8778033825721567
1985-2015,198512,201512,40440,7.059962732014634,2.724570031113832
1985-2015,198512,201512,40459,-0.8754568950352358,-0.8999076369658181
1985-2015,198512,201512,40468,7.94313807516842,3.8510421420144407
1985-2015,198512,201512,40476,1.8345666382603518,1.079316332629908
1985-2015,198512,201512,40483,7.0329531440138275,4.045987233567313
1985-2015,198512,201512,40484,29.568579539160872,19.385269942832743
1985-2015,198512,201512,40505,0.04330618314700359,-0.09425444147762084
1985-2015,198512,201512,40513,-0.019607999999999997,-0.022291554744525485
1985-2015,198512,201512,40521,-0.05405533198374584,-0.20406657263913278
1985-2015,198512,201512,40539,93.82835377573619,42.82090293917331
1985-2015,198512,201512,40540,-0.8666668911695503,-0.9306693206699896
1985-2015,198512,201512,40571,3.076880750417116,1.8619336289055304
1985-2015,198512,201512,40572,0.24300569668986213,-0.2628295027227237
1985-2015,198512,201512,40620,-0.9869403095783948,-0.9893316579739803
1985-2015,198512,201512,40628,7.874899037121523,4.836500991320001
1985-2015,198512,201512,40635,0.5306794820937364,0.11312885823583059
1985-2015,198512,201512,40643,0.09987602028945862,0.05638355903020881
1985-2015,198512,201512,40644,13.408224859299507,8.182617942399043
1985-2015,198512,201512,40687,-0.997620007854311,-0.9983932480449426
1985-2015,198512,201512,40694,12.379819920580521,5.135755265812081
1985-2015,198512,201512,40695,-0.9415999224197982,-0.9686332752849334
1985-2015,198512,201512,40707,2.70749836536647,1.213159865289763
1985-2015,198512,201512,40708,-0.9247868610147998,-0.9458802100652905
1985-2015,198512,201512,40715,0.26841743824794606,0.10910420800400522
1985-2015,198512,201512,40731,-0.15757514000541226,-0.39779570178280943
1985-2015,198512,201512,40759,-0.7499999062667555,-0.775287744695365
1985-2015,198512,201512,40766,1.9551404947107236,1.8086683136685355
1985-2015,198512,201512,40782,1.0564358611245583,0.8259012154420315
1985-2015,198512,201512,40791,1.7547853327415721,1.5712898110047284
1985-2015,198512,201512,40811,-0.9622864490647737,-0.969823637502048
1985-2015,198512,201512,40838,4.088651319392899,2.1246606135373285
1985-2015,198512,201512,40847,-0.7580644862370585,-0.8055621201890477
1985-2015,198512,201512,40871,2.1204471902147963,1.5078299844888026
1985-2015,198512,201512,40897,0.5566415423078834,0.3492539300099254
1985-2015,198512,201512,40898,0.022367946876374285,-0.19376034203760742
1985-2015,198512,201512,40935,3.327196855862794,1.9504841942969664
1985-2015,198512,201512,40970,-0.982128940266542,-0.9915589985226594
1985-2015,198512,201512,40977,0.9622762647034515,0.9427245990225281
1985-2015,198512,201512,40994,-0.7851563553265595,-0.8511887809708044
1985-2015,198512,201512,41005,3.5294164545158866,1.784393804716463
1985-2015,198512,201512,41014,3.0541513463406407,1.5510578132126218
1985-2015,198512,201512,41021,0.7575902756689574,0.28498071659275476
1985-2015,198512,201512,41057,0.37499954731208013,0.36129937066313716
1985-2015,198512,201512,41064,1.932757555320773,0.8550370416467621
1985-2015,198512,201512,41072,5.3674930199743445,2.9209407722996943
1985-2015,198512,201512,41080,18.417844982795263,7.973133734782884
1985-2015,198512,201512,41081,1.3077189143085106,0.6421463368093778
1985-2015,198512,201512,41100,5.956057611526303,3.369523545631184
1985-2015,198512,201512,41102,0.019230894528000003,0.023914860035941014
1985-2015,198512,201512,41136,4.802846171655959,2.9740043017668993
1985-2015,198512,201512,41152,-0.94166645000656,-0.9447020206913878
1985-2015,198512,201512,41179,4.992368573257715,2.8916570710461595
1985-2015,198512,201512,41180,0.07843128348456194,0.0764615459804803
1985-2015,198512,201512,41187,12.45256180426046,5.216531044099647
1985-2015,198512,201512,41188,2.946602432800576,0.8237549768739147
1985-2015,198512,201512,41195,0.40551783172602524,0.39151357796788566
1985-2015,198512,201512,41209,-0.8881305008191385,-0.9021813099162548
1985-2015,198512,201512,41216,-0.989925349616624,-0.9927027217567728
1985-2015,198512,201512,41217,9.002407545208845,3.6221885411323473
1985-2015,198512,201512,41232,0.47764304734180435,0.3629230807971239
1985-2015,198512,201512,41233,8.659019108132211,5.877725006637461
1985-2015,198512,201512,41241,53.12283419780493,24.010572995751314
1985-2015,198512,201512,41259,0.692053119200837,0.6040017860247295
1985-2015,198512,201512,41260,4.749291608586865,2.3230966304523757
1985-2015,198512,201512,41275,0.9329462303774017,0.8614187046718056
1985-2015,198512,201512,41292,33.485174352217165,14.935861142362723
1985-2015,198512,201512,41304,-0.9344261785052532,-0.9397712715178502
1985-2015,198512,201512,41320,5.040588859357041,1.791402018085718
1985-2015,198512,201512,41340,-0.285714965016604,-0.28111091782978653
1985-2015,198512,201512,41355,22.54271369282229,9.87926691311903
1985-2015,198512,201512,41356,6.631917552661424,4.385207156267872
1985-2015,198512,201512,41371,7.192147612397459,3.2597608660087687
1985-2015,198512,201512,41399,-0.9997387891012438,-0.9998412105048162
1985-2015,198512,201512,41419,-0.9039989377519122,-0.9514614593425017
1985-2015,198512,201512,41420,-0.869196573710063,-0.9110894621051608
1985-2015,198512,201512,41427,1.4790861278824146,0.8584644292012877
1985-2015,198512,201512,41428,-0.8530652627853696,-0.900124584716672
1985-2015,198512,201512,41443,25.636368322683495,12.93659673369703
1985-2015,198512,201512,41444,2.7503002934063407,0.971658595811995
1985-2015,198512,201512,41452,160.57181819565503,73.66356507255071
1985-2015,198512,201512,41486,0.13461809000343097,0.030870799978179788
1985-2015,198512,201512,41487,9.867479269950264,4.974926982925378
1985-2015,198512,201512,41515,-0.9097791364192154,-0.9383678725663764
1985-2015,198512,201512,41523,-0.089431,-0.09192343339416065
1985-2015,198512,201512,41532,1.4333361636897886,1.1379714042708504
1985-2015,198512,201512,41567,-0.8076921956848256,-0.8124956020370335
1985-2015,198512,201512,41574,5.689675993242501,2.0913501154694254
1985-2015,198512,201512,41575,0.7586706458372652,0.7554584620092517
1985-2015,198512,201512,41583,-0.9461538155510892,-0.9567250885274564
1985-2015,198512,201512,41647,-0.9609375559084627,-0.9675567998540653
1985-2015,198512,201512,41662,0.46521982133200857,0.4506207107933745
1985-2015,198512,201512,41663,3.2222146850603126,1.0852656922090431
1985-2015,198512,201512,41718,2.8424649771394814,1.6973758638493597
1985-2015,198512,201512,41719,-0.7413795692422365,-0.7654173188230411
1985-2015,198512,201512,41726,4.774590170340043,2.55184415091822
1985-2015,198512,201512,41734,-0.9840734430553766,-0.9885021619944033
1985-2015,198512,201512,41743,3.790700442731148,3.2024362631662484
1985-2015,198512,201512,41750,1.6800018660460196,1.6532989489024428
1985-2015,198512,201512,41769,3.000000536587783,2.5515845544195317
1985-2015,198512,201512,41778,0.0,-0.0027372262773722733
1985-2015,198512,201512,41807,3.6835321916511115,1.5698296613828653
1985-2015,198512,201512,41815,1.6222180328722562,1.0889827331846762
1985-2015,198512,201512,41823,0.8077049352049028,0.054333774908729315
1985-2015,198512,201512,41874,3.9624474922744968,2.0626511061863497
1985-2015,198512,201512,41903,-0.9462364731745873,-0.9528382545584461
1985-2015,198512,201512,41911,0.6576003240585748,0.6019072981397189
1985-2015,198512,201512,41929,2.086367852123926,0.41772260916238996
1985-2015,198512,201512,41930,39.34292762131181,19.475790634867632
1985-2015,198512,201512,41937,2.219783900413192,1.7952532193420345
1985-2015,198512,201512,41953,0.7380195236066465,0.5622165619260382
1985-2015,198512,201512,41989,0.24700673737509227,0.1254982361279733
1985-2015,198512,201512,42008,1.1068695490407139,0.935133123614706
1985-2015,198512,201512,42009,-0.4791657092009265,-0.4834193467845852
1985-2015,198512,201512,42024,0.08315060978867987,-0.49308332555512635
1985-2015,198512,201512,42025,-0.9583333504209189,-0.9658864060000482
1985-2015,198512,201512,42059,2.886899300437834,0.7961657056880014
1985-2015,198512,201512,42067,1.6091033635033773,0.20568649246768375
1985-2015,198512,201512,42075,2.730770908721335,2.4822652461421164
1985-2015,198512,201512,42083,47.88353546149684,22.756460147535456
1985-2015,198512,201512,42084,0.93637824818808,0.3663404940410406
1985-2015,198512,201512,42104,1.8222866027714923,0.8007934949382634
1985-2015,198512,201512,42112,0.43281881021181234,-0.07769672581771982
1985-2015,198512,201512,42148,-0.46816996774636266,-0.5277902313133829
1985-2015,198512,201512,42164,-0.9831731039418121,-0.9863359603331358
1985-2015,198512,201512,42172,0.035713999999999996,0.04238987292817672
1985-2015,198512,201512,42198,1.317491384417544,1.183636278593426
1985-2015,198512,201512,42200,8.54297664269016,3.409882029578413
1985-2015,198512,201512,42201,0.4109566052623047,-0.02578928013158644
1985-2015,198512,201512,42219,1.076231702447934,0.009008764006114696
1985-2015,198512,201512,42220,1.215753738465306,1.1337610891124035
1985-2015,198512,201512,42228,2.333464791837051,1.277173135923686
1985-2015,198512,201512,42243,2.583518437707653,2.3448212232403627
1985-2015,198512,201512,42252,0.7222227821197884,0.7050629536747535
1985-2015,198512,201512,42279,1.0375888774628343,0.7304464981094612
1985-2015,198512,201512,42286,24.861643380261963,10.95086194466816
1985-2015,198512,201512,42295,1.4002820347191633,0.8168339778033546
1985-2015,198512,201512,42307,28.880861869406022,14.297321790754477
1985-2015,198512,201512,42316,0.09615376997700001,0.09615376997700009
1985-2015,198512,201512,42324,1.3846150690843597,1.2903200971082631
1985-2015,198512,201512,42358,1.2246528669803305,0.028028996346896772
1985-2015,198512,201512,42359,-0.9937994708474155,-0.9947827726221902
1985-2015,198512,201512,42366,-0.9470877432346984,-0.9629986585767916
1985-2015,198512,201512,42383,-0.8000000890244054,-0.8003653856654569
1985-2015,198512,201512,42438,4.062662216477521,2.1174590437239043
1985-2015,198512,201512,42439,17.069366965148465,7.349991794908492
1985-2015,198512,201512,42454,1.9729750093066696,1.2394636010835232
1985-2015,198512,201512,42455,-0.8359361640299365,-0.924184854575508
1985-2015,198512,201512,42462,0.5631628815676444,0.560307789546516
1985-2015,198512,201512,42518,0.518824933112128,0.5258048271062097
1985-2015,198512,201512,42519,0.9487163070070552,0.9000418586607581
1985-2015,198512,201512,42534,38.79179251937843,17.388089725686786
1985-2015,198512,201512,42535,2.7950001413850005,1.9355521263508884
1985-2015,198512,201512,42542,-0.9062503708973412,-0.927481709406082
1985-2015,198512,201512,42550,29.28940391262222,12.996963735967036
1985-2015,198512,201512,42551,0.3303317064386516,0.25674378144982374
1985-2015,198512,201512,42569,0.5673610955714656,0.06537666508682383
1985-2015,198512,201512,42578,35.00006547062904,24.4022411616511
1985-2015,198512,201512,42585,21.18162038602694,9.250295352257657
1985-2015,198512,201512,42586,-0.7948713404482646,-0.8615159821556226
1985-2015,198512,201512,42606,-0.9024788325652692,-0.9398133054736528
1985-2015,198512,201512,42607,-0.20755120934421534,-0.5013549060525191
1985-2015,198512,201512,42614,10.191532386686385,4.1716921672754355
1985-2015,198512,201512,42674,0.40000063333339997,0.40902457848379903
1985-2015,198512,201512,42682,-0.6000005553514112,-0.60999162087341
1985-2015,198512,201512,42710,4.884530441927165,2.722101720501384
1985-2015,198512,201512,42711,0.5318614400790744,0.32988447498524875
1985-2015,198512,201512,42729,-0.9166665092351206,-0.9268992733499091
1985-2015,198512,201512,42745,1.2279999041119307,0.507866188974827
1985-2015,198512,201512,42746,-0.9603318381978581,-0.9693154275656468
1985-2015,198512,201512,42753,0.4833593711460909,0.24333726431186753
1985-2015,198512,201512,42796,8.465469082598709,3.3740651970321984
1985-2015,198512,201512,42817,0.8269962162628668,0.49581038529985966
1985-2015,198512,201512,42833,2.1867975503669603,1.0708500134073051
1985-2015,198512,201512,42834,-0.061219192578825875,-0.2962363357261024
1985-2015,198512,201512,42876,-0.8548850562980256,-0.8755018575618069
1985-2015,198512,201512,42877,41.605613636631205,18.688377847939062
1985-2015,198512,201512,42884,0.4591409434769762,0.35731153295347606
1985-2015,198512,201512,42885,0.466667,0.46666699999999994
1985-2015,198512,201512,42893,-0.9032518503649033,-0.9392615005449967
1985-2015,198512,201512,42906,5.831780285104489,2.1570175886774012
1985-2015,198512,201512,42922,7.2256604681523555,2.801140214222819
1985-2015,198512,201512,42981,5.946700481000018,3.015200225136451
1985-2015,198512,201512,42999,0.7565026784193154,0.7532944543491433
1985-2015,198512,201512,43020,0.07258092881700001,0.07258092881699998
1985-2015,198512,201512,43027,-0.9299999041018607,-0.9387919161466669
1985-2015,198512,201512,43028,7.777827844675546,3.885013153885124
1985-2015,198512,201512,43036,5.188693376905019,3.7435076163795094
1985-2015,198512,201512,43043,0.04398376297515334,-0.037068140985786764
1985-2015,198512,201512,43052,-0.8906251280756654,-0.8949501449795275
1985-2015,198512,201512,43123,-0.19288811736061123,-0.6270274652891441
1985-2015,198512,201512,43124,-0.12396795752618997,-0.20340846720143585
1985-2015,198512,201512,43159,-0.8666665469047261,-0.8677554771024188
1985-2015,198512,201512,43167,-0.9747413898482258,-0.9849713332085523
1985-2015,198512,201512,43183,-0.596153167636044,-0.6370028061070689
1985-2015,198512,201512,43191,0.781247722520463,0.41902606466098163
1985-2015,198512,201512,43204,0.8250073172488923,0.6762462165991923
1985-2015,198512,201512,43211,-0.9313724978672244,-0.9473984152656916
1985-2015,198512,201512,43238,1.1506353000423108,0.3603266105012994
1985-2015,198512,201512,43246,1.603621127418024,1.3675190451480028
1985-2015,198512,201512,43263,2.648645050499959,1.4632297962918166
1985-2015,198512,201512,43271,-0.4166665072053825,-0.523480188621437
1985-2015,198512,201512,43290,-0.8677541754576377,-0.9340517630681763
1985-2015,198512,201512,43298,1.3969733020725994,1.2373115449746797
1985-2015,198512,201512,43318,0.5556865923155199,0.5034177236081898
1985-2015,198512,201512,43327,0.05555066385060465,-0.29651410025078623
1985-2015,198512,201512,43334,5.46988332114016,1.9897822513502623
1985-2015,198512,201512,43342,1.6191710320682065,0.8846306372946331
1985-2015,198512,201512,43350,21.92316190219912,9.592967322314172
1985-2015,198512,201512,43377,2.029818181903867,2.024284267416371
1985-2015,198512,201512,43385,0.9882710652436961,0.46440719293218313
1985-2015,198512,201512,43394,-0.9822917064421489,-0.9884170168409747
1985-2015,198512,201512,43407,-0.1709389389414722,-0.263879983966718
1985-2015,198512,201512,43430,-0.8148145730937887,-0.8164934980884052
1985-2015,198512,201512,43449,42.84677888023623,19.26192973939255
1985-2015,198512,201512,43466,0.15374655109000002,0.15374655109000027
1985-2015,198512,201512,43474,1.5000045808540885,0.6877733211077961
1985-2015,198512,201512,43481,23.278062703308052,10.219077279237155
1985-2015,198512,201512,43530,0.5222627105648161,0.5194823220523688
1985-2015,198512,201512,43537,1.5342052118503218,0.6972342503384839
1985-2015,198512,201512,43553,40.468139011308146,18.162742179202937
1985-2015,198512,201512,43588,7.99602829339463,4.530179372711106
1985-2015,198512,201512,43589,0.8700657230698958,0.5968608088401528
1985-2015,198512,201512,43597,0.27271917196509216,-0.13328220874900443
1985-2015,198512,201512,43610,33.21082875482424,19.785122750985497
1985-2015,198512,201512,43617,-0.6126583096945765,-0.8210064612604047
1985-2015,198512,201512,43618,5.087895378527248,3.156195908013914
1985-2015,198512,201512,43625,-0.9851851762782662,-0.9884503549729993
1985-2015,198512,201512,43634,10.284626365325714,4.214711602283471
1985-2015,198512,201512,43668,6.149402287921535,3.826619333352836
1985-2015,198512,201512,43677,2.0000000007724516e-07,-0.12138246093247605
1985-2015,198512,201512,43692,-0.6587494761963572,-0.8040006187507193
1985-2015,198512,201512,43705,-0.7959519715319159,-0.8828037335178055
1985-2015,198512,201512,43706,9.344481197730914,5.49799882133327
1985-2015,198512,201512,43721,19.844150071115667,9.056569788664248
1985-2015,198512,201512,43748,-0.23766436411225117,-0.4746325031366269
1985-2015,198512,201512,43749,-0.13411683564271376,-0.46651054191515523
1985-2015,198512,201512,43757,-0.13061324609435884,-0.5982497740116839
1985-2015,198512,201512,43765,-0.8301886669820195,-0.863124050893324
1985-2015,198512,201512,43772,33.01799535906107,14.719974179242696
1985-2015,198512,201512,43780,-0.2727271938516435,-0.2793207823026715
1985-2015,198512,201512,43781,0.39024144361758883,0.11566365482674443
1985-2015,198512,201512,43800,1.5843489006066362,0.9150463378732547
1985-2015,198512,201512,43837,3.4979961422247454,1.0785582003812073
1985-2015,198512,201512,43844,-0.6153869885190926,-0.7088767163790637
1985-2015,198512,201512,43880,-0.5239653216538416,-0.6988970466247969
1985-2015,198512,201512,43887,-0.5071537358646067,-0.6603524800126194
1985-2015,198512,201512,43888,1.2517724501677394,0.5888878554121
1985-2015,198512,201512,43916,-0.16792710558656795,-0.4413662938612512
1985-2015,198512,201512,43925,0.610660296056661,0.4633846247630332
1985-2015,198512,201512,43959,0.7142815617479941,0.6789513861922558
1985-2015,198512,201512,43960,0.314287990183258,0.016643151642108826
1985-2015,198512,201512,43967,-0.836363072217108,-0.8858614154009566
1985-2015,198512,201512,43976,1.5764421453949056,0.9929591400683877
1985-2015,198512,201512,43983,0.5126224524773,0.4867772846741801
1985-2015,198512,201512,43984,2.851053885523514,1.6373445469155437
1985-2015,198512,201512,43992,1.838697593491664,0.8965137345271308
1985-2015,198512,201512,44003,-0.9305557406364736,-0.9455114318131125
1985-2015,198512,201512,44039,-0.8641975054090921,-0.9026674579751723
1985-2015,198512,201512,44046,0.8888910003786981,0.7890449422997534
1985-2015,198512,201512,44055,5.622864296251928,5.2946005876550934
1985-2015,198512,201512,44062,2.467197690297512,1.1350124368986951
1985-2015,198512,201512,44071,-0.7916662316465221,-0.811030034182281
1985-2015,198512,201512,44090,-0.7226940157339561,-0.829721662470345
1985-2015,198512,201512,44134,5.872101850557225,2.175650490501657
1985-2015,198512,201512,44135,-0.09357596241400998,-0.3545788448980543
1985-2015,198512,201512,44143,-0.8666664861000173,-0.8942427208325973
1985-2015,198512,201512,44150,-0.731389799505086,-0.8449889392075284
1985-2015,198512,201512,44151,-0.7647062831226401,-0.7666279196488618
1985-2015,198512,201512,44170,-0.938356198487985,-0.9505310755854388
1985-2015,198512,201512,44178,0.12000069015233321,0.11085367907123389
1985-2015,198512,201512,44185,23.233369694208715,12.015760725194168
1985-2015,198512,201512,44194,-0.7128165963576459,-0.8298691272731201
1985-2015,198512,201512,44206,11.437101809203215,4.74727926327412
1985-2015,198512,201512,44207,-0.8411457682977819,-0.893870614150046
1985-2015,198512,201512,44223,-0.8895720098446285,-0.9343319949728939
1985-2015,198512,201512,44230,2.8727565523848044,0.7896302343331945
1985-2015,198512,201512,44231,-0.9479167045954187,-0.9511355863714958
1985-2015,198512,201512,44250,-0.7037034450785266,-0.7200932285832582
1985-2015,198512,201512,44257,1.4210102235750042,1.271385557396978
1985-2015,198512,201512,44265,1.429995637052441,1.2681342709635506
1985-2015,198512,201512,44266,-0.8988356395089784,-0.9398407801867864
1985-2015,198512,201512,44274,0.8612155327921807,-0.1399181577668929
1985-2015,198512,201512,44311,-0.34803864618755814,-0.3677074004285727
1985-2015,198512,201512,44329,30.75157150169449,13.672642490794653
1985-2015,198512,201512,44330,12.671255365761422,7.068402869750123
1985-2015,198512,201512,44337,-0.9516129773141742,-0.9677518196368246
1985-2015,198512,201512,44345,-0.7812051911229745,-0.8648147393427987
1985-2015,198512,201512,44353,7.68184425490357,3.876287651906268
1985-2015,198512,201512,44362,-0.9534884184243043,-0.9539935215726376
1985-2015,198512,201512,44389,4.72001045644397,2.9619590804139766
1985-2015,198512,201512,44397,-0.24615416127319503,-0.2543407224177395
1985-2015,198512,201512,44409,0.13421056889750393,0.12494750617511007
1985-2015,198512,201512,44410,-0.4642848740570764,-0.5293113885405021
1985-2015,198512,201512,44417,0.5050514883474841,0.49956360689498575
1985-2015,198512,201512,44433,3.0645344402990684,1.7389248725319941
1985-2015,198512,201512,44434,2.0999997915822926,1.9285218428690118
1985-2015,198512,201512,44442,-0.6499994687191739,-0.6506387390959425
1985-2015,198512,201512,44468,1.6056754268674198,0.7558589652072099
1985-2015,198512,201512,44476,4.309598359514325,2.6158199420244
1985-2015,198512,201512,44477,-0.6839677622374807,-0.7507768860934823
1985-2015,198512,201512,44484,-0.10995138436652732,-0.1999809729544522
1985-2015,198512,201512,44485,0.07499799078221601,0.0710782168869299
1985-2015,198512,201512,44492,0.9603810968434747,0.8005853267646366
1985-2015,198512,201512,44506,3.6499915689922027,1.1487964421978627
1985-2015,198512,201512,44513,-0.8017517840612697,-0.9089676134532763
1985-2015,198512,201512,44522,-0.12087737439018877,-0.4235866647921272
1985-2015,198512,201512,44548,-0.982311158780968,-0.986278280019587
1985-2015,198512,201512,44565,-0.9868750080250213,-0.9919767247043334
1985-2015,198512,201512,44573,-0.9837159326576635,-0.9853026543309878
1985-2015,198512,201512,44581,-0.9710144746551262,-0.9810405869527545
1985-2015,198512,201512,44599,2.3084071370726846,1.1122015191708208
1985-2015,198512,201512,44600,0.5000008755093182,0.4837112732413431
1985-2015,198512,201512,44601,13.8445926848597,5.85979909292958
1985-2015,198512,201512,44636,0.2500005154435667,0.23979179980019763
1985-2015,198512,201512,44637,28.528915176550353,14.494529182894638
1985-2015,198512,201512,44644,45.94619719543432,20.694194497245434
1985-2015,198512,201512,44645,-0.8124990658042104,-0.8629173772066904
1985-2015,198512,201512,44652,4.145933374674876,2.384178807773558
1985-2015,198512,201512,44661,-0.7682924513003397,-0.7837264297790532
1985-2015,198512,201512,44688,21.435653267792677,11.151719039493255
1985-2015,198512,201512,44708,-0.5649784271213877,-0.7079369906902189
1985-2015,198512,201512,44709,0.016129,0.020798710477941212
1985-2015,198512,201512,44717,-0.4948977824869866,-0.5199332837028492
1985-2015,198512,201512,44725,7.950231660207603,4.530018770269598
1985-2015,198512,201512,44740,1.0588327215178457,0.22498865793086856
1985-2015,198512,201512,44759,0.7331386907167687,0.5227657467471298
1985-2015,198512,201512,44760,-0.8507461474803123,-0.8585130435351096
1985-2015,198512,201512,44767,-0.6470581409189007,-0.6814488422992224
1985-2015,198512,201512,44768,6.001300884818553,2.2353543460973166
1985-2015,198512,201512,44776,1.6932512410608664,0.7035437537497227
1985-2015,198512,201512,44783,12.607868088613841,7.949097365135328
1985-2015,198512,201512,44792,0.1888558032137632,-0.35608553374001795
1985-2015,198512,201512,44812,-0.20252227714075138,-0.2581760416296521
1985-2015,198512,201512,44813,-0.9979760661670266,-0.999064724794656
1985-2015,198512,201512,44821,11.454736028845268,5.745801030489526
1985-2015,198512,201512,44840,0.5241911070834828,0.2195760468830503
1985-2015,198512,201512,44856,0.33120695348728,-0.045895606451411566
1985-2015,198512,201512,44863,1.977610638460496,1.149622475453977
1985-2015,198512,201512,44872,-0.38889055558524493,-0.48301654586274945
1985-2015,198512,201512,44898,-0.9652644634647886,-0.9713896447377648
1985-2015,198512,201512,44928,-0.9907894586477508,-0.9938987141224191
1985-2015,198512,201512,44935,0.7409345389072617,0.676512291652543
1985-2015,198512,201512,44943,30.023369229523777,13.33613468676443
1985-2015,198512,201512,44951,0.2567163599462264,-0.41926181950270497
1985-2015,198512,201512,44986,5.970744268902922,3.29240759769628
1985-2015,198512,201512,44987,-0.9596179575060627,-0.9669381479806192
1985-2015,198512,201512,45014,0.25000182365967805,0.0851882392851694
1985-2015,198512,201512,45022,5.751425195545654,3.3950611904296695
1985-2015,198512,201512,45031,-0.9982529384981168,-0.9988285041585532
1985-2015,198512,201512,45050,-0.3599995980975974,-0.4864020269608479
1985-2015,198512,201512,45058,-0.9062501734920175,-0.9147516136662023
1985-2015,198512,201512,45065,0.39091056314121475,0.3758056520482781
1985-2015,198512,201512,45074,1.9059384023132933,1.7031409989178097
1985-2015,198512,201512,45102,0.3119918187766994,-0.12560545248601587
1985-2015,198512,201512,45103,4.005864942702609,2.3920709128170854
1985-2015,198512,201512,45110,10.182628883237069,5.422813121060498
1985-2015,198512,201512,45129,4.843499687894476,2.283776431294944
1985-2015,198512,201512,45137,5.133754468553346,2.7286950134197996
1985-2015,198512,201512,45153,-0.8269227042619925,-0.8650688414824236
1985-2015,198512,201512,45189,0.015824873174852247,-0.05183895270699088
1985-2015,198512,201512,45197,1.9640035655357693,1.4617446026828245
1985-2015,198512,201512,45217,0.8085785401850962,0.6445726659087438
1985-2015,198512,201512,45225,6.425535771069749,2.431396511057708
1985-2015,198512,201512,45226,1.7368340192784908,0.8374444613460659
1985-2015,198512,201512,45233,-0.9437500767773431,-0.9559274795108502
1985-2015,198512,201512,45241,111.47201265171167,50.57773034170128
1985-2015,198512,201512,45242,-0.8482145655469895,-0.8569814828817754
1985-2015,198512,201512,45277,159.69470009139644,73.38592709603908
1985-2015,198512,201512,45285,-0.9090912107509026,-0.9161491083128579
1985-2015,198512,201512,45292,0.7183125050837753,0.6605796357706153
1985-2015,198512,201512,45306,5.741961109644058,2.1155114651055733
1985-2015,198512,201512,45313,-0.6786587171534753,-0.813177647791888
1985-2015,198512,201512,45348,4.555370869412744,2.054336197317974
1985-2015,198512,201512,45356,37.238406615426456,16.67025829432876
1985-2015,198512,201512,45373,1.3111065824621448,0.092025010972443
1985-2015,198512,201512,45381,-0.6292988050398964,-0.7337868553933022
1985-2015,198512,201512,45399,0.07962117165875154,-0.27694488932413175
1985-2015,198512,201512,45400,-0.5609763165594248,-0.5700242956984334
1985-2015,198512,201512,45402,1.6283732994657343,0.9516385980407931
1985-2015,198512,201512,45428,-0.0337848220539094,-0.4056988241445826
1985-2015,198512,201512,45437,-0.46470474161330755,-0.7534812597260202
1985-2015,198512,201512,45460,-0.24696252612585098,-0.3614662847599344
1985-2015,198512,201512,45480,-0.166667,-0.16360608907254381
1985-2015,198512,201512,45487,-0.42114076066844897,-0.7068612227038442
1985-2015,198512,201512,45495,1.3902860714368885,0.10456935887560244
1985-2015,198512,201512,45509,-0.9491250321950329,-0.9660936952372993
1985-2015,198512,201512,45516,-0.08323909007666552,-0.372168123717917
1985-2015,198512,201512,45524,0.35294128053658935,0.27810269630638884
1985-2015,198512,201512,45525,-0.8725493334547583,-0.8795993271098106
1985-2015,198512,201512,45532,0.9047571229304365,0.8040723876628821
1985-2015,198512,201512,45560,-0.9611656373782975,-0.9821614413643822
1985-2015,198512,201512,45583,0.7237146979954641,-0.14348704110261315
1985-2015,198512,201512,45604,2.537650184518815,2.0933213213432533
1985-2015,198512,201512,45612,-0.29999993568396843,-0.30571681461213945
1985-2015,198512,201512,45647,-0.12135440682602903,-0.4393697411913889
1985-2015,198512,201512,45648,0.1538469103711782,0.15808509920633362
1985-2015,198512,201512,45655,1.015891666535913,-0.06844114088415633
1985-2015,198512,201512,45671,23.30195642338054,12.394875628217322
1985-2015,198512,201512,45699,4.389775791122998,2.878225766752754
1985-2015,198512,201512,45720,0.028125090278941972,-0.0028919931899879987
1985-2015,198512,201512,45728,14.326261269201584,6.082381806251916
1985-2015,198512,201512,45735,0.214285875,0.214285875
1985-2015,198512,201512,45744,-0.28363709162825995,-0.5949380968182555
1985-2015,198512,201512,45751,18.51961028671134,8.020160255100095
1985-2015,198512,201512,45794,25.57034915553707,12.321067114504306
1985-2015,198512,201512,45815,-0.2469038075587532,-0.32028560005096374
1985-2015,198512,201512,45823,3.484460234732196,1.912367817327568
1985-2015,198512,201512,45832,1.0287094919246806,0.5998408908179482
1985-2015,198512,201512,45858,2.892691946631474,1.6542185263058045
1985-2015,198512,201512,45859,0.23094197016199997,0.23659887259840623
1985-2015,198512,201512,45866,0.9820932868746219,0.2632233017807385
1985-2015,198512,201512,45874,4.5030606075374005,2.480813219929617
1985-2015,198512,201512,45875,-0.9751851188524923,-0.9803173693075283
1985-2015,198512,201512,45882,14.687802186163902,9.63035820798337
1985-2015,198512,201512,45890,-0.6141620515614341,-0.7946831170188159
1985-2015,198512,201512,45891,0.6617582014818904,-0.16144888540179686
1985-2015,198512,201512,45903,7.353636439166051,4.841666428668258
1985-2015,198512,201512,45911,20.78788174658578,9.068345734708068
1985-2015,198512,201512,45947,1.5424056546722338,1.0432716033505551
1985-2015,198512,201512,45954,1.1144192979879972,0.8356316860213509
1985-2015,198512,201512,45955,-0.999677679768156,-0.999838627279579
1985-2015,198512,201512,45970,1.9377747829073302,0.9723512516693573
1985-2015,198512,201512,45997,0.35134039117561644,0.35630399224513165
1985-2015,198512,201512,46017,3.1916750182400655,1.7566190101903714
1985-2015,198512,201512,46018,0.5673094853030785,0.06534158422653313
1985-2015,198512,201512,46025,-0.9368548494590784,-0.9465807666089572
1985-2015,198512,201512,46026,-0.6063486663046163,-0.7632025824275979
1985-2015,198512,201512,46034,3.077291832642695,1.5064566777719128
1985-2015,198512,201512,46042,13.289499243133811,5.603286195009095
1985-2015,198512,201512,46068,98.16031523931366,44.822735252751166
1985-2015,198512,201512,46076,10.468853837657845,5.064565672259326
1985-2015,198512,201512,46077,16.48775647627273,7.081225167980584
1985-2015,198512,201512,46084,-0.990887638712989,-0.9922732266200908
1985-2015,198512,201512,46085,1.7541420743713418,0.6404780857154633
1985-2015,198512,201512,46114,-0.528141383824938,-0.6708733455779559
1985-2015,198512,201512,46121,0.07142790476199999,0.07833397781295207
1985-2015,198512,201512,46122,-0.677965828798587,-0.6808854495710386
1985-2015,198512,201512,46149,145.07434493706833,78.23536427603769
1985-2015,198512,201512,46156,0.6423371650311527,0.6393374624466206
1985-2015,198512,201512,46164,2.1083721440659997,1.0843256156221717
1985-2015,198512,201512,46172,1.1666675113725082,0.8501309296329327
1985-2015,198512,201512,46173,0.1391283206267123,-0.045193823278377
1985-2015,198512,201512,46181,1.0893377313776487,-0.016373568741429898
1985-2015,198512,201512,46199,0.4278600006173918,0.3798859245577443
1985-2015,198512,201512,46202,0.7241362513035616,0.7085049162962758
1985-2015,198512,201512,46228,-0.785651240816609,-0.8662003462093393
1985-2015,198512,201512,46229,-0.5385873148894248,-0.7667078066464709
1985-2015,198512,201512,46236,1.96898389238308,1.4454403876222344
1985-2015,198512,201512,46237,-0.940197292415226,-0.9630082855743305
1985-2015,198512,201512,46245,0.6572084708342867,0.0898488920709249
1985-2015,198512,201512,46260,2.9990092069307615,1.6032859220817923
1985-2015,198512,201512,46288,-0.7912369158902458,-0.8427442791647405
1985-2015,198512,201512,46295,-0.9875810031697299,-0.9935432180606364
1985-2015,198512,201512,46309,-0.28855015550255936,-0.5696653679935237
1985-2015,198512,201512,46324,-0.9960317370672384,-0.9973455866673755
1985-2015,198512,201512,46340,4.598323807841423,1.5870279767342477
1985-2015,198512,201512,46360,-0.7391303450921333,-0.8221269289991898
1985-2015,198512,201512,46383,0.3628643552983587,0.0037808223322815734
1985-2015,198512,201512,46392,11.090044320200894,4.586901360101292
1985-2015,198512,201512,46405,1.7593267453962982,0.9016041189900112
1985-2015,198512,201512,46413,5.263636213122619,3.236481671375632
1985-2015,198512,201512,46420,1.025304333724777,0.3114085525836391
1985-2015,198512,201512,46421,0.4484440858456242,0.4353122264997885
1985-2015,198512,201512,46448,5.624947567643377,4.751443758089125
1985-2015,198512,201512,46463,12.323553931486197,5.15691552567991
1985-2015,198512,201512,46471,-0.21198018004041427,-0.4735295457115969
1985-2015,198512,201512,46472,0.5833317867549008,0.5562784558661029
1985-2015,198512,201512,46499,-0.5999977319871572,-0.6799396201039261
1985-2015,198512,201512,46501,-0.8088236166155781,-0.8193986283153214
1985-2015,198512,201512,46519,1.258360891383255,0.4771923724008987
1985-2015,198512,201512,46527,3.3567234110062545,1.8044161885923669
1985-2015,198512,201512,46544,0.3903492043081855,0.17893846416512543
1985-2015,198512,201512,46578,48.316831358949884,21.78968256012358
1985-2015,198512,201512,46594,3.2947401667293015,1.9320118689788441
1985-2015,198512,201512,46615,-0.9746094024575646,-0.9777271885121332
1985-2015,198512,201512,46624,-0.7894740830837362,-0.7902417254425924
1985-2015,198512,201512,46658,-0.24887348060874995,-0.459525157541384
1985-2015,198512,201512,46659,-0.5475539630764465,-0.6977240107839577
1985-2015,198512,201512,46674,19.439315053134155,8.445162817070367
1985-2015,198512,201512,46690,21.18653225881265,9.252565166000315
1985-2015,198512,201512,46691,0.5769240288934967,0.5740438023567043
1985-2015,198512,201512,46703,3.192891485462728,1.7944087765919283
1985-2015,198512,201512,46704,-0.06536354844686208,-0.09994921449552473
1985-2015,198512,201512,46711,0.8271657310071101,0.5837368310791207
1985-2015,198512,201512,46739,6.629075336258732,3.9108241122089478
1985-2015,198512,201512,46747,6.537947661200878,3.852165367310117
1985-2015,198512,201512,46754,-0.20789894851168883,-0.3272987962107822
1985-2015,198512,201512,46762,-0.9706620975643612,-0.9813024330249835
1985-2015,198512,201512,46770,-0.9464420312725371,-0.9595726106221568
1985-2015,198512,201512,46790,0.7230774644275639,0.5960370073045143
1985-2015,198512,201512,46819,1.6230933642597498,0.8653487619622016
1985-2015,198512,201512,46826,-0.7749994663814495,-0.789986692361165
1985-2015,198512,201512,46834,-0.04305572582226233,-0.5577887784901103
1985-2015,198512,201512,46835,1.4242167696104313,1.1197351433473623
1985-2015,198512,201512,46842,0.8517436222180945,0.6796313519372426
1985-2015,198512,201512,46843,9.534767794494385,4.892784646562113
1985-2015,198512,201512,46850,1.3324876367393261,0.4643360062929807
1985-2015,198512,201512,46851,0.2765958881409683,0.2638761827337662
1985-2015,198512,201512,46870,6.057232458885665,3.463862892107657
1985-2015,198512,201512,46877,51.07068138961316,23.0622575875054
1985-2015,198512,201512,46878,-0.9595588838094206,-0.9671603714737717
1985-2015,198512,201512,46886,18.208634756916766,7.876456099486328
1985-2015,198512,201512,46893,7.06008463979304,4.011190279461776
1985-2015,198512,201512,46894,-0.9757912063729212,-0.9814444520095391
1985-2015,198512,201512,46907,0.7529030526135387,-0.1798134229581849
1985-2015,198512,201512,46915,-0.30113754429274514,-0.39183386617195126
1985-2015,198512,201512,46922,0.6755057675211991,-0.22573605162216573
1985-2015,198512,201512,46923,40.365925179447565,18.115508390713952
1985-2015,198512,201512,46931,37.70189853923506,18.437109190962612
1985-2015,198512,201512,46950,-0.2615468703356159,-0.6477017988672518
1985-2015,198512,201512,46958,1.8548043278649629,0.9874529492715958
1985-2015,198512,201512,46974,1.925926813093473,1.7809026145314464
1985-2015,198512,201512,47002,6.118349802712297,2.2894435405832616
1985-2015,198512,201512,47028,0.4651194600584381,0.00023458453708547492
1985-2015,198512,201512,47029,4.643758560309542,3.473261861072027
1985-2015,198512,201512,47036,2.5644031097671927,0.920104780175232
1985-2015,198512,201512,47052,2.5181759197485776,1.6871881762999288
1985-2015,198512,201512,47060,1.5299649477475676,1.466772246108912
1985-2015,198512,201512,47079,4.815433261538977,2.8852497279108276
1985-2015,198512,201512,47088,5.630922725188709,2.0641997837992814
1985-2015,198512,201512,47108,11.303012343154396,7.326434978989337
1985-2015,198512,201512,47109,-0.7142858787121871,-0.7683341731694515
1985-2015,198512,201512,47116,-0.36603533613536154,-0.46243337656784306
1985-2015,198512,201512,47133,3.970375067295449,1.4924276597407542
1985-2015,198512,201512,47140,2.060990453169214,1.296268061299899
1985-2015,198512,201512,47141,-0.8336500477470843,-0.8972184862563952
1985-2015,198512,201512,47159,7.995512416293492,4.246582215052712
1985-2015,198512,201512,47167,-0.10282086890325001,-0.18417904302100765
1985-2015,198512,201512,47175,-0.7189059387695182,-0.8581375291818845
1985-2015,198512,201512,47183,5.55013216480516,3.430256470378736
1985-2015,198512,201512,47191,-0.9962499917930603,-0.9970827338290498
1985-2015,198512,201512,47204,-0.9404759163088566,-0.9509722505844613
1985-2015,198512,201512,47205,25.714658386348066,11.47031660023249
1985-2015,198512,201512,47221,-0.9699999566757476,-0.9745221077285098
1985-2015,198512,201512,47248,36.34008927029825,18.630936783278504
1985-2015,198512,201512,47255,10.790682128800293,4.703216249835699
1985-2015,198512,201512,47271,-0.9806016364737591,-0.9884894618164054
1985-2015,198512,201512,47272,0.0,-2.688821387764051e-17
1985-2015,198512,201512,47300,0.13493142143693002,-0.14919064222869313
1985-2015,198512,201512,47336,-0.5961538604829677,-0.5994520594445407
1985-2015,198512,201512,47379,0.4452436188658169,-0.33214194042053236
1985-2015,198512,201512,47387,0.17984409676914076,-0.45478507651678546
1985-2015,198512,201512,47394,0.5136455045607289,0.3763848057278512
1985-2015,198512,201512,47395,1.6500883072767438,0.8870009901325655
1985-2015,198512,201512,47408,-0.44196165049010977,-0.5658819103100999
1985-2015,198512,201512,47416,-0.8225806696299126,-0.8437394616482631
1985-2015,198512,201512,47423,1.6546537266029606,0.219891580973476
1985-2015,198512,201512,47459,0.159483124288789,0.14689145235081102
1985-2015,198512,201512,47466,0.758694783219187,-0.18729377526326008
1985-2015,198512,201512,47483,-0.7262854853084776,-0.7916643700850741
1985-2015,198512,201512,47490,1.6286152921042767,0.4118312109434776
1985-2015,198512,201512,47491,-0.6000008776885474,-0.6519115918101768
1985-2015,198512,201512,47504,0.29131758538522307,-0.005348752060571777
1985-2015,198512,201512,47511,9.069456573919936,3.6531724068468447
1985-2015,198512,201512,47546,-0.14490928592691196,-0.4628654307575359
1985-2015,198512,201512,47555,1.019609416872425,0.8947923541987637
1985-2015,198512,201512,47563,-0.15475992570886304,-0.40358463447371706
1985-2015,198512,201512,47571,1.6304296161235423,0.21554151587486786
1985-2015,198512,201512,47598,-0.31249974999999997,-0.3150065877392891
1985-2015,198512,201512,47619,-0.2930296317155097,-0.6733036201099472
1985-2015,198512,201512,47626,1.232879167221153,0.03183043220493254
1985-2015,198512,201512,47642,2.4987293191393496,0.7484768236711055
1985-2015,198512,201512,47650,2.009318822610206,1.850247377047621
1985-2015,198512,201512,47677,2.607512751700426,0.6670590582849878
1985-2015,198512,201512,47706,8.079164350410068,3.1955508445188494
1985-2015,198512,201512,47707,17.486009818445535,9.662379277868588
1985-2015,198512,201512,47715,3.684081188867289,1.1645495146102731
1985-2015,198512,201512,47723,-0.9920033179552252,-0.9963046724553688
1985-2015,198512,201512,47730,18.59690958415713,8.055880847895017
1985-2015,198512,201512,47731,0.8636351545611551,0.7651241108625142
1985-2015,198512,201512,47750,-0.9887238080696593,-0.9908839661391551
1985-2015,198512,201512,47766,0.4269946220724538,0.30192414184072813
1985-2015,198512,201512,47773,2.103907253960593,0.9156242962049306
1985-2015,198512,201512,47802,4.006454369615625,1.7594829177962086
1985-2015,198512,201512,47810,0.8122341693944093,0.37936765121733457
1985-2015,198512,201512,47829,1.3141629065979594,1.0547360332344193
1985-2015,198512,201512,47837,2.765054301848613,1.6984946569970694
1985-2015,198512,201512,47861,21.89203365350839,9.578582722031353
1985-2015,198512,201512,47862,3.4296564250153834,1.8018602271654043
1985-2015,198512,201512,47888,0.02866414461509844,-0.5023371296003487
1985-2015,198512,201512,47889,0.3100770381367147,0.29937767938605125
1985-2015,198512,201512,47896,12.998657265777231,5.468885906984242
1985-2015,198512,201512,47897,4.703243759400758,2.0783434217407577
1985-2015,198512,201512,47917,3.628405958745165,2.2058604010826746
1985-2015,198512,201512,47934,-0.12506237830790728,-0.40822597740751365
1985-2015,198512,201512,47941,3.3343642591276286,1.0029426636619783
1985-2015,198512,201512,47942,-0.44444495104297577,-0.4631108147568281
1985-2015,198512,201512,47969,4.264237889159055,1.835787093568681
1985-2015,198512,201512,47984,0.8310418716976742,-0.0682826975020665
1985-2015,198512,201512,47992,-0.03918827335298063,-0.34974166116087224
1985-2015,198512,201512,48004,0.85131329132293,0.7148181588270874
1985-2015,198512,201512,48012,1.2705277453918957,1.1807441350732342
1985-2015,198512,201512,48020,-0.9323820112571152,-0.9679058269515489
1985-2015,198512,201512,48047,-0.9675468431056586,-0.9748251948293007
1985-2015,198512,201512,48048,1.2812378248538425,0.5458108757379119
1985-2015,198512,201512,48063,4.0625015968732745,2.61891055943917
1985-2015,198512,201512,48071,7.918528949143218,4.602271345639979
1985-2015,198512,201512,48072,5.025005572914286,1.7842008629934702
1985-2015,198512,201512,48100,-0.9752760510867805,-0.9819483793172018
1985-2015,198512,201512,48101,1.1000024015603516,0.07639402781160473
1985-2015,198512,201512,48120,-0.6101996154352944,-0.6999635068104061
1985-2015,198512,201512,48128,0.42355843039356317,0.40937442429362764
1985-2015,198512,201512,48135,3.108793472510728,1.7300372434372218
1985-2015,198512,201512,48136,0.5658974076079342,0.3824926223872952
1985-2015,198512,201512,48143,2.1508106329604075,0.7696999084407607
1985-2015,198512,201512,48144,2.5565822007506562,0.643523663638293
1985-2015,198512,201512,48179,-0.9150000555196977,-0.9333058583510622
1985-2015,198512,201512,48187,-0.6826922526449088,-0.7305226356961037
1985-2015,198512,201512,48195,2.3559736658405095,1.2379983018692329
1985-2015,198512,201512,48208,-0.736459580635298,-0.8075820451799471
1985-2015,198512,201512,48215,1.456139100600025,1.292536325325215
1985-2015,198512,201512,48223,-0.013941038583443074,-0.21844637793452032
1985-2015,198512,201512,48267,1.993374837131169,0.3800696400183789
1985-2015,198512,201512,48274,16.880203449144645,7.63858125355395
1985-2015,198512,201512,48282,-0.642354176668769,-0.7807588979803503
1985-2015,198512,201512,48291,-0.8448854156347209,-0.9283203717529859
1985-2015,198512,201512,48312,-0.2829455520968419,-0.4572434130483715
1985-2015,198512,201512,48338,-0.8000002594580334,-0.8245588150783552
1985-2015,198512,201512,48347,9.078059352533861,3.6571478162221798
1985-2015,198512,201512,48354,3.7791401348060445,2.1429603894964
1985-2015,198512,201512,48363,-0.9552823685025786,-0.970197334617877
1985-2015,198512,201512,48370,0.09512687194842878,0.09312664021884233
1985-2015,198512,201512,48371,-0.1151814370963604,-0.42536738606436164
1985-2015,198512,201512,48389,-0.4015571337013478,-0.7254572705710687
1985-2015,198512,201512,48397,8.57002041170989,4.892975949295168
1985-2015,198512,201512,48443,0.3551347067580442,0.2835028028479563
1985-2015,198512,201512,48485,15.855224353640061,8.22060070997427
1985-2015,198512,201512,48486,35.06284637566313,15.664915374104112
1985-2015,198512,201512,48494,-0.4069453563188805,-0.5115231909996506
1985-2015,198512,201512,48506,35.931146684660916,16.066163545643928
1985-2015,198512,201512,48507,0.8541300773797775,0.6845919988163722
1985-2015,198512,201512,48514,2.5187778975112174,0.7758558278177665
1985-2015,198512,201512,48522,0.683324154039838,0.5592146613267321
1985-2015,198512,201512,48523,84.66768996725138,38.58769057571315
1985-2015,198512,201512,48531,7.365631415829444,2.8658218528703467
1985-2015,198512,201512,48550,-0.9427999735594409,-0.9645178042567928
1985-2015,198512,201512,48557,-0.13888916177062097,-0.3704386982042071
1985-2015,198512,201512,48565,-0.4317231423153738,-0.6374041999712223
1985-2015,198512,201512,48573,-0.829631540413083,-0.8833253594432954
1985-2015,198512,201512,48582,0.5504182158789626,0.3688264216120401
1985-2015,198512,201512,48610,0.3528004359199476,0.33932144606929576
1985-2015,198512,201512,48630,0.6431073815260462,0.1534466075837933
1985-2015,198512,201512,48637,0.9365034827957543,0.2666656533188291
1985-2015,198512,201512,48645,0.14266036076110694,-0.11611622483234997
1985-2015,198512,201512,48653,31.237017647608106,13.89697084402734
1985-2015,198512,201512,48654,0.5638598475857355,0.5247982278422909
1985-2015,198512,201512,48662,-0.970238130597748,-0.972959498539766
1985-2015,198512,201512,48696,2.051478469001294,0.7068914875222194
1985-2015,198512,201512,48697,-0.8738460922356697,-0.9367392832856591
1985-2015,198512,201512,48709,-0.9006887001352601,-0.9370375575683523
1985-2015,198512,201512,48717,-0.3424955819388024,-0.38838099664605225
1985-2015,198512,201512,48725,32.19002847176817,14.33736438839134
1985-2015,198512,201512,48734,0.6927590796098919,0.7005383033213342
1985-2015,198512,201512,48769,1.3398294273439824,0.7083724542999135
1985-2015,198512,201512,48776,-0.9818181335823124,-0.985995221991168
1985-2015,198512,201512,48785,-0.7777777240372528,-0.832259014069556
1985-2015,198512,201512,48793,-0.06521818793706242,-0.08448340449391574
1985-2015,198512,201512,48805,1.5129578894672306,1.0528123865378785
1985-2015,198512,201512,48806,-0.9164942147371465,-0.9442103769606974
1985-2015,198512,201512,48814,-0.11111177247165734,-0.2227561338492174
1985-2015,198512,201512,48857,-0.9703126096040485,-0.9759285476982382
1985-2015,198512,201512,48900,0.15555676088289655,0.03867067405016965
1985-2015,198512,201512,48901,29.145274414043314,14.432686152013776
1985-2015,198512,201512,48937,-0.45238078125,-0.45238078125
1985-2015,198512,201512,48944,0.5694686347153592,0.41653940358702524
1985-2015,198512,201512,48960,3.8142148247438286,1.5984873103432142
1985-2015,198512,201512,48961,1.9377637679370947,0.35756296305052104
1985-2015,198512,201512,49007,-0.8657099136958858,-0.8983524485246557
1985-2015,198512,201512,49008,-0.9473683087008532,-0.9647509567463435
1985-2015,198512,201512,49015,9.238222274491243,3.7311603196359346
1985-2015,198512,201512,49016,-0.3636333787226574,-0.5013987691353874
1985-2015,198512,201512,49031,3.2013567337197575,1.6121063196562577
1985-2015,198512,201512,49032,0.04999649164050037,-0.27040930364712845
1985-2015,198512,201512,49059,-0.7666675002730173,-0.7880029740635145
1985-2015,198512,201512,49074,0.8035480290953967,0.8002538774440802
1985-2015,198512,201512,49082,0.038461771978000006,0.038461771978000145
1985-2015,198512,201512,49083,-0.9208334195204991,-0.9485864097064204
1985-2015,198512,201512,49104,-0.8583332918502509,-0.8917947505187451
1985-2015,198512,201512,49111,1.4892071623660268,1.3907762991793198
1985-2015,198512,201512,49112,0.45454707193770366,0.4413598818022752
1985-2015,198512,201512,49138,5.023631621149786,1.7835659494415887
1985-2015,198512,201512,49139,-0.40000180389558454,-0.5580875819796995
1985-2015,198512,201512,49147,0.007634000000000001,0.004875877737226197
1985-2015,198512,201512,49154,30.296424373512888,13.462315543916981
1985-2015,198512,201512,49189,-0.8598135838154075,-0.9111231131729932
1985-2015,198512,201512,49197,1.8665268354042115,1.0122760636459875
1985-2015,198512,201512,49218,-0.9685225093687446,-0.971706498963847
1985-2015,198512,201512,49227,2.233311537711739,0.7097288392447676
1985-2015,198512,201512,49234,0.6061219704177181,0.4568392644535809
1985-2015,198512,201512,49235,-0.5789467789470948,-0.5827641245595419
1985-2015,198512,201512,49242,-0.48855066570035777,-0.5242433000940351
1985-2015,198512,201512,49269,1.431307554291033,1.3107992668174782
1985-2015,198512,201512,49278,0.5472354575260743,0.42711253592911363
1985-2015,198512,201512,49285,2.2621711648546627,1.1453387985476233
1985-2015,198512,201512,49286,-0.9876952021048,-0.9917591028802367
1985-2015,198512,201512,49307,-0.2812503125,-0.2812503125
1985-2015,198512,201512,49322,4.731850991466493,2.1335130736266756
1985-2015,198512,201512,49323,-0.24999999999999997,-0.2561252268602544
1985-2015,198512,201512,49330,0.36013117008775136,-0.006931617297319701
1985-2015,198512,201512,49331,3.2731979309660932,1.7768164914066245
1985-2015,198512,201512,49349,-0.8251157640290812,-0.89151619187502
1985-2015,198512,201512,49357,-0.9982573781322026,-0.9986414509975018
1985-2015,198512,201512,49373,31.55125428148321,14.042181980619878
1985-2015,198512,201512,49402,3.2109335140911,2.0500664883376882
1985-2015,198512,201512,49403,2.2956241991811783,1.4273027289117426
1985-2015,198512,201512,49411,0.3461535620875369,0.31841025390831307
1985-2015,198512,201512,49429,5.631459419734405,2.064447794427529
1985-2015,198512,201512,49437,3.1950894795364295,1.6351912650191545
1985-2015,198512,201512,49438,-0.9868490261891661,-0.9922302624998696
1985-2015,198512,201512,49488,-0.29711278102851185,-0.6751904744378667
1985-2015,198512,201512,49496,-0.10826415317785833,-0.4484056137087712
1985-2015,198512,201512,49510,-0.01554257147652129,-0.06999829785984321
1985-2015,198512,201512,49517,1.2109794102486644,1.0566812726823747
1985-2015,198512,201512,49525,0.8487461438635044,0.7124402841040756
1985-2015,198512,201512,49526,-0.6428556974299389,-0.6634838597335544
1985-2015,198512,201512,49534,18.56101428639861,9.760034531974695
1985-2015,198512,201512,49568,4.6381818145523175,4.144017298251819
1985-2015,198512,201512,49569,-0.06122271400136409,-0.14706269858976828
1985-2015,198512,201512,49576,-0.34831810980257805,-0.535968530302422
1985-2015,198512,201512,49584,4.704415351262907,2.7046500171897647
1985-2015,198512,201512,49585,8.309971606311942,4.8448012439396715
1985-2015,198512,201512,49593,0.0626561198400984,0.06655935627660918
1985-2015,198512,201512,49606,11.554209736464072,7.956756685349369
1985-2015,198512,201512,49614,-0.975927896018614,-0.9852186462631152
1985-2015,198512,201512,49649,0.5804736224260363,0.21140089012037752
1985-2015,198512,201512,49656,22.74932742987237,9.974744691195667
1985-2015,198512,201512,49665,0.12765043982168028,0.13491890490340352
1985-2015,198512,201512,49672,-0.9064654457148663,-0.9169510415648651
1985-2015,198512,201512,49680,395.257912255124,182.11379266244631
1985-2015,198512,201512,49699,0.7870528721818921,0.7692470917525434
1985-2015,198512,201512,49701,0.32263079034839476,-0.08850223590744298
1985-2015,198512,201512,49702,-0.9121622554735567,-0.9228242325020879
1985-2015,198512,201512,49728,0.07332013557568685,0.016584842447336122
1985-2015,198512,201512,49729,13.654926977906907,8.637686634688498
1985-2015,198512,201512,49736,-0.321736983546467,-0.540965029731448
1985-2015,198512,201512,49737,2.590410415579604,1.2322631309604701
1985-2015,198512,201512,49744,4.492842818863083,2.0506489842567825
1985-2015,198512,201512,49745,5.772625740406468,3.2542988127955645
1985-2015,198512,201512,49752,3.37579171637793,1.6438586766175116
1985-2015,198512,201512,49753,2.266668181983671,2.0939933474074106
1985-2015,198512,201512,49761,2.7333329996097104,2.3919642299030865
1985-2015,198512,201512,49779,0.9052671620252419,0.8347638837828981
1985-2015,198512,201512,49787,0.08830718486308926,-0.26024890979144477
1985-2015,198512,201512,49817,7.120540902682059,3.936457845734985
1985-2015,198512,201512,49825,0.5154208152570139,0.4217639065029325
1985-2015,198512,201512,49832,0.25601973803688305,0.09301717649228729
1985-2015,198512,201512,49840,-0.9460951909856297,-0.9524087590850511
1985-2015,198512,201512,49875,2.2370180525082795,1.230807522945487
1985-2015,198512,201512,49876,1.4045214469683476,1.2367165459884295
1985-2015,198512,201512,49884,0.6666656076538564,0.3058534115882909
1985-2015,198512,201512,49905,2.795630490243516,0.7539896948889822
1985-2015,198512,201512,49921,-0.07228082536700997,-0.184889824860243
1985-2015,198512,201512,49947,-0.9923780417066316,-0.9935867587262112
1985-2015,198512,201512,49955,-0.5843853568887507,-0.7997845620895696
1985-2015,198512,201512,49956,-0.9131945075452582,-0.9295108445371227
1985-2015,198512,201512,49971,48.187417942461025,21.729879636871356
1985-2015,198512,201512,49998,-0.5743269686056214,-0.652271581977537
1985-2015,198512,201512,49999,-0.3028847006998805,-0.46266077423481616
1985-2015,198512,201512,50017,17.169303038454288,7.39617301385924
1985-2015,198512,201512,50024,16.642585441700753,10.758137736450582
1985-2015,198512,201512,50032,8.57254102522899,4.166808563247064
1985-2015,198512,201512,50033,0.8749930726112165,0.7049645826656066
1985-2015,198512,201512,50059,-0.6454094285292504,-0.7641098632881742
1985-2015,198512,201512,50075,-0.9325398120738078,-0.9557684550669896
1985-2015,198512,201512,50091,13.823312602734243,6.1408841657323725
1985-2015,198512,201512,50092,5.712145239297758,2.727832696418931
1985-2015,198512,201512,50104,0.42366346257378873,0.3288336162195998
1985-2015,198512,201512,50112,2.8740927891797123,1.7549664401909117
1985-2015,198512,201512,50120,3.052003135753642,1.8814830366810216
1985-2015,198512,201512,50156,6.65001095271506,4.482925882831189
1985-2015,198512,201512,50163,0.4600659895806182,0.46542895005657936
1985-2015,198512,201512,50198,-0.03999867951431552,-0.04956391006263345
1985-2015,198512,201512,50199,-0.7333327630601478,-0.7577163009349472
1985-2015,198512,201512,50200,7.320891329757526,4.123793928690135
1985-2015,198512,201512,50201,-0.9285714095238227,-0.9333292490260787
1985-2015,198512,201512,50227,24.54160647481422,11.883549025540031
1985-2015,198512,201512,50236,-2.5000000003771747e-07,-0.009964015625000317
1985-2015,198512,201512,50243,0.3708208130930878,-0.36653328455311573
1985-2015,198512,201512,50278,-0.4334386303647916,-0.7398441476062857
1985-2015,198512,201512,50279,-0.5899235307831331,-0.7507154722725049
1985-2015,198512,201512,50286,-0.7222079348311293,-0.8716301755714719
1985-2015,198512,201512,50287,-0.3047636602778915,-0.53636771243669
1985-2015,198512,201512,50295,3.3788532839557694,2.0562494504237887
1985-2015,198512,201512,50308,0.17391392010314136,0.11572862145455001
1985-2015,198512,201512,50324,-0.1428573428572,-0.15062835516130546
1985-2015,198512,201512,50359,1.6275871888256397,1.2975622379091396
1985-2015,198512,201512,50366,-0.6250029535220742,-0.7458947477989011
1985-2015,198512,201512,50374,-0.7787233581616115,-0.8663043838975355
1985-2015,198512,201512,50382,-0.6028357337466228,-0.723502838843986
1985-2015,198512,201512,50390,0.16239611739549523,-0.24509865935039926
1985-2015,198512,201512,50403,-0.9912259644147332,-0.9933587112917613
1985-2015,198512,201512,50404,8.060312800162826,5.060539712716022
1985-2015,198512,201512,50412,-0.6083544863215932,-0.7377030965376844
1985-2015,198512,201512,50446,2.921689749442881,1.6773309782267765
1985-2015,198512,201512,50462,5.966130262430328,3.6455035856231595
1985-2015,198512,201512,50463,-0.9838709510656862,-0.98632346742808
1985-2015,198512,201512,50470,0.011108164447543444,-0.0805813446412943
1985-2015,198512,201512,50471,0.8181843635874697,0.728065660348785
1985-2015,198512,201512,50497,-0.8502127116385407,-0.9095483391275829
1985-2015,198512,201512,50498,-0.6175888148339214,-0.7239264033114112
1985-2015,198512,201512,50519,-0.3010657714556966,-0.5324754517754435
1985-2015,198512,201512,50543,-0.9638888365491298,-0.9774588796962873
1985-2015,198512,201512,50550,-0.30552166023502697,-0.6790762814234803
1985-2015,198512,201512,50570,-0.34782592587012023,-0.35896918792809507
1985-2015,198512,201512,50577,0.45737924163379984,0.019139802370918817
1985-2015,198512,201512,50586,-0.5375013628478471,-0.6532846293502725
1985-2015,198512,201512,50593,-0.8409088048159861,-0.8602197135561678
1985-2015,198512,201512,50606,-0.10521642051808666,-0.5865137079066771
1985-2015,198512,201512,50623,25.578863433324592,11.282294781787865
1985-2015,198512,201512,50630,-0.7894734093009823,-0.8034965297745292
1985-2015,198512,201512,50631,0.0,-2.688821387764051e-17
1985-2015,198512,201512,50649,0.1770833325129912,0.16535514713469077
1985-2015,198512,201512,50657,-0.9230769976963263,-0.9478754857297488
1985-2015,198512,201512,50666,16.043213207646904,8.069246366094484
1985-2015,198512,201512,50682,-0.9655173154420347,-0.9746027127885067
1985-2015,198512,201512,50703,-0.42352983340314687,-0.5251832011376338
1985-2015,198512,201512,50710,0.265021505810209,0.19504624533323997
1985-2015,198512,201512,50729,1.7240328665978417,1.3991683506780355
1985-2015,198512,201512,50737,2.403512236792826,2.206930064495305
1985-2015,198512,201512,50738,-0.8790320393976931,-0.8874740587758967
1985-2015,198512,201512,50745,0.08695498105139214,0.030391842401709734
1985-2015,198512,201512,50762,-0.15789502554652002,-0.20171662005407365
1985-2015,198512,201512,50788,8.2977663966583,3.2965685113825236
1985-2015,198512,201512,50789,25.822741519013295,11.39499269856531
1985-2015,198512,201512,50818,-0.09000159092976186,-0.28237499198140725
1985-2015,198512,201512,50842,-0.3623176886339984,-0.39914933937668984
1985-2015,198512,201512,50876,28.672409027454805,12.711845710604843
1985-2015,198512,201512,50877,1.5010175428419,0.8187705750673273
1985-2015,198512,201512,50884,0.500000861052881,0.43313019329615177
1985-2015,198512,201512,50885,6.298376425346783,3.8939419833767106
1985-2015,198512,201512,50905,4.124814245118817,1.7099283840904058
1985-2015,198512,201512,50906,5.230148095605904,2.1121839593137426
1985-2015,198512,201512,50913,0.7076980932138599,0.4825369466900313
1985-2015,198512,201512,50914,-0.8148146524286863,-0.8166597962903571
1985-2015,198512,201512,50921,-0.7785911425776822,-0.8389887683548947
1985-2015,198512,201512,50948,43.84745368712117,19.7243491724018
1985-2015,198512,201512,50956,0.03796560757619375,-0.3005570844138219
1985-2015,198512,201512,50965,0.2880442529087812,-0.12827717125120863
1985-2015,198512,201512,50972,0.2953742337922286,-0.4013977222133375
1985-2015,198512,201512,50973,0.5555554,0.5555554
1985-2015,198512,201512,50980,0.3999968562469135,0.25838533213641107
1985-2015,198512,201512,50999,1.6271454125396767,1.0250140591719812
1985-2015,198512,201512,51043,-0.7440197084538169,-0.871636979028753
1985-2015,198512,201512,51051,-0.8181814005480988,-0.8560986754518988
1985-2015,198512,201512,51079,-0.8106064881015244,-0.8731574090042685
1985-2015,198512,201512,51086,3.7424377041652273,1.1915165038167612
1985-2015,198512,201512,51087,15.202163793987747,6.607826091010807
1985-2015,198512,201512,51094,1.106383644562094,0.8596747362733204
1985-2015,198512,201512,51108,-0.08333370000000001,-0.08667614776663649
1985-2015,198512,201512,51123,-0.5533744588272738,-0.6505642687889835
1985-2015,198512,201512,51124,0.5625006428795143,0.39641308476476617
1985-2015,198512,201512,51131,2.3802862369218944,0.5620559589707779
1985-2015,198512,201512,51159,1.2307689010543905,1.0267916948066902
1985-2015,198512,201512,51175,-0.0927728240742236,-0.18117315996129357
1985-2015,198512,201512,51190,-0.4628365722623604,-0.6509395799540776
1985-2015,198512,201512,51191,0.0,0.00459558823529413
1985-2015,198512,201512,51203,-0.34546663808347416,-0.4384576416210648
1985-2015,198512,201512,51204,0.659085594425876,0.4380496072224292
1985-2015,198512,201512,51211,-0.15555439997554635,-0.1570967663682854
1985-2015,198512,201512,51254,8.736507943297417,5.1728556740278755
1985-2015,198512,201512,51262,0.8560342964841567,0.7826410246548179
1985-2015,198512,201512,51263,16.78811670426182,7.220023911957798
1985-2015,198512,201512,51270,0.14903625958330546,0.00471730537964239
1985-2015,198512,201512,51289,0.3534736731337086,0.33877531650239173
1985-2015,198512,201512,51297,0.2969238764171975,0.2840016276485471
1985-2015,198512,201512,51318,3.0477713226360494,1.4005502200983222
1985-2015,198512,201512,51326,-0.9906249964018076,-0.9923416450427323
1985-2015,198512,201512,51327,0.0,-0.0027372262773722733
1985-2015,198512,201512,51335,-0.9625000054460129,-0.9682759333997617
1985-2015,198512,201512,51351,2.095955547686429,1.4222472538448572
1985-2015,198512,201512,51369,2.6531382793165665,0.6881429613330527
1985-2015,198512,201512,51377,3.363460935560318,1.105216536479475
1985-2015,198512,201512,51393,0.715660019364893,0.16835912845223022
1985-2015,198512,201512,51394,-0.946874963833799,-0.9578929191228007
1985-2015,198512,201512,51414,1.8513846889187873,0.9015030292789732
1985-2015,198512,201512,51423,11.992826492392254,5.004083862671916
1985-2015,198512,201512,51449,-0.040650710390947524,-0.060422245929485426
1985-2015,198512,201512,51450,-0.9023438001425124,-0.9181455318679188
1985-2015,198512,201512,51457,-0.8280882427487641,-0.9187696750884711
1985-2015,198512,201512,51503,0.8309434170236607,0.7177863989758464
1985-2015,198512,201512,51510,-0.8582663462881027,-0.9018283374479699
1985-2015,198512,201512,51530,5.027382377218218,1.785299202325124
1985-2015,198512,201512,51546,2.3965486700296226,1.955754535304441
1985-2015,198512,201512,51561,0.4348265200826708,0.2896919296466772
1985-2015,198512,201512,51562,-0.6799997298356116,-0.7510602880500523
1985-2015,198512,201512,51588,3.800641220061279,1.9846990065568697
1985-2015,198512,201512,51596,30.91670756811404,15.877097906119339
1985-2015,198512,201512,51610,5.77858557013135,3.6306212675959797
1985-2015,198512,201512,51617,0.99545686481659,0.9284123370862354
1985-2015,198512,201512,51625,4.8142267289303255,1.6867983573494834
1985-2015,198512,201512,51626,17.819555386351837,11.376518674658605
1985-2015,198512,201512,51633,25.084977944163878,11.054066543904936
1985-2015,198512,201512,51669,0.04545520378147332,0.05219386531597613
1985-2015,198512,201512,51677,-0.9074994040745271,-0.9369287889291691
1985-2015,198512,201512,51685,-0.9776785531154246,-0.9798535578490166
1985-2015,198512,201512,51692,2.002413142403901,0.3874379303022798
1985-2015,198512,201512,51693,1.7404700499798587,0.46902097333398046
1985-2015,198512,201512,51706,3.4481798056152027,1.1539152264898482
1985-2015,198512,201512,51721,5.0839409563425795,2.615958382426556
1985-2015,198512,201512,51748,0.2727254705736671,0.16898230196388075
1985-2015,198512,201512,51757,-0.7499996705081087,-0.7896456042073615
1985-2015,198512,201512,51764,11.0772278109221,7.173628481323755
1985-2015,198512,201512,51772,5.549765978593369,3.263784523289199
1985-2015,198512,201512,51781,0.038735514136923214,-0.21754795523662512
1985-2015,198512,201512,51800,2.4188046868535733,1.1475594958223927
1985-2015,198512,201512,51828,3.5334140011041786,2.421976176247835
1985-2015,198512,201512,51829,-0.9785746243182722,-0.990099171072771
1985-2015,198512,201512,51845,-0.9107140651690748,-0.9320407195193585
1985-2015,198512,201512,51853,-0.8258934433156147,-0.8622024138623945
1985-2015,198512,201512,51861,0.0,-2.688821387764051e-17
1985-2015,198512,201512,51880,-0.9932861182638517,-0.9945031664886816
1985-2015,198512,201512,51896,-0.929412065465,-0.929412065465
1985-2015,198512,201512,51909,-0.19083238828400215,-0.2536538399952865
1985-2015,198512,201512,51917,-0.9765625655976988,-0.977801459443921
1985-2015,198512,201512,51924,-0.8478259468663465,-0.8793863378715858
1985-2015,198512,201512,51925,-0.5746929079963115,-0.8034623606130296
1985-2015,198512,201512,51932,2.9930538310109025,1.3745418048394527
1985-2015,198512,201512,51933,1.4583195138905043,0.30815152321437517
1985-2015,198512,201512,51960,0.21858235673307494,-0.4368838321914152
1985-2015,198512,201512,51976,-0.9772726530366889,-0.9821928385441584
1985-2015,198512,201512,51983,-0.8610182328665668,-0.9076552756979679
1985-2015,198512,201512,51984,3.399990280421356,1.1979841757315142
1985-2015,198512,201512,51992,-0.9993452424782363,-0.9995954494226752
1985-2015,198512,201512,52003,0.45000128165305403,0.4355538051148433
1985-2015,198512,201512,52004,-0.6999996630248282,-0.7666189549367528
1985-2015,198512,201512,52012,3.160703325391413,2.6207394384178464
1985-2015,198512,201512,52038,50.33535598329915,22.722458129054395
1985-2015,198512,201512,52039,2.746659538453821,1.2763195528238072
1985-2015,198512,201512,52046,0.16666699999999998,0.1720285211397057
1985-2015,198512,201512,52062,0.8433448902554326,0.7814111096809782
1985-2015,198512,201512,52071,-0.7682308647913942,-0.8602737645984522
1985-2015,198512,201512,52089,1.7229309734234013,1.2615224574101656
1985-2015,198512,201512,52090,74.674004493267,33.969532569978234
1985-2015,198512,201512,52097,0.8448665553829817,0.2295360640448776
1985-2015,198512,201512,52135,0.6460684462665245,0.12236607097274688
1985-2015,198512,201512,52143,1.969925243503833,1.5479813902273842
1985-2015,198512,201512,52177,-0.864864699605786,-0.8662111564031922
1985-2015,198512,201512,52230,110.11020394767802,50.34486963949354
1985-2015,198512,201512,52231,-0.9972697443514489,-0.9987383281159005
1985-2015,198512,201512,52250,0.8188265776056567,-0.1595064160985164
1985-2015,198512,201512,52258,7.96877109310603,5.728117230449476
1985-2015,198512,201512,52265,8.924911621362524,4.9052413729718225
1985-2015,198512,201512,52274,-0.17142947396682395,-0.17294284479062905
1985-2015,198512,201512,52282,-0.9774999294306119,-0.9861450269676951
1985-2015,198512,201512,52329,91.28922605646089,41.64755272369177
1985-2015,198512,201512,52337,0.3267518617548462,-0.3868978818737781
1985-2015,198512,201512,52346,2.2932928721852024,1.2695896023319198
1985-2015,198512,201512,52396,15.994491855242792,6.853283837979252
1985-2015,198512,201512,52397,0.17073118977913623,0.16859286797131995
1985-2015,198512,201512,52434,8.162789631666758,6.107827585104161
1985-2015,198512,201512,52469,0.8600002995099829,0.025204401091482274
1985-2015,198512,201512,52476,65.97808061491699,29.951080060080024
1985-2015,198512,201512,52484,10.547660313105254,4.390410688161837
1985-2015,198512,201512,52505,2.8872162697322237,1.7679005751252883
1985-2015,198512,201512,52506,-0.8145166530910876,-0.8588208230003892
1985-2015,198512,201512,52522,0.27777329813638924,0.14852484774923824
1985-2015,198512,201512,52548,-0.24833011533813937,-0.45337645779413654
1985-2015,198512,201512,52549,-0.30769163190236654,-0.30451006771074146
1985-2015,198512,201512,52557,3.455143373197828,2.1681663675375606
1985-2015,198512,201512,52565,-0.9917647265990389,-0.994817988585348
1985-2015,198512,201512,52581,-0.5977268028377438,-0.7387494922766809
1985-2015,198512,201512,52600,-0.9390245382668514,-0.9421975891809788
1985-2015,198512,201512,52602,0.29821170764525856,-0.07197815797497187
1985-2015,198512,201512,52628,0.6716373118774932,0.5025489982583051
1985-2015,198512,201512,52629,-0.9473682999765148,-0.9516584469532191
1985-2015,198512,201512,52636,0.09178707858,0.09178707857999997
1985-2015,198512,201512,52637,-0.3636357131312,-0.3595339175436479
1985-2015,198512,201512,52652,0.7813525025628651,0.6361498195808508
1985-2015,198512,201512,52653,0.07920794405971174,0.08416753939086868
1985-2015,198512,201512,52687,-0.9895832932279611,-0.9923944819626997
1985-2015,198512,201512,52695,32.788665286683866,14.613999009975876
1985-2015,198512,201512,52696,5.103565339735449,3.4563773656184713
1985-2015,198512,201512,52708,81.8298556592056,37.27630577550441
1985-2015,198512,201512,52716,20.224858520216884,8.808168423040717
1985-2015,198512,201512,52717,-0.9224136674224394,-0.9396428031976699
1985-2015,198512,201512,52725,-0.8260868596499447,-0.8279755091379091
1985-2015,198512,201512,52740,-0.9231994758881178,-0.9533131407929436
1985-2015,198512,201512,52741,-0.7794115838656663,-0.7910718034360255
1985-2015,198512,201512,52759,0.702116753862015,0.6882156188486221
1985-2015,198512,201512,52775,0.7305270889801185,0.09713811383716395
1985-2015,198512,201512,52784,-0.7021273515871351,-0.7480071170934509
1985-2015,198512,201512,52792,18.81840395750832,9.303820388129388
1985-2015,198512,201512,52804,-0.9152938181838582,-0.9449887957664628
1985-2015,198512,201512,52812,0.7049196521214944,0.5464540910944344
1985-2015,198512,201512,52813,1.1161974509066792,-0.022089075640631638
1985-2015,198512,201512,52820,-0.3462951751105468,-0.5345280953718743
1985-2015,198512,201512,52821,6.8581627230874656,4.140019064233759
1985-2015,198512,201512,52840,16.60755317786223,8.457029790370214
1985-2015,198512,201512,52847,-0.8352524870872058,-0.8864634100796442
1985-2015,198512,201512,52856,-0.874999674276135,-0.8942528204209099
1985-2015,198512,201512,52863,-0.46020439072601144,-0.5842166307706347
1985-2015,198512,201512,52864,0.34011173683539747,0.32555848720460584
1985-2015,198512,201512,52872,5.096122212424923,2.829345734586462
1985-2015,198512,201512,52898,44.97810690391696,20.246832616417414
1985-2015,198512,201512,52899,-0.27500037257051074,-0.3780026744266627
1985-2015,198512,201512,52919,3.7018739964793532,1.4445593727533597
1985-2015,198512,201512,52920,1.6335770895115518,1.0634406873377258
1985-2015,198512,201512,52928,-0.9911389206848424,-0.9928890163792458
1985-2015,198512,201512,52935,0.17142817656620882,0.1768115781129287
1985-2015,198512,201512,52936,24.814259841189983,10.92896565116611
1985-2015,198512,201512,52943,-0.9772728347036184,-0.9848531758116188
1985-2015,198512,201512,52944,3.512903776374289,2.1680178725607564
1985-2015,198512,201512,52978,19.807980490717608,8.61552591749469
1985-2015,198512,201512,52987,-0.8333332809206384,-0.8586759317659098
1985-2015,198512,201512,53007,0.158250944742,0.15825094474199994
1985-2015,198512,201512,53015,1.240664906640688,0.13022319888053818
1985-2015,198512,201512,53050,-0.8990894626633131,-0.9285652737636018
1985-2015,198512,201512,53065,13.36276575644534,5.637143207607981
1985-2015,198512,201512,53074,105.5002790507602,48.21458831095269
1985-2015,198512,201512,53081,4.412079396412399,2.6948174767512536
1985-2015,198512,201512,53082,10.251627486334518,4.620671317442253
1985-2015,198512,201512,53102,1.256326515027518,1.2318234216516522
1985-2015,198512,201512,53110,79.5824214214045,36.23774933457154
1985-2015,198512,201512,53129,1.5288751203025264,0.46169249417803215
1985-2015,198512,201512,53137,-0.966225257886869,-0.9787840269369815
1985-2015,198512,201512,53154,-0.8316325818648209,-0.8756583864717901
1985-2015,198512,201512,53189,18.0266452971612,10.283843358544331
1985-2015,198512,201512,53196,7.159569838467709,3.8207620721325535
1985-2015,198512,201512,53197,43.63139230492465,19.624505565704496
1985-2015,198512,201512,53209,15.20075715309877,9.797211931912775
1985-2015,198512,201512,53217,1.4615362046438545,1.370448521300205
1985-2015,198512,201512,53225,8.754750145872723,3.507744174797115
1985-2015,198512,201512,53226,0.3747552055367115,-0.08321693736935462
1985-2015,198512,201512,53234,0.49188891213655317,0.43668245018964924
1985-2015,198512,201512,53242,0.2553194647372397,0.20568029433901724
1985-2015,198512,201512,53268,0.6185887863863788,0.03275980357286301
1985-2015,198512,201512,53284,-0.9866069709218319,-0.9891405187073905
1985-2015,198512,201512,53293,-0.6060609598824562,-0.7333898632517177
1985-2015,198512,201512,53306,-0.7650598039847745,-0.8097854561150803
1985-2015,198512,201512,53364,3.405405066345251,1.8971767373738673
1985-2015,198512,201512,53365,0.576219398424751,0.43806995198518595
1985-2015,198512,201512,53373,0.41757427596605456,-0.3449281540509884
1985-2015,198512,201512,53381,25.516888586687593,13.362219635901665
1985-2015,198512,201512,53399,-0.25984291948610894,-0.4990763535593286
1985-2015,198512,201512,53401,0.05066724119271105,-0.2844988818544329
1985-2015,198512,201512,53402,4.1615380606634,2.670501691805531
1985-2015,198512,201512,53429,-0.29775321630315055,-0.3549951810246584
1985-2015,198512,201512,53445,2.7419453811632506,2.377329728828599
1985-2015,198512,201512,53453,-0.8292178924063932,-0.8962396644803711
1985-2015,198512,201512,53461,0.5000015987742421,0.3179274497268865
1985-2015,198512,201512,53479,32.705635290934865,17.15685528486537
1985-2015,198512,201512,53480,254.88748302090733,116.58783568851727
1985-2015,198512,201512,53488,-0.8095233445556727,-0.8518213634159075
1985-2015,198512,201512,53495,0.23529713464613944,-0.1900541282734061
1985-2015,198512,201512,53496,5.798064155008821,3.6294605117910583
1985-2015,198512,201512,53508,0.05005266455561326,-0.02322760650273579
1985-2015,198512,201512,53509,-0.9464281769733011,-0.9634266067656578
1985-2015,198512,201512,53524,-0.539320516869882,-0.669821196681168
1985-2015,198512,201512,53525,-0.5714285985140557,-0.6646896622590286
1985-2015,198512,201512,53541,-0.8709673125130721,-0.8860801878649336
1985-2015,198512,201512,53560,-0.9189188570270146,-0.9190669504388375
1985-2015,198512,201512,53567,0.5408138937375051,0.4381806881768506
1985-2015,198512,201512,53575,1.0551390949253445,-0.03971210573308411
1985-2015,198512,201512,53576,-0.05342903250978715,-0.3702969765874609
1985-2015,198512,201512,53604,16.46700705642235,7.071636703380033
1985-2015,198512,201512,53605,0.10000014333317417,0.09101647610087055
1985-2015,198512,201512,53612,7.44336824573368,3.2181529152570985
1985-2015,198512,201512,53613,15.969033482842864,6.841519330619267
1985-2015,198512,201512,53620,-0.9011198876141102,-0.934499416461953
1985-2015,198512,201512,53621,0.2400077952509337,-0.18451954259369963
1985-2015,198512,201512,53639,1.7797063582119184,0.7736246640546594
1985-2015,198512,201512,53640,15.429868662111005,6.592367169511609
1985-2015,198512,201512,53656,-0.42081793585460947,-0.6937368185239897
1985-2015,198512,201512,53663,21.047244561383263,9.153385203084195
1985-2015,198512,201512,53671,1.1633083468845848,0.4082763687581033
1985-2015,198512,201512,53699,0.333333,0.3296833658759126
1985-2015,198512,201512,53701,-0.6292466917415993,-0.700271179048497
1985-2015,198512,201512,53720,7.925366403835003,4.962974009408105
1985-2015,198512,201512,53727,0.4951057786082201,-0.2979638463143143
1985-2015,198512,201512,53751,-0.8620700883504568,-0.9080747601018593
1985-2015,198512,201512,53786,2.7820473727481883,1.4797707129056854
1985-2015,198512,201512,53787,1.3145102893228158,0.7350889891837029
1985-2015,198512,201512,53794,-0.14250272367118536,-0.2023450867851966
1985-2015,198512,201512,53815,0.3276705748865663,-0.3442905899213237
1985-2015,198512,201512,53823,0.13837719632819026,0.12703466991549936
1985-2015,198512,201512,53824,-0.61111124607629,-0.6326228106839975
1985-2015,198512,201512,53831,3.460590384714153,1.2639436503626982
1985-2015,198512,201512,53832,5.3928673691581155,2.9299235289594097
1985-2015,198512,201512,53858,2.9346758419845447,1.7998702443288463
1985-2015,198512,201512,53859,19.00508827918951,8.244503324872259
1985-2015,198512,201512,53866,37.21226247441432,16.50182405339255
1985-2015,198512,201512,53874,1.2510437455352994,1.1339035679705827
1985-2015,198512,201512,53882,1.7520990098456504,1.6156906241402558
1985-2015,198512,201512,53883,-0.1363641091406143,-0.18201557304219396
1985-2015,198512,201512,53890,-0.4378989644338321,-0.6491282513570403
1985-2015,198512,201512,53891,0.944788400104549,0.38479069792460996
1985-2015,198512,201512,53903,0.7971026174994162,0.534557156974111
1985-2015,198512,201512,53904,2.4780526740295974,2.02668118846684
1985-2015,198512,201512,53912,-0.269230178457718,-0.2705649178577956
1985-2015,198512,201512,53938,7.868155290874602,4.759295147311914
1985-2015,198512,201512,53939,-0.7090912278820805,-0.7682483324162641
1985-2015,198512,201512,53947,0.12796158156036247,0.1259013777584251
1985-2015,198512,201512,53954,-0.9583332585475057,-0.9663152748464673
1985-2015,198512,201512,53963,0.0,-0.0018264840182651706
1985-2015,198512,201512,53997,-0.9090908361234837,-0.929479264643696
1985-2015,198512,201512,54009,0.5978721567142413,0.20946971418882607
1985-2015,198512,201512,54033,0.3715491558168714,0.30356802374594677
1985-2015,198512,201512,54069,0.04758741960414287,-0.24121070269892084
1985-2015,198512,201512,54084,0.7854997855945323,-0.17681073021916432
1985-2015,198512,201512,54085,5.378360095998172,3.395679435640613
1985-2015,198512,201512,54093,-0.5249986467912544,-0.6779302239099505
1985-2015,198512,201512,54114,6.640993370480822,2.5309611051413263
1985-2015,198512,201512,54122,-0.5588233246599696,-0.5882099862112272
1985-2015,198512,201512,54148,11.884479367807097,4.954015833004184
1985-2015,198512,201512,54164,3.5942390406086027,2.2692078589747426
1985-2015,198512,201512,54173,13.008198339987842,9.50134484609514
1985-2015,198512,201512,54181,11.769736661820788,5.403469442970259
1985-2015,198512,201512,54199,14.23876966016038,6.041951268811028
1985-2015,198512,201512,54200,-0.9633332511106822,-0.9706612324040818
1985-2015,198512,201512,54237,-0.5555553021843576,-0.5563670733219206
1985-2015,198512,201512,54244,11.062563847676868,4.574202424906805
1985-2015,198512,201512,54245,7.537384146381569,3.6309483235707507
1985-2015,198512,201512,54253,18.002419266651383,7.781162354275429
1985-2015,198512,201512,54279,-0.6976251303786756,-0.847397536860039
1985-2015,198512,201512,54280,-0.7000000375000094,-0.7148696008587045
1985-2015,198512,201512,54287,1.3953795232109067,0.5668161692815818
1985-2015,198512,201512,54296,3.406688289593818,1.898020638102318
1985-2015,198512,201512,54309,-0.4296879455281926,-0.5403015667126218
1985-2015,198512,201512,54332,-0.9814814789734178,-0.9853115069070723
1985-2015,198512,201512,54340,2.226207444839966,1.2647686173475172
1985-2015,198512,201512,54341,11.872191920692288,5.430712518484837
1985-2015,198512,201512,54360,-0.886363454305358,-0.9025080498867789
1985-2015,198512,201512,54375,-0.9596774678545168,-0.968809251496806
1985-2015,198512,201512,54391,21.966063978382234,11.039284378115969
1985-2015,198512,201512,54392,3.2092898252494777,2.6983551278116398
1985-2015,198512,201512,54412,14.065947706071773,8.46383956479108
1985-2015,198512,201512,54420,-0.4222876575673113,-0.5781966664803417
1985-2015,198512,201512,54439,-0.9310567018554894,-0.9652326856146506
1985-2015,198512,201512,54447,-0.9983726440555346,-0.9987340213186472
1985-2015,198512,201512,54448,-0.38888898846900133,-0.39442943281651754
1985-2015,198512,201512,54456,-0.8818565837192263,-0.8963637608387754
1985-2015,198512,201512,54463,10.764082178448565,6.389736678761088
1985-2015,198512,201512,54471,0.6044029337766765,0.10777789426273372
1985-2015,198512,201512,54498,0.10747585439087332,-0.010244391783135813
1985-2015,198512,201512,54500,1.2311250302653542,1.208894617826115
1985-2015,198512,201512,54501,-0.7073155343162632,-0.7668337310551573
1985-2015,198512,201512,54528,-0.6470585043670962,-0.7163492244656149
1985-2015,198512,201512,54536,-0.5000003496811779,-0.5222905438824543
1985-2015,198512,201512,54543,0.9426241129301898,0.25046416692149737
1985-2015,198512,201512,54551,-0.9555505705331044,-0.9647692339323302
1985-2015,198512,201512,54579,11.60610875233852,5.165776990028061
1985-2015,198512,201512,54586,-0.7317080814303105,-0.7482892128783944
1985-2015,198512,201512,54594,4.409742009289241,1.499882894473362
1985-2015,198512,201512,54595,-0.7346610270296807,-0.7832470123643056
1985-2015,198512,201512,54608,2.096769856665424,1.76759562823819
1985-2015,198512,201512,54616,2.0638253039208636,1.738152949456666
1985-2015,198512,201512,54624,40.95377031319609,19.95933914075747
1985-2015,198512,201512,54658,0.09444393874609854,0.08452150956435692
1985-2015,198512,201512,54674,0.7908420356153849,0.2886045720392475
1985-2015,198512,201512,54675,14.292874621737445,6.0669535827329
1985-2015,198512,201512,54682,-0.7855732700883051,-0.7969077852742785
1985-2015,198512,201512,54704,2.0960607594008063,0.43071320580280026
1985-2015,198512,201512,54738,-0.9996374850270131,-0.9997031993517044
1985-2015,198512,201512,54747,-0.058823384500626484,-0.06054242854720113
1985-2015,198512,201512,54754,0.12932522262447943,0.030344297436190357
1985-2015,198512,201512,54755,-0.9444445302527702,-0.9542410486558236
1985-2015,198512,201512,54770,-0.9628344743138311,-0.9770627218661871
1985-2015,198512,201512,54771,-0.7557242163445899,-0.8413586265387027
1985-2015,198512,201512,54798,6.719998500636804,3.0180754100933473
1985-2015,198512,201512,54818,26.93763808139807,12.102754537873167
1985-2015,198512,201512,54819,2.739140898491634,1.5337141984199385
1985-2015,198512,201512,54827,11.557204921280468,4.888824759603177
1985-2015,198512,201512,54843,-0.6901935713206377,-0.826705001767378
1985-2015,198512,201512,54894,0.4705876838722953,0.3372315627890344
1985-2015,198512,201512,54950,1.3923660686865693,1.3201917596046306
1985-2015,198512,201512,54957,-0.5892856674626011,-0.5977502101582644
1985-2015,198512,201512,54966,0.9531225995457939,0.7160474287006049
1985-2015,198512,201512,54974,2.2406468614358586,0.7004450405902052
1985-2015,198512,201512,54981,-0.8124993017845561,-0.8729459000933165
1985-2015,198512,201512,55001,13.905107387157418,5.88776339675006
1985-2015,198512,201512,55036,0.039658454113398016,-0.37460281213761976
1985-2015,198512,201512,55037,-0.7128379776822423,-0.7668141973303795
1985-2015,198512,201512,55044,-0.9893837475796015,-0.9934627809039461
1985-2015,198512,201512,55053,-0.015504352059753248,-0.054434320563542075
1985-2015,198512,201512,55060,-0.8951723798758637,-0.9378988678614195
1985-2015,198512,201512,55079,-0.9419184016626281,-0.9594874365138816
1985-2015,198512,201512,55088,0.6345340941325606,0.6285740792040915
1985-2015,198512,201512,55108,7.2514264462668745,4.410203422777258
1985-2015,198512,201512,55117,6.984991743087563,4.68202862968405
1985-2015,198512,201512,55125,1.3930953300369553,0.5495575804090014
1985-2015,198512,201512,55133,-0.5831498936143455,-0.6750234192014833
1985-2015,198512,201512,55160,1.7990720962766353,0.5078293746822904
1985-2015,198512,201512,55175,-0.12151268595938317,-0.1800284933848043
1985-2015,198512,201512,55191,4.897848772347973,2.6481882898564404
1985-2015,198512,201512,55192,0.5464739866929247,0.5521543319149362
1985-2015,198512,201512,55204,5.381836823650451,3.263659931693117
1985-2015,198512,201512,55212,5.501323161337991,2.004310840436502
1985-2015,198512,201512,55213,3.0092376824827163,0.8526992017560961
1985-2015,198512,201512,55247,-0.937734748501002,-0.9501786823657359
1985-2015,198512,201512,55248,-0.9768518572676946,-0.9785585423674493
1985-2015,198512,201512,55256,5.3961485225058405,3.3287865852005467
1985-2015,198512,201512,55328,-0.6309544188650569,-0.7677796084165267
1985-2015,198512,201512,55335,0.31410473545995127,0.3010113005957657
1985-2015,198512,201512,55336,-0.41589900050516737,-0.6409322877121193
1985-2015,198512,201512,55351,0.4210107323240987,0.3458966468199648
1985-2015,198512,201512,55378,0.21590958807820776,0.14865097646454634
1985-2015,198512,201512,55408,-0.16666609523800008,-0.16970468741580186
1985-2015,198512,201512,55459,-0.3684222847203472,-0.4174561664129449
1985-2015,198512,201512,55466,2.2303689382761323,1.0793835391848146
1985-2015,198512,201512,55467,2.259363841293655,0.8720360896132255
1985-2015,198512,201512,55475,-0.9829932223361445,-0.9866940529802476
1985-2015,198512,201512,55483,0.4975401639841401,0.13352589974699614
1985-2015,198512,201512,55511,3.2667647325876246,0.9717044087171647
1985-2015,198512,201512,55512,0.5014321326366085,0.20666567718515522
1985-2015,198512,201512,55539,0.5400030313845243,0.4713490500902833
1985-2015,198512,201512,55546,10.368029238220398,4.504672099917108
1985-2015,198512,201512,55547,-0.42857038925273827,-0.43477595968619265
1985-2015,198512,201512,55554,-0.8431596658643937,-0.9065795720925244
1985-2015,198512,201512,55555,-0.9117646501019098,-0.9288781434818492
1985-2015,198512,201512,55589,-0.8853711166027839,-0.9343691097154755
1985-2015,198512,201512,55597,0.23812542916429857,-0.42785282990103396
1985-2015,198512,201512,55626,1.424246590455938,1.1265662306326951
1985-2015,198512,201512,55642,1.7318576168558226,1.4002575363532266
1985-2015,198512,201512,55651,0.3225818654731818,0.10857513724094138
1985-2015,198512,201512,55670,-0.5862062975366216,-0.5869620851210295
1985-2015,198512,201512,55678,6.7328527325086025,2.5734100144305683
1985-2015,198512,201512,55686,-0.08594938017425467,-0.14683404998331362
1985-2015,198512,201512,55706,-0.6458341153017095,-0.6925311263103802
1985-2015,198512,201512,55730,0.04660770799609021,0.03806009513586771
1985-2015,198512,201512,55731,2.3756391293085506,1.4548061000227803
1985-2015,198512,201512,55750,1.1290325947022994,1.0448441353335776
1985-2015,198512,201512,55757,0.31250265125105436,0.10012683881702636
1985-2015,198512,201512,55774,-0.5454540164520938,-0.6060120856321481
1985-2015,198512,201512,55781,4.4942948376319976,1.8885349964077842
1985-2015,198512,201512,55782,-0.15680412341009928,-0.5567036589164203
1985-2015,198512,201512,55853,-0.9886363352843066,-0.9903642470641948
1985-2015,198512,201512,55854,0.124996076586456,-0.21829579675206767
1985-2015,198512,201512,55862,-0.9327743391623778,-0.9689345112374924
1985-2015,198512,201512,55888,-0.02083266304321992,-0.08916604315424649
1985-2015,198512,201512,55897,-0.7692307693077985,-0.7894567870228912
1985-2015,198512,201512,55969,-0.9609375095213588,-0.9714794241194691
1985-2015,198512,201512,55976,42.35736698605831,19.03576878374875
1985-2015,198512,201512,55977,2.230767325175,2.2307673251749995
1985-2015,198512,201512,55985,-0.47679479687271686,-0.6792690482231518
1985-2015,198512,201512,55993,2.1082930062930383,0.4363658200521282
1985-2015,198512,201512,56013,0.27792603775569324,0.26519307904617023
1985-2015,198512,201512,56040,3.2159473023402736,0.9730718579885387
1985-2015,198512,201512,56048,-0.025004107448250146,-0.03559229813659524
1985-2015,198512,201512,56063,18.973339333185304,8.67156940447607
1985-2015,198512,201512,56064,1.3938086757254617,1.3052272093109503
1985-2015,198512,201512,56101,8.045093940692437,4.7345056132116214
1985-2015,198512,201512,56119,1.5840852964009242,0.6732258465439633
1985-2015,198512,201512,56120,-0.9979471664227929,-0.9982633536378581
1985-2015,198512,201512,56136,0.515815850995732,0.33504168020816727
1985-2015,198512,201512,56143,-0.4105107456685136,-0.6906808665461768
1985-2015,198512,201512,56178,1.5103831575788207,1.5057979828617811
1985-2015,198512,201512,56207,1.0998377549316833e-06,-0.12559903830186717
1985-2015,198512,201512,56215,-0.9929562885320723,-0.9944130793654246
1985-2015,198512,201512,56216,7.813785033059055,4.427305375286516
1985-2015,198512,201512,56223,3.526648802402632,1.0917988123987206
1985-2015,198512,201512,56232,-0.10010365192538584,-0.5321333464402679
1985-2015,198512,201512,56266,4.754289434731538,2.8443999707589134
1985-2015,198512,201512,56274,20.8564579832146,9.100035334807547
1985-2015,198512,201512,56275,39.99515535029297,22.59542116791476
1985-2015,198512,201512,56291,1.8664443913492508,1.1696840164437186
1985-2015,198512,201512,56303,-0.9076920845037575,-0.9289489072976106
1985-2015,198512,201512,56311,4.2978883205589495,2.5308487404700806
1985-2015,198512,201512,56312,4.310881005569158,3.008834902684451
1985-2015,198512,201512,56339,10.206050653844207,6.088086437877168
1985-2015,198512,201512,56347,0.38282312185988965,0.3690449929283139
1985-2015,198512,201512,56354,-0.1283537411899086,-0.5149137673729991
1985-2015,198512,201512,56355,-0.6153839783021278,-0.63915423887058
1985-2015,198512,201512,56363,2.5969863378839064,0.9977164976154014
1985-2015,198512,201512,56371,-0.9027774272692191,-0.9237155262062143
1985-2015,198512,201512,56397,0.14405948431904295,0.037723665029637386
1985-2015,198512,201512,56398,-0.5483870836446033,-0.5467282666882936
1985-2015,198512,201512,56419,-0.7148137757803901,-0.7947935858643621
1985-2015,198512,201512,56427,8.600018102155637,6.614528146339691
1985-2015,198512,201512,56434,3.470248184016887,2.0012169933233768
1985-2015,198512,201512,56435,-0.06764203854654671,-0.0777671928790733
1985-2015,198512,201512,56450,8.116554659005574,5.090705527074027
1985-2015,198512,201512,56478,-0.6093735325120132,-0.6782556676982898
1985-2015,198512,201512,56485,0.023617434542695964,-0.0019501730997620104
1985-2015,198512,201512,56507,-0.8874998209360923,-0.9053404959839484
1985-2015,198512,201512,56531,-0.9375000663606109,-0.9504263951612102
1985-2015,198512,201512,56549,-0.9736842072446102,-0.9779423608269624
1985-2015,198512,201512,56557,-0.5624984585820307,-0.7232701477026382
1985-2015,198512,201512,56573,68.78464166107503,31.248013248305583
1985-2015,198512,201512,56602,0.362357348264043,-0.34370701900374173
1985-2015,198512,201512,56603,-0.9666665808204981,-0.9692544918454046
1985-2015,198512,201512,56611,30.452820939644674,13.53458758568085
1985-2015,198512,201512,56629,2.4248112737948753,1.2294929852637293
1985-2015,198512,201512,56630,2.0646752968759543,0.8871493518227718
1985-2015,198512,201512,56638,1.1079182381259218,0.6236466767241948
1985-2015,198512,201512,56689,-0.5054947472311588,-0.531634106346323
1985-2015,198512,201512,56710,13.922637135391472,5.8958640266284155
1985-2015,198512,201512,56733,-0.2341512399111624,-0.5580397598853755
1985-2015,198512,201512,56741,-0.8486628604179849,-0.9222357805437744
1985-2015,198512,201512,56742,-0.12785344215135377,-0.35020028103028716
1985-2015,198512,201512,56768,-0.6079202621666224,-0.6825606270726804
1985-2015,198512,201512,56777,15.129925357603685,6.548837666181755
1985-2015,198512,201512,56784,36.395425253689176,18.5659166119111
1985-2015,198512,201512,56805,-0.4461732425222066,-0.46478103808733157
1985-2015,198512,201512,56822,14.46556970316823,6.146757292278997
1985-2015,198512,201512,56848,0.5581405116578548,0.5552945929151001
1985-2015,198512,201512,56864,1.1220603851322783,0.9994931042668795
1985-2015,198512,201512,56865,-0.3249992490382448,-0.32064841546850975
1985-2015,198512,201512,56881,-0.7428568607791376,-0.7451881675717112
1985-2015,198512,201512,56899,1.1510463453764674,0.8644676094341628
1985-2015,198512,201512,56900,-0.35294149999999996,-0.3487707730202578
1985-2015,198512,201512,56929,-0.6666667247364726,-0.6702866336081129
1985-2015,198512,201512,56937,213.05388130756853,106.10582463258483
1985-2015,198512,201512,56944,0.01801661126154624,-0.04489943681642037
1985-2015,198512,201512,56945,89.81134765783486,40.964613884373136
1985-2015,198512,201512,56952,6.9744005106108355,3.18235113152478
1985-2015,198512,201512,56953,0.05714312549896087,0.055212270475218504
1985-2015,198512,201512,56960,-0.24384288292699283,-0.4712221823667332
1985-2015,198512,201512,56979,1.0538037089097712,0.5219033585344932
1985-2015,198512,201512,57007,-0.2666513768049165,-0.6611140280510619
1985-2015,198512,201512,57015,-0.9689338749443215,-0.9842762528718092
1985-2015,198512,201512,57066,3.2790026730166346,1.4525170013671636
1985-2015,198512,201512,57067,9.778714373481984,4.817844350723863
1985-2015,198512,201512,57075,0.04761851719409238,0.02602781298668702
1985-2015,198512,201512,57104,-0.9923647655365584,-0.9961148457781464
1985-2015,198512,201512,57112,-0.7565214065810328,-0.8025800425764607
1985-2015,198512,201512,57138,-0.9335812572342036,-0.9518915269429984
1985-2015,198512,201512,57146,1.9996087432090857,0.8842369863951367
1985-2015,198512,201512,57147,0.5777793223731189,0.4995763472641894
1985-2015,198512,201512,57154,4.068297660085038,1.3420988658589792
1985-2015,198512,201512,57155,-0.7222217976648093,-0.7987994863138745
1985-2015,198512,201512,57162,-0.6388904176521244,-0.7358147433023907
1985-2015,198512,201512,57163,-0.6631243841309096,-0.744302049899364
1985-2015,198512,201512,57170,-0.35416576872442707,-0.37364967632280294
1985-2015,198512,201512,57171,2.9398985356025276,1.8824023423116163
1985-2015,198512,201512,57190,0.37500128910491026,0.24720033941217084
1985-2015,198512,201512,57197,-0.9790697992102898,-0.9850381233072902
1985-2015,198512,201512,57198,-0.3333324756218627,-0.49398083045464936
1985-2015,198512,201512,57219,-0.6382975954287884,-0.6571199235070824
1985-2015,198512,201512,57226,0.19354734669356471,0.05375383678195936
1985-2015,198512,201512,57234,0.6804291759733385,0.5916023304496174
1985-2015,198512,201512,57250,0.33883795122673765,-0.01788598611354046
1985-2015,198512,201512,57251,1.8354773877949104,0.4907055242231052
1985-2015,198512,201512,57269,0.7777485665456054,0.6125138450077576
1985-2015,198512,201512,57270,-0.7555550499783618,-0.7855711634240363
1985-2015,198512,201512,57277,6.704563354745834,4.051642319578415
1985-2015,198512,201512,57286,4.3825521697478065,2.111120846924566
1985-2015,198512,201512,57307,1.1111109999999997,1.1053324114963505
1985-2015,198512,201512,57315,-0.9684441038969709,-0.9759814801945608
1985-2015,198512,201512,57323,-0.9958162599326035,-0.9965823408866484
1985-2015,198512,201512,57330,4.515255579264017,1.525905431350647
1985-2015,198512,201512,57349,2.9676009217577923,2.502898067432364
1985-2015,198512,201512,57358,0.5294831764938752,0.5169919345805858
1985-2015,198512,201512,57373,-0.9104478943027892,-0.9362342335328654
1985-2015,198512,201512,57381,3.739695897366923,2.1782132612405216
1985-2015,198512,201512,57430,-3.000000373871549e-07,-0.04956550252177529
1985-2015,198512,201512,57437,2.4393789668686097,0.780786930737752
1985-2015,198512,201512,57446,2.098091161272957,0.5482594104875109
1985-2015,198512,201512,57453,-0.8333329632572857,-0.8462725137892095
1985-2015,198512,201512,57454,-0.8113202967382478,-0.8523787289440979
1985-2015,198512,201512,57488,-0.8499997694596284,-0.8631467011847862
1985-2015,198512,201512,57489,-0.9344260975482999,-0.9513756612077963
1985-2015,198512,201512,57509,-0.9897692904429052,-0.9952723113641667
1985-2015,198512,201512,57510,0.32462770099102883,0.310242603785696
1985-2015,198512,201512,57517,0.8906225717467795,0.8717848468471283
1985-2015,198512,201512,57526,0.9638483834779739,0.4582107901775984
1985-2015,198512,201512,57533,-0.899082909216291,-0.922212707879694
1985-2015,198512,201512,57534,1.3055629781475568,0.0654181736033279
1985-2015,198512,201512,57542,0.3333275076597554,0.027734108513478208
1985-2015,198512,201512,57568,34.65468503446203,15.476300916464215
1985-2015,198512,201512,57569,-0.2500003,-0.24655361020220581
1985-2015,198512,201512,57577,-0.7785723696099487,-0.8455517549353375
1985-2015,198512,201512,57592,-0.5358094538306908,-0.6978199720291509
1985-2015,198512,201512,57614,0.16666699999999998,0.16666699999999976
1985-2015,198512,201512,57621,0.2580843018078599,0.2466782791260113
1985-2015,198512,201512,57648,1.1821908612619532,0.4768635364453953
1985-2015,198512,201512,57656,-0.7596155448261148,-0.8400850824680117
1985-2015,198512,201512,57665,422.1164686737183,194.52533569828694
1985-2015,198512,201512,57673,0.7924773992074094,0.2983285601946299
1985-2015,198512,201512,57681,3.152729351263269,1.1076907843152557
1985-2015,198512,201512,57700,-0.19999999999999998,-0.20218978102189777
1985-2015,198512,201512,57701,-0.9827585762576072,-0.9843350987943181
1985-2015,198512,201512,57728,-0.6106664955878633,-0.6145457243455931
1985-2015,198512,201512,57729,-0.16666616666660003,-0.16283650750606074
1985-2015,198512,201512,57736,-0.2954565004091731,-0.5301610463375386
1985-2015,198512,201512,57745,6.793364295565849,2.697449496288058
1985-2015,198512,201512,57753,-0.7815129988505292,-0.8508392927817792
1985-2015,198512,201512,57761,1.0403877359866396,0.7927200927921199
1985-2015,198512,201512,57780,5.226867626197317,2.497413317283491
1985-2015,198512,201512,57795,-0.9294119233724043,-0.9475864349497539
1985-2015,198512,201512,57808,5.234850789705197,1.8811719324163585
1985-2015,198512,201512,57809,65.12277649504485,29.555837526301303
1985-2015,198512,201512,57817,26.507793086515424,11.711560234039272
1985-2015,198512,201512,57825,-0.20000015238100002,-0.20146133931729057
1985-2015,198512,201512,57832,-0.7546076372099522,-0.817168471350019
1985-2015,198512,201512,57860,-0.3928581762829649,-0.41325728265011574
1985-2015,198512,201512,57876,-0.987172841473675,-0.9901682438504396
1985-2015,198512,201512,57883,-0.7999997899999569,-0.8034170597751374
1985-2015,198512,201512,57884,0.8466710151836707,0.0606470938495808
1985-2015,198512,201512,57891,-0.9483276616320123,-0.9597162155233876
1985-2015,198512,201512,57904,68.56533734306161,31.146671056322297
1985-2015,198512,201512,57913,-0.180537703708212,-0.6213202452819269
1985-2015,198512,201512,57920,0.4287279681871117,0.413212370342546
1985-2015,198512,201512,57921,-0.3888891775521748,-0.4211922626209074
1985-2015,198512,201512,57947,0.39789032967364596,0.40302491307005983
1985-2015,198512,201512,57948,-0.8988506584756861,-0.9070956048016177
1985-2015,198512,201512,57963,-0.4716014583023276,-0.6212855042127499
1985-2015,198512,201512,57964,0.8708776179021547,0.3986793682401194
1985-2015,198512,201512,57971,0.4107149737877116,0.3407925794347538
1985-2015,198512,201512,57999,-0.5254482328409356,-0.6843060976842013
1985-2015,198512,201512,58018,0.79127014369499,0.6288338328274738
1985-2015,198512,201512,58019,-0.6406247483208504,-0.6393047290309362
1985-2015,198512,201512,58026,-0.9680229640818983,-0.9807220627366325
1985-2015,198512,201512,58035,-0.830729307671211,-0.85545869787862
1985-2015,198512,201512,58043,12.36223925947867,7.787561679067512
1985-2015,198512,201512,58050,2.412913230721596,1.9582190017277603
1985-2015,198512,201512,58069,-0.9473683284353488,-0.9591721667706432
1985-2015,198512,201512,58070,0.4545449775381992,0.32154418989962724
1985-2015,198512,201512,58077,-0.9577872522580784,-0.9745512778367786
1985-2015,198512,201512,58078,1.289783060886648,0.49774559278821634
1985-2015,198512,201512,58085,-0.9194348537524608,-0.9418377114606603
1985-2015,198512,201512,58093,0.25100282886036174,0.21326183845995875
1985-2015,198512,201512,58094,16.50139320997798,8.493311552608429
1985-2015,198512,201512,58107,0.09027660177803781,-0.10936298524409946
1985-2015,198512,201512,58115,7.957971246728761,6.508483568001945
1985-2015,198512,201512,58130,0.22585860197750252,0.2337600846790151
1985-2015,198512,201512,58150,-0.8379409429222776,-0.8769926740375344
1985-2015,198512,201512,58165,0.83333425,0.8299856942922372
1985-2015,198512,201512,58166,-0.2279079145915203,-0.445534395958299
1985-2015,198512,201512,58173,0.38976726671878537,-0.09095414570698052
1985-2015,198512,201512,58181,2.4833277425427798,1.501496204073102
1985-2015,198512,201512,58202,6.03749460312959,3.68166865564252
1985-2015,198512,201512,58203,1.0294156175679112,0.831669091661212
1985-2015,198512,201512,58246,53.52730810933092,24.19748346411534
1985-2015,198512,201512,58262,0.26666565928154645,0.2540448963720378
1985-2015,198512,201512,58289,0.3109247108012429,0.2416297304209337
1985-2015,198512,201512,58296,7.091371339448607,4.576209882734766
1985-2015,198512,201512,58317,0.08108148506399998,0.08604969041815422
1985-2015,198512,201512,58318,9.26975571306109,3.7457321612412002
1985-2015,198512,201512,58333,-0.06250016716126745,-0.07184119810440734
1985-2015,198512,201512,58334,16.86570330212852,7.255877268460605
1985-2015,198512,201512,58341,-0.3846930921640379,-0.512305692338864
1985-2015,198512,201512,58369,-0.5066467828599185,-0.6675492809284159
1985-2015,198512,201512,58376,0.055610564204875534,-0.30073797171155764
1985-2015,198512,201512,58384,0.2162174500325427,0.12179381678107064
1985-2015,198512,201512,58393,13.189775314997158,7.975361353756892
1985-2015,198512,201512,58405,1.8323530644484984,0.9618262987593227
1985-2015,198512,201512,58406,-0.598211041672498,-0.7621043708277571
1985-2015,198512,201512,58414,1.2077984066446055,0.9136587299465151
1985-2015,198512,201512,58421,8.151734234328279,3.2290859393809637
1985-2015,198512,201512,58457,2.2000075502381775,1.5036565872658012
1985-2015,198512,201512,58464,3.228545853839451,1.353258970593953
1985-2015,198512,201512,58465,-0.5022220143461773,-0.6138599444147422
1985-2015,198512,201512,58472,-0.4333946837753674,-0.5922978205177593
1985-2015,198512,201512,58473,0.5311657243992791,-0.0640021606440645
1985-2015,198512,201512,58480,1.0704379466974423,0.4268528850821588
1985-2015,198512,201512,58481,18.551008330486237,11.951061881952416
1985-2015,198512,201512,58500,-0.3466645183174143,-0.4421127488444795
1985-2015,198512,201512,58501,-0.5558820835473754,-0.794769735680068
1985-2015,198512,201512,58502,0.2499997499999002,0.23866702334532167
1985-2015,198512,201512,58528,-0.7586207475273596,-0.7681656213070335
1985-2015,198512,201512,58537,-0.8857142791300132,-0.8867504144053531
1985-2015,198512,201512,58545,0.0,0.00459558823529413
1985-2015,198512,201512,58560,9.76506336428217,3.9746175910201593
1985-2015,198512,201512,58587,2.8022992169041854,1.9834264494445657
1985-2015,198512,201512,58596,1.586238307309439,1.2452410404203476
1985-2015,198512,201512,58608,5.133999173028057,2.264099852054366
1985-2015,198512,201512,58616,-0.4571262533268674,-0.6303046697110688
1985-2015,198512,201512,58624,7.807658051964044,4.905994018893686
1985-2015,198512,201512,58625,8.616348948334469,4.810209729424865
1985-2015,198512,201512,58632,0.11469988833738642,-0.2047212937645155
1985-2015,198512,201512,58640,-0.9862522214904017,-0.9928523688990092
1985-2015,198512,201512,58641,-0.7779393071378093,-0.8539636959696906
1985-2015,198512,201512,58667,0.036184,0.0333477299270073
1985-2015,198512,201512,58675,-0.5988873974944654,-0.8146428180790406
1985-2015,198512,201512,58676,0.36363483576126737,0.3512718726083998
1985-2015,198512,201512,58683,39.01621342769566,17.491796332933653
1985-2015,198512,201512,58684,0.7241370509441067,0.7304699694048749
1985-2015,198512,201512,58692,-0.30681882384938625,-0.3938823795739033
1985-2015,198512,201512,58704,-0.9552450436373248,-0.9723475594661367
1985-2015,198512,201512,58720,0.2328659414448002,0.20207178768881887
1985-2015,198512,201512,58721,-0.8799997286874032,-0.8863428972749842
1985-2015,198512,201512,58740,-0.6923082424304645,-0.7552350138111334
1985-2015,198512,201512,58748,-0.6470598425459597,-0.7612849058804043
1985-2015,198512,201512,58755,27.996753657111984,13.460076808099059
1985-2015,198512,201512,58756,23.528721388127558,11.258136297316298
1985-2015,198512,201512,58763,-0.5000004077380743,-0.512489246795464
1985-2015,198512,201512,58764,1.3736148946432833,0.862427192997206
1985-2015,198512,201512,58771,29.925451140365496,13.290885993624137
1985-2015,198512,201512,58772,2.1611427774402174,0.973231899338757
1985-2015,198512,201512,58799,-0.9392709905140815,-0.961852409558558
1985-2015,198512,201512,58800,-0.26378475300548754,-0.6129469624987969
1985-2015,198512,201512,58801,-0.9754097819769255,-0.9809246924774873
1985-2015,198512,201512,58819,18.37216467397957,7.952024516926171
1985-2015,198512,201512,58820,0.22222378899129047,0.1677365396568882
1985-2015,198512,201512,58827,9.320533457052223,5.895075225280015
1985-2015,198512,201512,58828,-0.8448272534038221,-0.8551632689755573
1985-2015,198512,201512,58836,-0.2648751792557906,-0.6615923527591272
1985-2015,198512,201512,58843,1.7551575174800007,1.4265811173292833
1985-2015,198512,201512,58851,1.9651189503202762,1.7676131619983448
1985-2015,198512,201512,58879,-0.19298234548263035,-0.22895953112982143
1985-2015,198512,201512,58886,1.44279739692093,0.47268480685856523
1985-2015,198512,201512,58894,-0.5370365782751692,-0.571170322080305
1985-2015,198512,201512,58895,-0.9437499795932005,-0.9442093717743812
1985-2015,198512,201512,58907,0.3680533846901803,0.36555465704691
1985-2015,198512,201512,58916,15.955207025296275,12.4192912951838
1985-2015,198512,201512,58975,82.34633670463528,37.514975591656906
1985-2015,198512,201512,58990,2.1385155724844056,0.6319683733232422
1985-2015,198512,201512,59010,60.62665444419832,27.47814535778822
1985-2015,198512,201512,59011,-0.9960106245687759,-0.9967652912861068
1985-2015,198512,201512,59029,-0.0793637730136409,-0.12499530774253034
1985-2015,198512,201512,59045,44.93004848784914,20.22462445712675
1985-2015,198512,201512,59053,2.6961222107617653,1.4307229701339388
1985-2015,198512,201512,59089,15.180761623858956,6.477252914016633
1985-2015,198512,201512,59096,0.2727243019410117,0.08087619426691955
1985-2015,198512,201512,59097,1.0523530368123195,0.8032330138551969
1985-2015,198512,201512,59109,-0.975044688013001,-0.9769821468339326
1985-2015,198512,201512,59110,-0.9229354312262525,-0.9547628498014468
1985-2015,198512,201512,59118,1.7758222868793405,1.0909536592412956
1985-2015,198512,201512,59126,9.3960275399241,4.455044695697097
1985-2015,198512,201512,59141,0.4228015426495237,0.26329982625176945
1985-2015,198512,201512,59168,-0.9215105352196469,-0.930309516649126
1985-2015,198512,201512,59176,16.732720037097167,7.194424691067413
1985-2015,198512,201512,59177,-0.5833327432670117,-0.6388443206905978
1985-2015,198512,201512,59184,18.501431857894516,8.841977079635374
1985-2015,198512,201512,59185,6.475400256686916,2.4544392688125143
1985-2015,198512,201512,59192,38.019254974770575,17.03109425533209
1985-2015,198512,201512,59205,-0.48493343696751356,-0.548179973198629
1985-2015,198512,201512,59206,-0.9423079022995977,-0.9465614722147969
1985-2015,198512,201512,59213,0.07462638408235213,0.07956492445037759
1985-2015,198512,201512,59222,0.6114562195625497,-0.12589496378070975
1985-2015,198512,201512,59248,20.4880924055561,8.929810801933339
1985-2015,198512,201512,59256,-0.2731401984166854,-0.6641125618304353
1985-2015,198512,201512,59264,1.1581290132905968,0.5778160612218213
1985-2015,198512,201512,59272,-0.9608362209121775,-0.9632566433107382
1985-2015,198512,201512,59301,12.21750579483635,7.379776005659011
1985-2015,198512,201512,59328,79.14052426537692,36.033545300520856
1985-2015,198512,201512,59337,-0.4999986981360858,-0.6016753477133687
1985-2015,198512,201512,59344,10.468353055972608,4.3681778000283
1985-2015,198512,201512,59345,9.887901073071022,5.753959065191054
1985-2015,198512,201512,59352,7.988340162413554,5.194360528069364
1985-2015,198512,201512,59360,6.9708428657778985,4.428119160308562
1985-2015,198512,201512,59379,9.927366601055294,4.7310996616859065
1985-2015,198512,201512,59380,1.941636947314756,1.8327834215110372
1985-2015,198512,201512,59387,-0.32818610758146655,-0.3961409667652489
1985-2015,198512,201512,59395,1.2936336060431892,0.877858825022626
1985-2015,198512,201512,59396,16.55046465435752,7.110203093631865
1985-2015,198512,201512,59408,6.3547454361318305,2.3986837593032844
1985-2015,198512,201512,59409,-0.8044566544763063,-0.8493806366050761
1985-2015,198512,201512,59424,1.1961335299427516,0.2197022094651581
1985-2015,198512,201512,59432,1.2214847299101859,0.5053210228095695
1985-2015,198512,201512,59440,10.83408262709794,4.903915499583738
1985-2015,198512,201512,59459,27.033102370835525,11.954309646474233
1985-2015,198512,201512,59460,-0.8563829548295068,-0.8732040142396211
1985-2015,198512,201512,59467,-0.9634233370585523,-0.9830976460860364
1985-2015,198512,201512,59483,-0.9998997908165465,-0.9999536925747745
1985-2015,198512,201512,59504,176.12201396827018,80.84942871464726
1985-2015,198512,201512,59547,8.133867013582076,5.068885498994059
1985-2015,198512,201512,59555,14.889449161435316,6.342635211266787
1985-2015,198512,201512,59600,4.782838525846646,1.6722936301661044
1985-2015,198512,201512,59601,1.1136344152025086,0.6912169954731637
1985-2015,198512,201512,59619,30.62218750790154,13.61285316399379
1985-2015,198512,201512,59620,-0.977265966168302,-0.9812748312147356
1985-2015,198512,201512,59627,0.4160146287649222,-0.3456488788753589
1985-2015,198512,201512,59636,2.833333,2.8228403001824813
1985-2015,198512,201512,59643,9.638364681980628,5.913039594176484
1985-2015,198512,201512,59686,1.9921826775364209,1.1113335484488758
1985-2015,198512,201512,59707,-0.7619058526260281,-0.8405411133089757
1985-2015,198512,201512,59767,90.57344645531201,58.29489157325599
1985-2015,198512,201512,59774,18.729710001671197,8.11724893006092
1985-2015,198512,201512,59775,-0.13919309091437074,-0.3702396575431099
1985-2015,198512,201512,59782,-0.9661973803623787,-0.9713372666687974
1985-2015,198512,201512,59790,-0.8790415523597475,-0.9139833550612908
1985-2015,198512,201512,59838,1.2614402994091303,1.0858685630836948
1985-2015,198512,201512,59839,-0.9255319644742811,-0.9456288825453503
1985-2015,198512,201512,59846,-0.850000043864323,-0.8713108696575393
1985-2015,198512,201512,59863,0.0434771636197048,0.01741350565239683
1985-2015,198512,201512,59870,0.7361943331402205,0.6444197626709358
1985-2015,198512,201512,59871,-0.7825829745742792,-0.9001656049882945
1985-2015,198512,201512,59897,2.0544058054674794,1.0294623376145648
1985-2015,198512,201512,59898,6.688347913198053,4.190465885809439
1985-2015,198512,201512,59926,2.4512852956879576,1.3086014860385178
1985-2015,198512,201512,59935,-0.9402171656161036,-0.949307495747402
1985-2015,198512,201512,59942,1.9926667152312105,1.049489172774254
1985-2015,198512,201512,59943,-0.9741413932951326,-0.9840048346754838
1985-2015,198512,201512,59950,-0.991846350509525,-0.9929214146996909
1985-2015,198512,201512,59970,1.5000030628065737,0.9490038142992754
1985-2015,198512,201512,59977,0.34094857188034405,0.33849935074448934
1985-2015,198512,201512,59985,2.3444020768968703,1.9889055356077492
1985-2015,198512,201512,59994,0.7499967133244927,0.5899803887478559
1985-2015,198512,201512,60003,-0.4645098529797107,-0.6442001637123548
1985-2015,198512,201512,60011,0.19273119793817164,0.1971122124393214
1985-2015,198512,201512,60038,1.220319323454011,0.026026432950103488
1985-2015,198512,201512,60046,0.8041457797714608,0.22632545851381317
1985-2015,198512,201512,60054,0.9591844281719442,0.7213734565851555
1985-2015,198512,201512,60055,0.2264609180126784,-0.24562645841989042
1985-2015,198512,201512,60062,0.5332851214938761,0.4534957829946285
1985-2015,198512,201512,60063,2.959976999551568,1.3820885308254653
1985-2015,198512,201512,60070,0.1666675409092879,0.1645366412911884
1985-2015,198512,201512,60071,-0.6785713861533049,-0.679743413915736
1985-2015,198512,201512,60090,-0.9927927948294798,-0.9956478037285201
1985-2015,198512,201512,60097,158.33306206164602,72.6290188493306
1985-2015,198512,201512,60098,12.886374134645637,5.416999018779272
1985-2015,198512,201512,60127,-0.9146340723248602,-0.9307826714028725
1985-2015,198512,201512,60135,-0.7941172940708858,-0.8078310866092898
1985-2015,198512,201512,60142,-0.8651424597732081,-0.92540521686848
1985-2015,198512,201512,60143,-0.875514233747433,-0.8983087126202872
1985-2015,198512,201512,60169,4.54221490774298,2.505579221159191
1985-2015,198512,201512,60177,-0.8254251245637862,-0.8682249041078854
1985-2015,198512,201512,60186,26.074193478382128,11.511190559928815
1985-2015,198512,201512,60206,26.429352395153625,11.6753121944416
1985-2015,198512,201512,60222,-0.25882386518244244,-0.3192390627263947
1985-2015,198512,201512,60230,-0.7917590597734367,-0.8607054175840676
1985-2015,198512,201512,60231,-0.7605255969749365,-0.8043755437171938
1985-2015,198512,201512,60258,-0.2105257283703602,-0.21909920462335208
1985-2015,198512,201512,60273,1.0185044356053852,0.008315858611027117
1985-2015,198512,201512,60310,3.7560732851448613,2.204924846278261
1985-2015,198512,201512,60329,-0.800000118498202,-0.8019928709407018
1985-2015,198512,201512,60337,-0.5763215464515508,-0.6327672087799723
1985-2015,198512,201512,60345,-0.766667037392195,-0.7969483056287175
1985-2015,198512,201512,60346,6.993549335916553,4.353522931468626
1985-2015,198512,201512,60353,-0.29853736345130055,-0.5764095791449013
1985-2015,198512,201512,60354,-0.8479996254045532,-0.9123290715394072
1985-2015,198512,201512,60388,-0.9624999004980399,-0.9704274107102148
1985-2015,198512,201512,60396,0.2826989290013586,0.2440017119773601
1985-2015,198512,201512,60409,-0.9727273161647829,-0.977140304116647
1985-2015,198512,201512,60417,-0.9904408189461114,-0.991714365668596
1985-2015,198512,201512,60425,-0.7443607723815637,-0.7538205499674443
1985-2015,198512,201512,60441,8.032284255441489,4.756435388453392
1985-2015,198512,201512,60442,14.545325819353046,6.183613199684096
1985-2015,198512,201512,60468,17.099460425380098,7.363898211580354
1985-2015,198512,201512,60476,1.443531118153309,0.638515038123664
1985-2015,198512,201512,60484,0.925907149940185,0.6355994676648185
1985-2015,198512,201512,60492,-0.9873753401462643,-0.9904308230096164
1985-2015,198512,201512,60506,74.60654830569867,33.93836055306149
1985-2015,198512,201512,60521,3.8605473349823134,2.303842187273425
1985-2015,198512,201512,60548,11.054116882149538,4.640143560758508
1985-2015,198512,201512,60564,0.8879577120311981,0.7897118640503886
1985-2015,198512,201512,60580,70.39784367288803,31.993486157685894
1985-2015,198512,201512,60581,4.195309028053878,2.07776301770346
1985-2015,198512,201512,60599,33.16288472397286,14.786928655872467
1985-2015,198512,201512,60600,0.8221158619119178,0.3668995450032435
1985-2015,198512,201512,60601,0.8401304263032292,0.3462266104079177
1985-2015,198512,201512,60628,9.517066212061868,3.860016222295167
1985-2015,198512,201512,60660,6.063407008387477,3.589954732560952
1985-2015,198512,201512,60679,2.7060863654619634,1.5285595489699921
1985-2015,198512,201512,60687,9.52517310030425,3.8637624769612255
1985-2015,198512,201512,60688,1.5572477400953013,1.220072899066055
1985-2015,198512,201512,60695,5.112475277207005,2.1981500612672416
1985-2015,198512,201512,60696,0.446033463496946,0.4553541211806279
1985-2015,198512,201512,60708,7.000024540125768,4.852762263960807
1985-2015,198512,201512,60709,-0.9395159414885609,-0.9720498569060341
1985-2015,198512,201512,60716,0.46969850790286166,0.4153131886676895
1985-2015,198512,201512,60717,-0.4814823536565061,-0.6196377265413162
1985-2015,198512,201512,60733,-0.9374998718008836,-0.9555256249208111
1985-2015,198512,201512,60768,0.8605046937541467,0.6190538457589831
1985-2015,198512,201512,60792,2.290540250239038,1.3522305385946836
1985-2015,198512,201512,60821,1.2734660792165715,0.6938639567714486
1985-2015,198512,201512,60839,0.7027042451592809,0.33600555632382867
1985-2015,198512,201512,60855,1.9897249735181148,1.711841822452529
1985-2015,198512,201512,60856,-0.17123320762458802,-0.21707683313195786
1985-2015,198512,201512,60863,0.9428551864735641,0.8134421168365551
1985-2015,198512,201512,60864,0.6889380130752452,0.6736257917418345
1985-2015,198512,201512,60871,21.388223738307644,9.345768331453424
1985-2015,198512,201512,60898,19.28010238924046,8.371589435129398
1985-2015,198512,201512,60899,-0.9825405422927842,-0.987743617678878
1985-2015,198512,201512,60900,0.17821620762632176,0.11304262310766582
1985-2015,198512,201512,60920,0.0,0.003673094582185249
1985-2015,198512,201512,60927,-0.9615384080427755,-0.9726489785235872
1985-2015,198512,201512,60935,4.39540472583871,2.706585396192151
1985-2015,198512,201512,60943,33.94908059920602,15.15023574460718
1985-2015,198512,201512,60978,-0.9423316822141097,-0.955391740028324
1985-2015,198512,201512,60986,32.11080217385342,14.300753314035243
1985-2015,198512,201512,60994,0.44642846301329553,0.30548828247195026
1985-2015,198512,201512,61014,1.4174956280287017,1.3280376400311633
1985-2015,198512,201512,61022,-0.13559217885146782,-0.23249573638070978
1985-2015,198512,201512,61030,0.5825514651703796,0.40514114657288636
1985-2015,198512,201512,61031,0.5740721011461589,0.08137071436376647
1985-2015,198512,201512,61049,31.296395020021123,20.763230429644327
1985-2015,198512,201512,61058,-0.7738486458700278,-0.8607417295413747
1985-2015,198512,201512,61065,1.544354185235575,0.42980931848970866
1985-2015,198512,201512,61066,2.1999914344715563,1.8115680368789482
1985-2015,198512,201512,61081,21.91348490301408,13.836752961489546
1985-2015,198512,201512,61102,-0.25000069025238847,-0.25137055200535235
1985-2015,198512,201512,61111,0.3777786594122456,-0.07328487708456288
1985-2015,198512,201512,61129,0.8604661715425812,0.8672998397576133
1985-2015,198512,201512,61137,-0.0016505800771282793,-0.27107821244108227
1985-2015,198512,201512,61138,3.569603369782688,1.1583515119129846
1985-2015,198512,201512,61145,-0.23612481642236946,-0.6131677235049388
1985-2015,198512,201512,61146,-0.4312603482209349,-0.7371810847079512
1985-2015,198512,201512,61161,-0.9090030216893388,-0.937876516368799
1985-2015,198512,201512,61162,0.4506694582120086,-0.02064131079325092
1985-2015,198512,201512,61188,10.295015550939674,4.219512523909554
1985-2015,198512,201512,61209,-0.03864061043148248,-0.5557485201148344
1985-2015,198512,201512,61210,-0.19999999999999998,-0.19632352941176467
1985-2015,198512,201512,61217,1.0347714537843609,0.2529606754852433
1985-2015,198512,201512,61218,5.741299450251249,2.408429342217079
1985-2015,198512,201512,61233,8.535757451723258,5.413897165989862
1985-2015,198512,201512,61234,0.9032233839245671,0.7855992777936069
1985-2015,198512,201512,61241,-0.8020119064173772,-0.9085081973212953
1985-2015,198512,201512,61242,0.9596777930595333,0.41009073588812994
1985-2015,198512,201512,61268,1.568180730834265,1.5425919735523999
1985-2015,198512,201512,61269,2.4652941213920623,0.6013387484120154
1985-2015,198512,201512,61276,-0.2999980874578441,-0.35434422750331096
1985-2015,198512,201512,61284,6.113352305657969,3.8201451147452916
1985-2015,198512,201512,61292,-0.9691145095274167,-0.9731227379884287
1985-2015,198512,201512,61313,72.48155083867726,32.95638307437872
1985-2015,198512,201512,61322,-0.32538154145932907,-0.6298403739031357
1985-2015,198512,201512,61348,0.6311546615008072,0.1814791550830899
1985-2015,198512,201512,61357,-0.26499763170690094,-0.4633549842723062
1985-2015,198512,201512,61365,0.5028415508835766,0.48652109965226137
1985-2015,198512,201512,61372,-0.9925313241801463,-0.9944010544093963
1985-2015,198512,201512,61373,0.6229763204694496,0.6053512382562056
1985-2015,198512,201512,61380,-0.7818932930717041,-0.7971143568743597
1985-2015,198512,201512,61399,129.8849043346289,59.482908968502116
1985-2015,198512,201512,61400,-0.4230788085533413,-0.5248117089290143
1985-2015,198512,201512,61401,4.67501787174726,2.6877494255765524
1985-2015,198512,201512,61428,0.6952571680735471,0.3216234555666102
1985-2015,198512,201512,61429,-0.307691618881,-0.30769161888099994
1985-2015,198512,201512,61436,-0.5322587785380974,-0.5703855839849923
1985-2015,198512,201512,61437,-0.142857,-0.14442255799086792
1985-2015,198512,201512,61444,3.66541386812914,2.116929925345446
1985-2015,198512,201512,61460,2.989379732532628,1.7545117167771065
1985-2015,198512,201512,61479,-0.45833389722204226,-0.4632447413088777
1985-2015,198512,201512,61487,9.407370728156096,3.809325105538356
1985-2015,198512,201512,61488,-0.29028405313433087,-0.4537186408984667
1985-2015,198512,201512,61496,26.236345446865403,11.586122216858197
1985-2015,198512,201512,61508,27.372425788379996,12.111113576450402
1985-2015,198512,201512,61509,0.5373811073851682,0.5345731053625464
1985-2015,198512,201512,61516,26.42733312804905,11.674379075766863
1985-2015,198512,201512,61524,-0.9034673865516704,-0.9409898509513286
1985-2015,198512,201512,61525,-0.9687500643380088,-0.9755152833845474
1985-2015,198512,201512,61532,-0.22695339846698714,-0.519374325668041
1985-2015,198512,201512,61540,-0.9825306841536764,-0.9890264584942347
1985-2015,198512,201512,61560,3.9071753950850754,2.290516998053982
1985-2015,198512,201512,61567,2.4393397737116715,0.5893450471057411
1985-2015,198512,201512,61576,0.2001361148880779,0.029630120543695657
1985-2015,198512,201512,61583,0.8273380193966484,0.14786233057502465
1985-2015,198512,201512,61591,1.340174128727062,0.7235918616567905
1985-2015,198512,201512,61604,0.008765969608196617,-0.18927852589576605
1985-2015,198512,201512,61612,-0.39999969846726485,-0.45576736134831564
1985-2015,198512,201512,61620,-0.0818059993039717,-0.344917726657468
1985-2015,198512,201512,61621,268.3823269546387,123.48362048892083
1985-2015,198512,201512,61639,-0.00018756783167923172,-0.010149467065240989
1985-2015,198512,201512,61640,0.7304759038114734,0.19482638210103656
1985-2015,198512,201512,61655,-9.999999999887884e-08,-9.999999995724549e-08
1985-2015,198512,201512,61663,7.908911742721552,4.485881991433618
1985-2015,198512,201512,61671,2.6078208662415356,1.4569147705931464
1985-2015,198512,201512,61672,0.24271934704783243,0.23145262585972842
1985-2015,198512,201512,61698,8.017989140414532,4.704086881060806
1985-2015,198512,201512,61700,-0.6384932520098742,-0.8329449844400347
1985-2015,198512,201512,61719,-0.71428564514653,-0.714807497849459
1985-2015,198512,201512,61720,-0.98293339844921,-0.9886187946949277
1985-2015,198512,201512,61727,7.305265117155104,6.465176622574448
1985-2015,198512,201512,61735,25.43331987294894,11.21503799646258
1985-2015,198512,201512,61736,0.5714286144954988,0.42774021250505456
1985-2015,198512,201512,61743,8.963582262121417,3.60424708276026
1985-2015,198512,201512,61744,0.08706575103717451,0.09105864635778835
1985-2015,198512,201512,61751,1.1472406028545272,0.9476630530456418
1985-2015,198512,201512,61778,4.750466053655489,1.6573340647481003
1985-2015,198512,201512,61786,-0.8166664294445299,-0.830183396087179
1985-2015,198512,201512,61787,10.358699493299085,4.209494346236046
1985-2015,198512,201512,61794,0.080816177944,0.0808161779440002
1985-2015,198512,201512,61795,1.6514325063827582,1.0509665459846822
1985-2015,198512,201512,61807,10.398376576003027,4.267276439095784
1985-2015,198512,201512,61815,11.869302207896636,4.9470023520689175
1985-2015,198512,201512,61823,-0.33925002635630863,-0.521405088672926
1985-2015,198512,201512,61832,-0.9576310887380531,-0.9722865230345255
1985-2015,198512,201512,61858,-0.9747617510305824,-0.9814114513992093
1985-2015,198512,201512,61866,-0.9646771154505167,-0.9748646400959732
1985-2015,198512,201512,61867,0.10344799999999998,0.1004276131386861
1985-2015,198512,201512,61882,7.998716467184437,4.745091763219975
1985-2015,198512,201512,61890,0.21668274828280423,0.2067461378158844
1985-2015,198512,201512,61946,19.41039899609738,8.431800487362606
1985-2015,198512,201512,61947,-0.8333331578940633,-0.8638513763663762
1985-2015,198512,201512,61954,0.7936683518845951,0.560891328511038
1985-2015,198512,201512,61955,-0.8797210313383845,-0.944418174507073
1985-2015,198512,201512,61970,1.94125418236462,1.67231157217334
1985-2015,198512,201512,61990,2.4522283710378843,1.4141302684225296
1985-2015,198512,201512,61997,2.3518516366910367,2.047898368471965
1985-2015,198512,201512,62010,3.577980874521681,1.9748710439073753
1985-2015,198512,201512,62017,0.2678581698504972,0.2725151328251542
1985-2015,198512,201512,62026,-0.9090904542200781,-0.9267226153853579
1985-2015,198512,201512,62033,108.3093663499496,49.5126888999028
1985-2015,198512,201512,62034,16.506690004163172,7.268899460496163
1985-2015,198512,201512,62042,10.492544945624989,4.351586824229571
1985-2015,198512,201512,62069,-0.709549482862494,-0.7124434644644075
1985-2015,198512,201512,62076,1.2082222989603992,0.9606717894100059
1985-2015,198512,201512,62084,-0.8058775348056191,-0.906212326191284
1985-2015,198512,201512,62085,0.17944750726371328,-0.03435496221779822
1985-2015,198512,201512,62092,43.12679696913322,19.391328226302765
1985-2015,198512,201512,62093,-0.03703730620764665,-0.06939149043762825
1985-2015,198512,201512,62105,0.4216212282606173,0.3464748721740506
1985-2015,198512,201512,62113,0.740998583021621,0.6334003873327305
1985-2015,198512,201512,62148,20.48455179811143,8.928174660325851
1985-2015,198512,201512,62149,-0.7922079393282352,-0.8427169513059287
1985-2015,198512,201512,62164,-0.5831532376479722,-0.7092447279829186
1985-2015,198512,201512,62165,-0.8352942133056789,-0.854585278790878
1985-2015,198512,201512,62172,-0.9930555493382001,-0.994475775419689
1985-2015,198512,201512,62180,-0.8241054239841459,-0.8680488870382095
1985-2015,198512,201512,62199,-0.9729357315050281,-0.9813131740587465
1985-2015,198512,201512,62200,-0.07912589353304028,-0.4535747022972926
1985-2015,198512,201512,62201,0.07083647236541833,0.07773873323701862
1985-2015,198512,201512,62228,0.1351490165898809,-0.4754390127332241
1985-2015,198512,201512,62236,3.603513426579175,2.27794148224823
1985-2015,198512,201512,62244,0.897878651350253,0.6515775206415817
1985-2015,198512,201512,62245,-0.9466019459874183,-0.9570852404148884
1985-2015,198512,201512,62252,4.7511848747581045,2.832954309823542
1985-2015,198512,201512,62253,-0.9056607283890296,-0.9326939791966119
1985-2015,198512,201512,62260,-0.7508568310494084,-0.847272303049357
1985-2015,198512,201512,62261,-0.8307688806889505,-0.878708450224933
1985-2015,198512,201512,62279,0.40624804387848346,0.1787033067171643
1985-2015,198512,201512,62287,0.8593829289088162,0.12096279166979503
1985-2015,198512,201512,62288,-0.8409092569845062,-0.861555587487313
1985-2015,198512,201512,62295,4.5017169014819896,2.57301044166359
1985-2015,198512,201512,62296,-0.5125035149602808,-0.7641514955832486
1985-2015,198512,201512,62308,34.751585443695554,15.521079331977287
1985-2015,198512,201512,62316,-0.9677418836192171,-0.9780323232372612
1985-2015,198512,201512,62324,0.8396990723518467,0.07990928360932659
1985-2015,198512,201512,62325,-0.39285833815480437,-0.5249779267023631
1985-2015,198512,201512,62340,0.141025699732,0.14102569973199997
1985-2015,198512,201512,62341,112.87783072436802,51.62381100591257
1985-2015,198512,201512,62359,9.459191998187338,3.8332721082417267
1985-2015,198512,201512,62360,1.4062476109920174,0.9141402029215966
1985-2015,198512,201512,62367,0.48860290487703756,-0.06491783044218231
1985-2015,198512,201512,62368,1.4772701901989236,0.14476538120174262
1985-2015,198512,201512,62375,-0.7948723171420486,-0.851912445598586
1985-2015,198512,201512,62376,1.27724272227977,0.05233116814365822
1985-2015,198512,201512,62383,17.264743841457836,7.389907339390785
1985-2015,198512,201512,62384,2.44176058670681,1.3467525397819995
1985-2015,198512,201512,62391,3.474868746171369,1.0678708549055296
1985-2015,198512,201512,62405,-0.9683586898249399,-0.9807760133288824
1985-2015,198512,201512,62412,0.16101698521037802,0.1494488811910713
1985-2015,198512,201512,62413,-0.18181803997944487,-0.18331243625345514
1985-2015,198512,201512,62420,-0.8907935866486868,-0.9479002506315972
1985-2015,198512,201512,62439,-0.9749999260426683,-0.9801704783487928
1985-2015,198512,201512,62440,-0.25000081581685213,-0.44120715179810455
1985-2015,198512,201512,62447,5.033315086281812,3.1448229976782045
1985-2015,198512,201512,62448,-0.7307690910256794,-0.7297801804325691
1985-2015,198512,201512,62455,-0.9433962211847466,-0.9485719615585437
1985-2015,198512,201512,62463,-0.9486960505257638,-0.9666813922903503
1985-2015,198512,201512,62471,-0.5555563879443537,-0.678080273043856
1985-2015,198512,201512,62472,-0.9985795413561327,-0.9988465369258938
1985-2015,198512,201512,62498,32.00979609746745,14.254077638529493
1985-2015,198512,201512,62499,-0.021977561522271937,-0.015673549487885487
1985-2015,198512,201512,62500,2.267064597468942,0.7143070595456347
1985-2015,198512,201512,62519,60.309478024604864,29.97640617616287
1985-2015,198512,201512,62527,-0.6449997989013312,-0.7533278958672317
1985-2015,198512,201512,62536,0.5917553852930564,0.3220278390009962
1985-2015,198512,201512,62544,-0.7500009227098685,-0.8017061019752442
1985-2015,198512,201512,62552,-0.9991146665357734,-0.9995439672956226
1985-2015,198512,201512,62586,-0.9737918210197484,-0.9795680887122575
1985-2015,198512,201512,62594,-0.3877583407588098,-0.5702118602757728
1985-2015,198512,201512,62595,-0.9743988992933248,-0.980294364033524
1985-2015,198512,201512,62607,-0.9710638927797955,-0.9821818787652488
1985-2015,198512,201512,62615,-0.9629629924026071,-0.9719657553296742
1985-2015,198512,201512,62616,4.197674897442581,2.4182061750329376
1985-2015,198512,201512,62631,-0.10937510386014754,-0.3523266723347584
1985-2015,198512,201512,62675,0.5833335899300978,0.29631731370306885
1985-2015,198512,201512,62682,0.8015602455613675,0.2192602776461779
1985-2015,198512,201512,62690,1.5511364396201008,0.5137850860503659
1985-2015,198512,201512,62704,0.46153714825813763,0.4562079334969408
1985-2015,198512,201512,62712,-0.9375003236194189,-0.9494732645828586
1985-2015,198512,201512,62738,-0.16963079357316968,-0.24681033807093314
1985-2015,198512,201512,62746,0.5609742527546586,0.5085277261369063
1985-2015,198512,201512,62747,0.1438446443729583,-0.20368012974545013
1985-2015,198512,201512,62754,0.6532776248795822,0.5033547786966579
1985-2015,198512,201512,62755,0.4634159771164588,0.28371883064870795
1985-2015,198512,201512,62762,-0.22929262969818462,-0.28062924360385716
1985-2015,198512,201512,62763,-0.975010444572763,-0.9873167136061731
1985-2015,198512,201512,62770,12.876215178954173,6.515710203467242
1985-2015,198512,201512,62771,-0.3888892124805685,-0.48580131581313435
1985-2015,198512,201512,62790,-0.8399999488922528,-0.9028983587669255
1985-2015,198512,201512,62797,0.7280869065035445,-0.08042892463078195
1985-2015,198512,201512,62818,0.9850541205640693,0.62157261119322
1985-2015,198512,201512,62826,0.15199890577358147,-0.0432106352503612
1985-2015,198512,201512,62834,11.323163107518427,5.6514653217371125
1985-2015,198512,201512,62835,0.640625137535225,0.5132517091358648
1985-2015,198512,201512,62842,0.8333290893442504,0.30798217666662187
1985-2015,198512,201512,62843,2.068450922613486,0.8873476974769523
1985-2015,198512,201512,62851,2.43446640087414,1.3713656198076052
1985-2015,198512,201512,62877,5.313130223524516,3.272601445394609
1985-2015,198512,201512,62885,-0.9996475846334738,-0.9998293142279002
1985-2015,198512,201512,62886,-0.36607151599999316,-0.43345557398854706
1985-2015,198512,201512,62893,-0.2687051409696914,-0.3661337978428809
1985-2015,198512,201512,62894,1.0080794920927696,0.36071350580123945
1985-2015,198512,201512,62906,-0.8548428609300147,-0.9311026780426028
1985-2015,198512,201512,62907,-0.9651798939733204,-0.9794501210112523
1985-2015,198512,201512,62914,1.5838553688734414,0.7347382789795294
1985-2015,198512,201512,62922,1.4368700955843408,0.126096190455
1985-2015,198512,201512,62923,10.427919921463234,6.593140713774661
1985-2015,198512,201512,62931,-0.16523300112965775,-0.40598936864239255
1985-2015,198512,201512,62949,-0.859184022058883,-0.9296563693374583
1985-2015,198512,201512,62958,3.3526418205677055,1.0113888637059532
1985-2015,198512,201512,62966,-0.8399994559526196,-0.8746375665635939
1985-2015,198512,201512,62973,-0.9107142124344034,-0.9197455873279629
1985-2015,198512,201512,62982,0.5747679597585151,0.39032421649116006
1985-2015,198512,201512,63036,-0.7083325159289691,-0.8062051306445976
1985-2015,198512,201512,63037,-0.3333333011553541,-0.36305358231014173
1985-2015,198512,201512,63044,4.882345834574564,2.753300640507885
1985-2015,198512,201512,63052,0.9999994999999999,0.9999994999999999
1985-2015,198512,201512,63060,4.644087281879733,1.8157834818722125
1985-2015,198512,201512,63061,3.462515066926687,2.2735093745978996
1985-2015,198512,201512,63079,-0.9990538856703063,-0.9995627933781397
1985-2015,198512,201512,63087,0.7247139481437761,0.7184251096819934
1985-2015,198512,201512,63088,8.119992931738121,4.738717486695318
1985-2015,198512,201512,63095,-0.9374452009029208,-0.9469570245049592
1985-2015,198512,201512,63096,11.55646045436343,7.174038878272338
1985-2015,198512,201512,63108,0.8716772951116922,0.6365946268456628
1985-2015,198512,201512,63116,0.6949169552078742,0.5297640231562404
1985-2015,198512,201512,63125,3.3317182176065705,1.0017199077661925
1985-2015,198512,201512,63132,1.2729115915829414,0.050329719733709755
1985-2015,198512,201512,63140,-0.4625004253164072,-0.5285015769428836
1985-2015,198512,201512,63159,1.9179798150194163,0.3484206480567487
1985-2015,198512,201512,63175,-0.6666662242061923,-0.6767224339462008
1985-2015,198512,201512,63176,-0.096774455914,-0.09677445591399994
1985-2015,198512,201512,63183,0.30199032241798035,0.2996122579021481
1985-2015,198512,201512,63184,0.22448971020799996,0.23011696071447058
1985-2015,198512,201512,63191,-0.23417687866600548,-0.24995997166840872
1985-2015,198512,201512,63212,-0.9305556563571713,-0.9432715488777192
1985-2015,198512,201512,63239,-0.5359382051451882,-0.6845649615818974
1985-2015,198512,201512,63240,5.715928197921245,2.86953585678857
1985-2015,198512,201512,63247,-0.9509804903092522,-0.9628958974432221
1985-2015,198512,201512,63263,302.72201854123983,139.35225293967892
1985-2015,198512,201512,63264,-0.39999979000013797,-0.4525874544825969
1985-2015,198512,201512,63298,0.7529034502461422,0.5992683398322483
1985-2015,198512,201512,63299,0.18756265344685769,-0.027710876241636543
1985-2015,198512,201512,63300,-0.9987415774894481,-0.99924007966628
1985-2015,198512,201512,63319,-0.2857139702383035,-0.2979184977252393
1985-2015,198512,201512,63327,0.709996743409711,0.6337643711073544
1985-2015,198512,201512,63335,-0.5571445224789551,-0.7953531183044065
1985-2015,198512,201512,63344,5.419396669604498,3.1321558067595534
1985-2015,198512,201512,63351,4.5033442046878935,3.1656199554874433
1985-2015,198512,201512,63352,2.2349812870761894,1.6426267165727033
1985-2015,198512,201512,63378,0.3636402267782242,0.29267889667701547
1985-2015,198512,201512,63379,0.0,-0.0027372262773722733
1985-2015,198512,201512,63386,-0.9793814076825866,-0.9849458106860837
1985-2015,198512,201512,63395,4.4719240154433155,2.6692103980856112
1985-2015,198512,201512,63415,-0.06249905959660182,-0.12043903187904358
1985-2015,198512,201512,63459,-0.9285716415724948,-0.9325227348649411
1985-2015,198512,201512,63466,0.3209873431994709,0.22879929031235913
1985-2015,198512,201512,63467,88.30833213196084,40.27005898752063
1985-2015,198512,201512,63475,-0.4999996488095059,-0.5167989532703715
1985-2015,198512,201512,63482,-0.9954640644616114,-0.9964021933646888
1985-2015,198512,201512,63483,-0.1576094034468861,-0.47114708671306466
1985-2015,198512,201512,63490,0.46666662073621035,0.4720538259547087
1985-2015,198512,201512,63503,10.74255267321279,4.584757336040554
1985-2015,198512,201512,63504,-0.9213116307916526,-0.9346456021696629
1985-2015,198512,201512,63511,-0.9729758502291453,-0.9836719758432592
1985-2015,198512,201512,63546,-0.869757643465366,-0.9398140172529943
1985-2015,198512,201512,63547,0.24931384439770907,-0.254232642312018
1985-2015,198512,201512,63554,2.424240803465372,1.1097492661711694
1985-2015,198512,201512,63555,0.3333323535147565,0.2738918377549193
1985-2015,198512,201512,63562,4.480007893043639,1.8196533492275906
1985-2015,198512,201512,63563,-0.8831176239550009,-0.9085522999161175
1985-2015,198512,201512,63570,-0.37499959226193724,-0.3806659604191273
1985-2015,198512,201512,63589,-0.9718311361219794,-0.9774607846129747
1985-2015,198512,201512,63590,3.083350758376059,1.7380996189601396
1985-2015,198512,201512,63597,4.406156478621771,2.6747071089139283
1985-2015,198512,201512,63618,-0.7708331057464696,-0.8139083094954617
1985-2015,198512,201512,63626,0.05405908427808899,-0.004246690478866871
1985-2015,198512,201512,63627,0.7321445531277713,0.696446233484457
1985-2015,198512,201512,63635,0.516408108444105,0.44880599871451554
1985-2015,198512,201512,63642,-0.8333326838843973,-0.8638509891522019
1985-2015,198512,201512,63650,1.015947393901686,0.831613051982163
1985-2015,198512,201512,63669,0.38960079383828494,0.37575513375475145
1985-2015,198512,201512,63677,-0.07139468331095783,-0.14348893574588795
1985-2015,198512,201512,63678,-0.05882359032605602,-0.16433321220664426
1985-2015,198512,201512,63685,-0.20535063167110548,-0.20169875038282933
1985-2015,198512,201512,63686,1.0641038297752967,0.05670514564140461
1985-2015,198512,201512,63693,-0.9854368995446261,-0.9884488615401135
1985-2015,198512,201512,63706,5.43484385197514,1.9735902463624688
1985-2015,198512,201512,63714,60.30864631914674,27.078452666549605
1985-2015,198512,201512,63715,13.661299873162378,5.775098091688605
1985-2015,198512,201512,63722,0.6896589255020853,0.21340158053467675
1985-2015,198512,201512,63723,0.13592228083112018,0.13384753693919066
1985-2015,198512,201512,63730,0.02924404036114313,-0.07104563491764662
1985-2015,198512,201512,63749,-0.9716057641427627,-0.9798081328614441
1985-2015,198512,201512,63750,0.18269360615348382,0.1709095213095627
1985-2015,198512,201512,63757,-4.000000000308054e-07,0.004595186397058824
1985-2015,198512,201512,63758,-0.8166671002348762,-0.8561501367959223
1985-2015,198512,201512,63765,10.040865114815391,4.102067675929912
1985-2015,198512,201512,63773,12.218825127720851,5.108519549560899
1985-2015,198512,201512,63781,3.6475772675554996,1.1476807751561764
1985-2015,198512,201512,63802,1.71803281122971,1.4133305139513181
1985-2015,198512,201512,63810,0.006974038478500517,-0.23567873329374905
1985-2015,198512,201512,63811,6.289646412141086,2.529821430108808
1985-2015,198512,201512,63829,-0.4880320083661608,-0.7634157003040751
1985-2015,198512,201512,63830,131.523709677448,60.240213371715726
1985-2015,198512,201512,63837,0.5316351303358333,-0.03788666812812208
1985-2015,198512,201512,63845,-0.24984904952062476,-0.4846543124613719
1985-2015,198512,201512,63846,-0.272727558442078,-0.274055909933508
1985-2015,198512,201512,63853,-0.7142853368480686,-0.7777322940746896
1985-2015,198512,201512,63854,-0.6206895134099999,-0.6206895134100001
1985-2015,198512,201512,63861,0.13140686904448745,0.12934037248002261
1985-2015,198512,201512,63862,0.7343758460260543,0.7170949272703582
1985-2015,198512,201512,63889,4.250004305203219,2.9357028159033716
1985-2015,198512,201512,63896,0.39718501555837116,0.2996793378768511
1985-2015,198512,201512,63897,0.20086405470304478,0.0534064300083696
1985-2015,198512,201512,63909,1.4,1.411029411764706
1985-2015,198512,201512,63925,0.34374859121318097,0.2906126627381427
1985-2015,198512,201512,63933,0.75007108848608,0.6074182350548614
1985-2015,198512,201512,63934,0.35087423219876634,0.2839178572115219
1985-2015,198512,201512,63941,-0.8333335323661538,-0.8646608847520105
1985-2015,198512,201512,63942,0.27310900000000005,0.2696242125912409
1985-2015,198512,201512,63968,0.40779499552277715,0.3962975772290335
1985-2015,198512,201512,63969,0.265385,0.2619213549270074
1985-2015,198512,201512,63976,5.3947068308520105,2.4028308501077156
1985-2015,198512,201512,63977,3.9496220553311527,1.3498885446926905
1985-2015,198512,201512,63992,-0.8866680070976045,-0.9242836991183873
1985-2015,198512,201512,63993,-0.677419525852633,-0.7485160782859683
1985-2015,198512,201512,64004,5.5082894819654555,2.6219757656762948
1985-2015,198512,201512,64012,1.6385611133988296,0.7846208520698774
1985-2015,198512,201512,64013,-0.7450281191705281,-0.8070053561311545
1985-2015,198512,201512,64020,-0.6004278886703411,-0.8153546907585594
1985-2015,198512,201512,64039,-0.6944437644143662,-0.7644760469004952
1985-2015,198512,201512,64040,-0.9423077141264171,-0.945357306360636
1985-2015,198512,201512,64047,0.9636301289075211,0.9440649736376081
1985-2015,198512,201512,64048,-0.9923469333059265,-0.9935106269227134
1985-2015,198512,201512,64055,0.06305177745100063,0.00685926581797483
1985-2015,198512,201512,64063,1.8918039747457849,0.861449790575469
1985-2015,198512,201512,64064,0.11851412093405322,-0.15745283653968323
1985-2015,198512,201512,64071,6.805077267191581,3.9368920445835656
1985-2015,198512,201512,64072,-0.8297865116310514,-0.8567795667534558
1985-2015,198512,201512,64100,1.4636981314349398,1.4591982261720453
1985-2015,198512,201512,64119,-0.005102,-0.007825260948905122
1985-2015,198512,201512,64120,-0.8900000601400377,-0.8927476054710627
1985-2015,198512,201512,64127,-0.7857149143297804,-0.8108129251716074
1985-2015,198512,201512,64135,82.3061825438669,37.887058035885865
1985-2015,198512,201512,64143,1.7931143352708943,1.0627526813858665
1985-2015,198512,201512,64144,-0.9774999308661034,-0.9844645763971264
1985-2015,198512,201512,64151,-0.9583331477625884,-0.9703310296446314
1985-2015,198512,201512,64152,104.1956265982737,59.610869726891444
1985-2015,198512,201512,64178,2.691309571747795,1.6456402373248151
1985-2015,198512,201512,64186,39.619974133578474,17.770798743473744
1985-2015,198512,201512,64194,23.7452715792265,10.434978051408775
1985-2015,198512,201512,64195,1.922394185234384,0.5210365926005627
1985-2015,198512,201512,64207,-0.5657891223756,-0.6191071514899924
1985-2015,198512,201512,64215,3.9000008237199415,2.404768531675717
1985-2015,198512,201512,64223,0.609702711228199,0.5460501435610023
1985-2015,198512,201512,64224,-0.6413045845447465,-0.64455658287163
1985-2015,198512,201512,64231,1.2608777200248151,0.07725611529047405
1985-2015,198512,201512,64258,-0.5518701921814901,-0.7753276791574515
1985-2015,198512,201512,64275,8.38423065669547,4.508573634676773
1985-2015,198512,201512,64282,51.97355140959503,23.4794806852076
1985-2015,198512,201512,64283,-0.2068276818819999,-0.33261174464744103
1985-2015,198512,201512,64290,1.1556964002648953,0.23360008664373136
1985-2015,198512,201512,64291,17.566722297610287,11.675470000804527
1985-2015,198512,201512,64303,0.357423082155764,0.055988205548933245
1985-2015,198512,201512,64311,20.119438027217885,8.759452812070247
1985-2015,198512,201512,64338,-0.8913043715662083,-0.927778527733657
1985-2015,198512,201512,64339,-0.9074074742693914,-0.9216690165452359
1985-2015,198512,201512,64346,1.6077436293397076,0.7098163088592113
1985-2015,198512,201512,64354,-0.9166664340256971,-0.9391559201002585
1985-2015,198512,201512,64355,0.2499997998145477,-0.0220116097370788
1985-2015,198512,201512,64362,1.18407259064765,0.12228036499531077
1985-2015,198512,201512,64370,-0.9923792395143106,-0.9932880812160689
1985-2015,198512,201512,64390,86.83813793016783,39.590671073955605
1985-2015,198512,201512,64397,1.764294918322756,1.0209861844326218
1985-2015,198512,201512,64418,7.223204002037775,4.32462202264649
1985-2015,198512,201512,64419,-0.575758911362843,-0.6570299483133046
1985-2015,198512,201512,64426,-0.7069203363175991,-0.7228395557799616
1985-2015,198512,201512,64427,-0.6498020565447329,-0.7626990996921219
1985-2015,198512,201512,64434,-0.9934491370610163,-0.9955610085602548
1985-2015,198512,201512,64435,-0.988461542206948,-0.9890997974349128
1985-2015,198512,201512,64442,-0.8017580884318908,-0.8855974607476539
1985-2015,198512,201512,64450,48.724380848115054,21.978014276287777
1985-2015,198512,201512,64469,0.21951196859957564,0.21728454947884565
1985-2015,198512,201512,64477,-0.974088842530434,-0.9834863585339734
1985-2015,198512,201512,64485,0.016808363264443522,-0.039436870312846914
1985-2015,198512,201512,64486,27.206339799798496,12.19153016434245
1985-2015,198512,201512,64493,-0.3181807724420889,-0.3352110475282814
1985-2015,198512,201512,64506,-0.9390243330387196,-0.9578986708852308
1985-2015,198512,201512,64507,-0.28571363340014155,-0.2870182660332009
1985-2015,198512,201512,64514,2.0694669066313036,0.9160064699874475
1985-2015,198512,201512,64515,17.830772223454222,9.849780727588563
1985-2015,198512,201512,64522,-0.437499917105235,-0.46257640681470474
1985-2015,198512,201512,64523,0.056816868122935016,0.06167356328894104
1985-2015,198512,201512,64531,4.704953552850707,2.7518136180901474
1985-2015,198512,201512,64549,-0.8095238600318954,-0.8102183947264009
1985-2015,198512,201512,64550,1.5660309687032963,1.4074436470323626
1985-2015,198512,201512,64557,29.852787994270187,13.257307801601234
1985-2015,198512,201512,64565,11.339978282505921,5.164349297430974
1985-2015,198512,201512,64566,-0.6470585656990613,-0.6447836209107495
1985-2015,198512,201512,64573,-2.499999999822063e-07,0.00459533708639708
1985-2015,198512,201512,64581,1.4608809768646775,1.3994138338207778
1985-2015,198512,201512,64582,0.5622109212105482,0.12409251934373142
1985-2015,198512,201512,64602,0.3191634045625296,0.21674734277370847
1985-2015,198512,201512,64629,0.9810810588960683,-0.08452738722189973
1985-2015,198512,201512,64630,-0.5762217483079733,-0.7428153086621962
1985-2015,198512,201512,64637,3.8390122489520184,1.6766398725225513
1985-2015,198512,201512,64638,-0.43999967492935543,-0.560602760012768
1985-2015,198512,201512,64645,-0.7834677820424518,-0.8320300111940382
1985-2015,198512,201512,64646,8.591494821162694,5.210606540006421
1985-2015,198512,201512,64654,-0.954545350614882,-0.9672930008045202
1985-2015,198512,201512,64688,0.6905463298422576,0.6236969582755603
1985-2015,198512,201512,64689,2.6274685690193773,1.7940966497097803
1985-2015,198512,201512,64697,1.4030824714866257,0.5333153189345521
1985-2015,198512,201512,64709,0.8181842216978159,0.7058157547774353
1985-2015,198512,201512,64717,-0.9007242406375635,-0.9328121331373727
1985-2015,198512,201512,64725,-0.053987980732287826,-0.17675864883788972
1985-2015,198512,201512,64741,-0.9215688314696874,-0.9317473987232232
1985-2015,198512,201512,64742,-0.4947382705767542,-0.766514715036631
1985-2015,198512,201512,64768,-0.04802925101375448,-0.12562686668742368
1985-2015,198512,201512,64769,5.121799458102112,3.387624136200401
1985-2015,198512,201512,64776,-0.04566909782979248,-0.13865922702556824
1985-2015,198512,201512,64784,1.0512822275545561,0.975375748649453
1985-2015,198512,201512,64785,1.569240339057028,0.1872654859272097
1985-2015,198512,201512,64792,0.6301743151918124,0.49729456008794193
1985-2015,198512,201512,64805,36.036947310627895,16.11505481894778
1985-2015,198512,201512,64806,4.136698487914339,2.6719499328256218
1985-2015,198512,201512,64813,-0.9032256491963273,-0.9229049814661705
1985-2015,198512,201512,64814,0.14285765719475987,0.10837925404957625
1985-2015,198512,201512,64821,1.0923060637752608,0.9089236458316861
1985-2015,198512,201512,64822,-0.9947727567551903,-0.9975844511715137
1985-2015,198512,201512,64848,3.9999986359533866,2.40498349476452
1985-2015,198512,201512,64856,12.057901464435705,7.031674901872956
1985-2015,198512,201512,64864,-0.9134582404898035,-0.9588023818952685
1985-2015,198512,201512,64872,0.4634143454661689,0.4687896047699931
1985-2015,198512,201512,64873,-0.8749999287297127,-0.8763573955670372
1985-2015,198512,201512,64880,-0.8907389865826837,-0.9240799188397161
1985-2015,198512,201512,64899,116.7956851164501,53.434281294696085
1985-2015,198512,201512,64901,-0.7381807403406632,-0.8648235943279852
1985-2015,198512,201512,64902,-0.8676472054566388,-0.9019243359756652
1985-2015,198512,201512,64928,0.21621558316696127,0.19543492122435993
1985-2015,198512,201512,64929,22.67709819345645,9.941367012133089
1985-2015,198512,201512,64936,26.964076813129488,11.922412411690322
1985-2015,198512,201512,64944,0.569233738157584,0.36016849786379085
1985-2015,198512,201512,64952,0.2580590617221118,0.14302456730030544
1985-2015,198512,201512,64961,85.7932251068428,39.10780891735714
1985-2015,198512,201512,64979,-0.8234260053811222,-0.8883128610425732
1985-2015,198512,201512,64987,5.724657140187374,5.2288561476481314
1985-2015,198512,201512,64988,-0.7333344695576041,-0.793725814031466
1985-2015,198512,201512,64995,4.577278564270255,1.577302809744165
1985-2015,198512,201512,64996,4.139125112907926,2.337530450628856
1985-2015,198512,201512,65008,-0.3322602097385538,-0.6914323683518614
1985-2015,198512,201512,65015,0.129376333527577,-0.3206338290888046
1985-2015,198512,201512,65016,-0.17999875539006632,-0.2997958122197978
1985-2015,198512,201512,65023,0.3026767288503759,0.2274359177874665
1985-2015,198512,201512,65024,6.506974176175247,3.9220892468863555
1985-2015,198512,201512,65032,-0.356163550017655,-0.5955671035455725
1985-2015,198512,201512,65058,8.012754794991668,5.095879326068011
1985-2015,198512,201512,65059,-0.6000000567597283,-0.6208153183333764
1985-2015,198512,201512,65066,2.0770772034388294,1.069689466682242
1985-2015,198512,201512,65067,-0.9837807752355615,-0.9917469214769408
1985-2015,198512,201512,65074,13.183227502451597,8.055062885618941
1985-2015,198512,201512,65082,-0.48717881490397,-0.6192163347079068
1985-2015,198512,201512,65083,21.17184712468863,11.165576760685086
1985-2015,198512,201512,65090,1.6316270013983467,1.2810216594198192
1985-2015,198512,201512,65091,1.759612522860257,0.8391807850525987
1985-2015,198512,201512,65103,-0.92045475429362,-0.9479695071471733
1985-2015,198512,201512,65104,-0.7450983215735949,-0.7682133656239094
1985-2015,198512,201512,65111,3.3261286816892657,1.9260263917613694
1985-2015,198512,201512,65138,7.643158791598042,3.9799539057546935
1985-2015,198512,201512,65146,15.236592583289909,9.755512541536906
1985-2015,198512,201512,65154,4.99118151780951,1.768570510079611
1985-2015,198512,201512,65155,-0.8142846240764748,-0.8816402881140449
1985-2015,198512,201512,65162,0.6752135130556463,0.6615320959798732
1985-2015,198512,201512,65163,-0.03976870042596734,-0.5156456961264779
1985-2015,198512,201512,65170,0.6938947811285794,0.6800607947128281
1985-2015,198512,201512,65189,-0.08894204775564453,-0.26347164067819456
1985-2015,198512,201512,65198,0.648351048476564,0.6423406526753725
1985-2015,198512,201512,65218,0.6342948486362219,0.16826963345937734
1985-2015,198512,201512,65226,8.980378040521797,3.9860150003841017
1985-2015,198512,201512,65227,-0.7585729764540193,-0.810838898397307
1985-2015,198512,201512,65234,0.11841772501828365,-0.2148808134585836
1985-2015,198512,201512,65242,-0.11268498016517371,-0.14777212945565488
1985-2015,198512,201512,65250,1.5485933847405962,1.2125596263077614
1985-2015,198512,201512,65269,1.5461155568182101,0.8442043098756138
1985-2015,198512,201512,65270,2.5138426017342894,0.6237733701281392
1985-2015,198512,201512,65277,1.9492624752940109,1.8755966864374236
1985-2015,198512,201512,65285,-0.027457815185807328,-0.5505808654468185
1985-2015,198512,201512,65293,12.062731477200092,5.56044658370348
1985-2015,198512,201512,65294,81.66955051588234,37.20222755051659
1985-2015,198512,201512,65306,29.04844308365604,12.885613905691201
1985-2015,198512,201512,65307,29.319322874937527,13.010789515825723
1985-2015,198512,201512,65315,-0.4257720509984995,-0.6650847661373324
1985-2015,198512,201512,65322,-0.20689549367317517,-0.2155083932893946
1985-2015,198512,201512,65330,16.76767063816278,7.210575629431123
1985-2015,198512,201512,65349,-0.6750000205094047,-0.7840577643870998
1985-2015,198512,201512,65350,-0.6153835804763481,-0.6990796374091972
1985-2015,198512,201512,65357,7.001410810160557,4.34568582854859
1985-2015,198512,201512,65365,18.675814512414735,8.092343414890312
1985-2015,198512,201512,65373,-0.9378375984229576,-0.9581112793318698
1985-2015,198512,201512,65381,0.23381457816616363,0.03815191219062111
1985-2015,198512,201512,65402,61.55153131176123,27.905537987001438
1985-2015,198512,201512,65410,3.1519062566030644,2.686461038559827
1985-2015,198512,201512,65429,-0.2745007720496184,-0.6647412932460554
1985-2015,198512,201512,65437,-0.7132261112198979,-0.7775416178590127
1985-2015,198512,201512,65438,0.9804723436645073,0.4675635739832587
1985-2015,198512,201512,65445,-0.9675324652125195,-0.9782821202431357
1985-2015,198512,201512,65446,-0.9802389948200683,-0.9867816532058351
1985-2015,198512,201512,65453,0.1620940611762589,-0.28198484518617667
1985-2015,198512,201512,65496,-0.6710973177557281,-0.8045184166976675
1985-2015,198512,201512,65497,1.8124958129774917,1.5280081608424312
1985-2015,198512,201512,65509,3.7177635060543084,1.2124415997482951
1985-2015,198512,201512,65510,-0.8260865320013653,-0.8368348321695214
1985-2015,198512,201512,65518,-0.6542206756005737,-0.8281824291390527
1985-2015,198512,201512,65525,-0.868078401954511,-0.9143254268189426
1985-2015,198512,201512,65526,-0.9827587406368942,-0.9861436055265628
1985-2015,198512,201512,65533,13.86531349793079,7.4054773167296215
1985-2015,198512,201512,65541,2.525634795982245,0.6292226327063064
1985-2015,198512,201512,65568,-0.8033417646278671,-0.8817020081113147
1985-2015,198512,201512,65569,0.6055450513388736,0.5339691792949195
1985-2015,198512,201512,65576,-0.8472219955855713,-0.8714500701886293
1985-2015,198512,201512,65584,8.036486175795599,3.175828935691608
1985-2015,198512,201512,65592,-0.791488961395002,-0.8636130669088791
1985-2015,198512,201512,65593,-0.7391310611161823,-0.7887927776296204
1985-2015,198512,201512,65605,1.281249450221528,0.9947245192737044
1985-2015,198512,201512,65606,0.12214734656043234,-0.26202945259292787
1985-2015,198512,201512,65613,0.41286346346013014,0.3605812912439843
1985-2015,198512,201512,65621,-0.9641262822238188,-0.9715457376419695
1985-2015,198512,201512,65622,-0.9876555645290697,-0.990771225738901
1985-2015,198512,201512,65648,-0.214534059608967,-0.60286511846894
1985-2015,198512,201512,65656,14.125020798532121,7.204291678806763
1985-2015,198512,201512,65664,-0.9740259856438441,-0.9761431952174132
1985-2015,198512,201512,65672,9.942028303643822,5.052447842045907
1985-2015,198512,201512,65673,-0.5909088305507748,-0.6145373722344802
1985-2015,198512,201512,65700,11.022157156652149,4.5555301859088
1985-2015,198512,201512,65701,0.7417803415403752,0.5655969681773274
1985-2015,198512,201512,65702,4.718141298777175,2.1822446229956496
1985-2015,198512,201512,65728,-0.7897714194708367,-0.823788467393884
1985-2015,198512,201512,65736,0.18749769886498904,0.12472702327507168
1985-2015,198512,201512,65744,0.7999996068820201,0.5442696784317471
1985-2015,198512,201512,65752,23.782523504024514,10.452192448958385
1985-2015,198512,201512,65760,-0.7509620963388386,-0.8294496060766605
1985-2015,198512,201512,65761,8.844548870985946,5.968971448178524
1985-2015,198512,201512,65779,-0.9090908893951186,-0.9276829272990281
1985-2015,198512,201512,65787,5.287908523961271,2.269592776731525
1985-2015,198512,201512,65796,-0.9600000297910545,-0.9694479612589955
1985-2015,198512,201512,65808,1.695730550426442,0.7632755784656537
1985-2015,198512,201512,65816,-0.9599278408478182,-0.9697521616344373
1985-2015,198512,201512,65817,0.7347008973503926,0.1813259070429785
1985-2015,198512,201512,65832,5.11354602475238,2.1456306014143167
1985-2015,198512,201512,65840,0.506229339582976,0.4266106309915009
1985-2015,198512,201512,65859,13.087705160519333,8.170852734036712
1985-2015,198512,201512,65867,-0.9807692993629894,-0.9854236090178553
1985-2015,198512,201512,65875,14.278927158632175,6.060508354036572
1985-2015,198512,201512,65883,12.132472400437798,6.112880244637527
1985-2015,198512,201512,65891,-0.991794611786717,-0.9932970931860102
1985-2015,198512,201512,65904,0.5818997117197326,0.5661380298094811
1985-2015,198512,201512,65913,0.6581997945009033,0.28631112518771273
1985-2015,198512,201512,65920,3.964287932543133,2.4385086883838096
1985-2015,198512,201512,65939,10.28699756059534,5.221224575759297
1985-2015,198512,201512,65940,0.6601469272561016,0.131965434492153
1985-2015,198512,201512,65955,-0.8839823465565982,-0.9085084450118052
1985-2015,198512,201512,65963,0.22222140750029862,0.15861925273011823
1985-2015,198512,201512,65964,-0.9411495638514032,-0.9650795186154092
1985-2015,198512,201512,65971,-9.22805487561651e-07,-0.09294689512564108
1985-2015,198512,201512,65972,0.04054090996469048,0.03864037862228886
1985-2015,198512,201512,66018,3.341323305141331,1.9564276464295762
1985-2015,198512,201512,66026,4.704546541245212,2.896918355988126
1985-2015,198512,201512,66027,0.17976771378765707,0.072783786331039
1985-2015,198512,201512,66034,0.341330349287839,0.32676386585665873
1985-2015,198512,201512,66050,-0.8836104531319088,-0.9458159839480949
1985-2015,198512,201512,66069,8.53085427614103,5.813095960642343
1985-2015,198512,201512,66070,-0.432990192960947,-0.5085315471104798
1985-2015,198512,201512,66077,-0.8747791954298475,-0.932544928834314
1985-2015,198512,201512,66078,-0.19333384992756747,-0.5707467857696351
1985-2015,198512,201512,66085,-0.4075774730897393,-0.5624879581669495
1985-2015,198512,201512,66086,0.5378280689334412,0.04921727799266761
1985-2015,198512,201512,66093,18.050300771984944,7.803288761771293
1985-2015,198512,201512,66106,-0.6458330652760279,-0.6888227816291788
1985-2015,198512,201512,66114,13.362802334126684,5.926184267366924
1985-2015,198512,201512,66115,-0.6666666416756667,-0.7075976238776114
1985-2015,198512,201512,66122,13.728133723415771,8.33750009262963
1985-2015,198512,201512,66123,0.18000703632443274,-0.06472248680014207
1985-2015,198512,201512,66130,-0.9789918478018049,-0.9892050123160622
1985-2015,198512,201512,66149,3.446667027352073,1.9545331677178246
1985-2015,198512,201512,66157,21.619876700858484,9.452816925922532
1985-2015,198512,201512,66165,5.821608483747415,3.8668525278955146
1985-2015,198512,201512,66166,-0.5999993773308674,-0.6365746628617106
1985-2015,198512,201512,66173,-0.7775854043684034,-0.8373918708860637
1985-2015,198512,201512,66174,0.034978918740320754,-0.05573292305244544
1985-2015,198512,201512,66181,678.1161735274546,312.82474481154566
1985-2015,198512,201512,66202,-0.9554052618159647,-0.9650092973186285
1985-2015,198512,201512,66229,-0.3730563392365448,-0.4565825367054269
1985-2015,198512,201512,66230,-0.9997023810320141,-0.99977749826812
1985-2015,198512,201512,66237,0.036723000000000006,0.03388525456204383
1985-2015,198512,201512,66238,0.8510631525140973,0.8629944988010205
1985-2015,198512,201512,66245,5.508024709304316,2.0074076766809585
1985-2015,198512,201512,66253,-0.21177154379518046,-0.6010845525830708
1985-2015,198512,201512,66254,-0.4838703578255245,-0.5107287954061568
1985-2015,198512,201512,66261,-0.9749999655376014,-0.9769408964832054
1985-2015,198512,201512,66262,9.67123395067097,6.164409525849741
1985-2015,198512,201512,66288,-0.9563107306180696,-0.9716097672803508
1985-2015,198512,201512,66296,4.780025254646775,2.7559854954393184
1985-2015,198512,201512,66297,0.0626614582949527,-0.19564475490555186
1985-2015,198512,201512,66317,0.20674276133988853,0.20234260541886762
1985-2015,198512,201512,66325,19.401175036392683,8.427538025484484
1985-2015,198512,201512,66333,2.235831809310959,1.2063407158932518
1985-2015,198512,201512,66334,-0.7333331112640773,-0.761678733124805
1985-2015,198512,201512,66341,-0.9624999694742188,-0.9704274651048493
1985-2015,198512,201512,66368,-0.9060864880589742,-0.9529812980726936
1985-2015,198512,201512,66369,-0.769436073703748,-0.8678519289765056
1985-2015,198512,201512,66376,131.96181309641372,60.442664291039115
1985-2015,198512,201512,66384,11.2867487540236,4.677799973849621
1985-2015,198512,201512,66385,-0.9264708286279375,-0.9376513698140696
1985-2015,198512,201512,66393,6.155357562555697,3.406087783590632
1985-2015,198512,201512,66405,-0.8181816666995247,-0.8196665714179497
1985-2015,198512,201512,66406,1.3035703373227108,1.2008762051518556
1985-2015,198512,201512,66413,1.0783265914555606,0.18932511228320892
1985-2015,198512,201512,66421,-0.7950002947081768,-0.8477821481766556
1985-2015,198512,201512,66422,1.1315762021408138,0.431088936695277
1985-2015,198512,201512,66448,-0.8099036222140368,-0.8265648239398515
1985-2015,198512,201512,66449,0.6853916867418293,0.6823133457614785
1985-2015,198512,201512,66456,-0.6726228506030161,-0.7743863655164543
1985-2015,198512,201512,66464,0.5111455589629532,0.08307022685016846
1985-2015,198512,201512,66472,-0.8948383236342887,-0.939726422512993
1985-2015,198512,201512,66473,-0.5999993875820968,-0.6036258663891496
1985-2015,198512,201512,66480,0.02222253205714798,-0.10616861796922926
1985-2015,198512,201512,66481,-0.7809522821254181,-0.806608113378903
1985-2015,198512,201512,66499,0.11529853931462358,0.07402758015055767
1985-2015,198512,201512,66501,-0.2519344707554297,-0.5895403496665083
1985-2015,198512,201512,66528,-0.5879509169210038,-0.6341432592970406
1985-2015,198512,201512,66529,-0.9665540156656787,-0.9715956014938515
1985-2015,198512,201512,66536,-0.9897774506935344,-0.9918916934746249
1985-2015,198512,201512,66544,1.1123624848172384,0.7870063435799102
1985-2015,198512,201512,66545,-0.9455085176091869,-0.9662936104962315
1985-2015,198512,201512,66553,4.500012840532425,2.7666128036979605
1985-2015,198512,201512,66560,-0.9867478642539337,-0.9892706782441107
1985-2015,198512,201512,66561,0.07843236165600002,0.07450006498633309
1985-2015,198512,201512,66579,-0.9963653231646459,-0.9971086595480043
1985-2015,198512,201512,66580,-0.8928569316072468,-0.9117502835318166
1985-2015,198512,201512,66587,10.734265989353792,5.454732121974693
1985-2015,198512,201512,66588,-0.7916663583183507,-0.8379297719871582
1985-2015,198512,201512,66595,-0.8815786394349356,-0.9114674780454067
1985-2015,198512,201512,66608,0.574701065905749,0.43668469535474386
1985-2015,198512,201512,66617,8.097224953107462,3.203896786279027
1985-2015,198512,201512,66624,-0.1847844843181875,-0.42027940231605704
1985-2015,198512,201512,66625,-0.12156921077195953,-0.20189122807460674
1985-2015,198512,201512,66632,-0.9335165139010222,-0.9527218930994258
1985-2015,198512,201512,66633,-0.2913245745896645,-0.35612448880008624
1985-2015,198512,201512,66640,30.93446202240287,19.38806483089157
1985-2015,198512,201512,66659,0.3427272172148842,0.017753709026261808
1985-2015,198512,201512,66667,-0.7874252417778469,-0.8738630777758885
1985-2015,198512,201512,66675,-0.9302328587094162,-0.9433465932907815
1985-2015,198512,201512,66683,86.65491547189023,39.506002583564495
1985-2015,198512,201512,66684,-0.11111166609684325,-0.15809796450940208
1985-2015,198512,201512,66691,0.43381463003135046,0.42081540401112044
1985-2015,198512,201512,66704,-0.62499949374978,-0.6290718974375651
1985-2015,198512,201512,66705,-0.9178084178805753,-0.937787119628441
1985-2015,198512,201512,66712,-0.6451613635787747,-0.6458094706772612
1985-2015,198512,201512,66713,15.270623609567469,7.2395691157358115
1985-2015,198512,201512,66739,-0.8905479993674312,-0.9494213987141328
1985-2015,198512,201512,66747,1.2577425512030915,0.06639497010245106
1985-2015,198512,201512,66755,1.4540536757695888,1.2389654988448742
1985-2015,198512,201512,66771,2.5649328339740456,1.732448518607034
1985-2015,198512,201512,66798,2.7370205259608813,1.8643502348353715
1985-2015,198512,201512,66799,15.826603356004128,8.06430629281052
1985-2015,198512,201512,66800,-0.03679029319157703,-0.5548934744565668
1985-2015,198512,201512,66801,-0.9772726831080504,-0.9838275017168614
1985-2015,198512,201512,66819,0.659575513373077,0.6430398877869319
1985-2015,198512,201512,66828,-0.17159454277294064,-0.42910014832964954
1985-2015,198512,201512,66836,-0.6666689915294568,-0.7830072708407955
1985-2015,198512,201512,66843,-0.867924601561364,-0.8755530944022163
1985-2015,198512,201512,66851,0.26058102923645393,0.20438379803797493
1985-2015,198512,201512,66852,-0.26676023754405587,-0.6611643334259182
1985-2015,198512,201512,66878,8.265820017565543,4.507091505817902
1985-2015,198512,201512,66886,-0.9285713646671333,-0.9375428012649414
1985-2015,198512,201512,66907,0.8872501597804285,0.8684460368116007
1985-2015,198512,201512,66915,-0.9637632878044308,-0.9712578182657786
1985-2015,198512,201512,66923,0.279026181410327,-0.14705575577700633
1985-2015,198512,201512,66924,0.0,0.00459558823529413
1985-2015,198512,201512,66931,5.3853277661256636,3.456681512372504
1985-2015,198512,201512,66958,0.4146332277736451,0.41982930941835994
1985-2015,198512,201512,66966,0.379999065742889,0.3662490750516094
1985-2015,198512,201512,66967,-0.054046260517793834,-0.4686909366628714
1985-2015,198512,201512,66974,-0.8518523648054709,-0.8734958083846717
1985-2015,198512,201512,66982,-0.35564316468742524,-0.48890999927674605
1985-2015,198512,201512,66991,-0.4933099020143481,-0.585159342997515
1985-2015,198512,201512,67002,-0.7768974781707464,-0.8961368013768684
1985-2015,198512,201512,67003,0.42857073523168454,0.2085354594490951
1985-2015,198512,201512,67010,5.239570185053838,2.1115436297564316
1985-2015,198512,201512,67011,-0.9875000155928716,-0.9894823071924623
1985-2015,198512,201512,67029,-0.8808446228865165,-0.944937394700333
1985-2015,198512,201512,67030,0.0829328001603971,0.08790951339642852
1985-2015,198512,201512,67037,-0.6999983183428966,-0.8027064753001119
1985-2015,198512,201512,67045,-0.9699073031675718,-0.9759214365755168
1985-2015,198512,201512,67046,-0.5584403883804057,-0.7763908116885128
1985-2015,198512,201512,67053,-0.7780004007833654,-0.8454486866600115
1985-2015,198512,201512,67061,0.04896089836359839,-0.08717017363740868
1985-2015,198512,201512,67062,-0.3766255614358254,-0.590043164048951
1985-2015,198512,201512,67088,4.403695355812227,2.534553575046537
1985-2015,198512,201512,67109,-0.9375001674617627,-0.9396000734179546
1985-2015,198512,201512,67117,-0.9934425740209408,-0.9946909136332506
1985-2015,198512,201512,67125,1.000000497580893,0.9500450881854727
1985-2015,198512,201512,67126,-0.993087543169946,-0.9943532770439095
1985-2015,198512,201512,67133,0.38510670653252016,0.39019433447203367
1985-2015,198512,201512,67141,-0.2259870223187167,-0.2669010532013498
1985-2015,198512,201512,67168,0.586043674723103,0.10698961460558826
1985-2015,198512,201512,67176,9.13498546426514,4.544313870090991
1985-2015,198512,201512,67177,9.046147773912201,4.495715473916932
1985-2015,198512,201512,67192,-0.9906779374550669,-0.9931340873574044
1985-2015,198512,201512,67193,45.424315236604585,21.034816985239146
1985-2015,198512,201512,67205,0.07600032321205927,-0.018306883747261336
1985-2015,198512,201512,67221,-0.9627193370076079,-0.9656137007167219
1985-2015,198512,201512,67222,-0.7777776035133201,-0.7893416484302334
1985-2015,198512,201512,67256,0.4285700233021447,0.4351351428945258
1985-2015,198512,201512,67257,-0.8958334321047458,-0.9142019150644213
1985-2015,198512,201512,67272,5.466477084243603,3.365571002519
1985-2015,198512,201512,67280,-0.9788452878141936,-0.9809851147869355
1985-2015,198512,201512,67299,-0.9599999125596174,-0.9673242932942167
1985-2015,198512,201512,67300,0.8776185969933832,0.17203719389706829
1985-2015,198512,201512,67301,-0.9190149340118149,-0.9265421766596793
1985-2015,198512,201512,67328,7.558375309409833,4.413370493741288
1985-2015,198512,201512,67329,-0.2857134285712,-0.28110937148095927
1985-2015,198512,201512,67336,-0.9989481470141576,-0.9991840487483848
1985-2015,198512,201512,67344,-0.3885641903299693,-0.48274044894013646
1985-2015,198512,201512,67345,-0.984129951935839,-0.9906339295172094
1985-2015,198512,201512,67352,-0.6666670162182754,-0.6778665329147437
1985-2015,198512,201512,67360,17.305703094502352,7.45920451634756
1985-2015,198512,201512,67379,-0.9745762796629208,-0.9776981329627387
1985-2015,198512,201512,67387,0.5641037528314512,0.4865786102998042
1985-2015,198512,201512,67396,0.250000790952714,0.1667385691813117
1985-2015,198512,201512,67408,-0.867344531130926,-0.8953878589654417
1985-2015,198512,201512,67409,-0.7551024145854566,-0.7575425173386813
1985-2015,198512,201512,67416,0.7352535587786309,0.6994911646460964
1985-2015,198512,201512,67417,-0.5624995858013305,-0.6008447807018815
1985-2015,198512,201512,67425,-0.9516127641043234,-0.9627292115334922
1985-2015,198512,201512,67432,1.2053802165641447,0.2945652936114992
1985-2015,198512,201512,67433,-0.62499985,-0.6615399141618499
1985-2015,198512,201512,67440,0.2724497915862271,0.10731498583100778
1985-2015,198512,201512,67441,0.4367352531575107,0.4341110791791405
1985-2015,198512,201512,67459,19.890303538010347,10.046493356093551
1985-2015,198512,201512,67467,6.938153745918874,2.668281172937041
1985-2015,198512,201512,67475,-0.7560618399970754,-0.8019135149456191
1985-2015,198512,201512,67483,-0.6851264804397732,-0.7443114733437386
1985-2015,198512,201512,67484,-0.9841165462728241,-0.9871971866343634
1985-2015,198512,201512,67491,-0.9358192030152764,-0.9613074400969097
1985-2015,198512,201512,67512,-0.9836981417833054,-0.9866532351828861
1985-2015,198512,201512,67520,0.447916203125,0.44791620312499997
1985-2015,198512,201512,67539,0.3434972347536523,0.09995691204924476
1985-2015,198512,201512,67547,0.4807093206101124,0.26438694330222834
1985-2015,198512,201512,67555,-0.9202123247323974,-0.9322393713539319
1985-2015,198512,201512,67556,-0.587096604485986,-0.6971118044987804
1985-2015,198512,201512,67563,-0.6664917062225383,-0.798938463817559
1985-2015,198512,201512,67564,0.2997630664521816,-0.07570524942600268
1985-2015,198512,201512,67571,24.745066859643124,16.263409863552123
1985-2015,198512,201512,67600,0.36082493903153107,0.3484874509170115
1985-2015,198512,201512,67619,-0.9213904168982806,-0.9466995816810302
1985-2015,198512,201512,67620,-0.979021248051704,-0.9849046900069206
1985-2015,198512,201512,67627,0.8811322326006334,0.5494178826167975
1985-2015,198512,201512,67628,-0.9797018918839937,-0.9853944488671528
1985-2015,198512,201512,67635,0.4817981048091833,0.4034708219726498
1985-2015,198512,201512,67636,-0.5555557148148453,-0.5801403598034798
1985-2015,198512,201512,67643,-0.9102564906591856,-0.9209591815394762
1985-2015,198512,201512,67651,-0.7363635970064122,-0.7417969637347748
1985-2015,198512,201512,67652,0.15728495140792195,-0.22159233729916344
1985-2015,198512,201512,67678,-0.4585336035982618,-0.6841927581285487
1985-2015,198512,201512,67679,1.812118227939171,0.7267669792907374
1985-2015,198512,201512,67686,-0.9266856900539016,-0.9363522313176444
1985-2015,198512,201512,67694,-0.9801324733909513,-0.9842529321365554
1985-2015,198512,201512,67707,2.635646039061528,1.666953772278021
1985-2015,198512,201512,67708,1.651431531012364,0.796661291628342
1985-2015,198512,201512,67715,6.96259235106434,4.2083264151486155
1985-2015,198512,201512,67723,37.925181729618814,19.154061407140432
1985-2015,198512,201512,67731,-0.6347825779816945,-0.659109613777961
1985-2015,198512,201512,67732,-0.05980312052630731,-0.4960102063439194
1985-2015,198512,201512,67758,-0.3585506882252715,-0.45226242361736047
1985-2015,198512,201512,67759,0.46875051145914315,0.38391750778003775
1985-2015,198512,201512,67766,-0.815154501670051,-0.8391432088577753
1985-2015,198512,201512,67774,10.935720564776101,4.51558717991767
1985-2015,198512,201512,67775,-0.9736841673399418,-0.9787254400166837
1985-2015,198512,201512,67782,0.7079654192720088,0.6404272436417437
1985-2015,198512,201512,67790,-0.8862989572534444,-0.9181861489651184
1985-2015,198512,201512,67791,1.4958548736048978,1.1823755014801232
1985-2015,198512,201512,67803,-0.9623497353555206,-0.971342799960713
1985-2015,198512,201512,67838,12.034515736801948,5.0233487793360165
1985-2015,198512,201512,67846,-0.9187432375846513,-0.9234365161034688
1985-2015,198512,201512,67847,13.203796705939254,5.563682401264813
1985-2015,198512,201512,67870,-0.13043330534596861,-0.3578132450967188
1985-2015,198512,201512,67871,-0.9870689322675943,-0.9877524635775394
1985-2015,198512,201512,67889,-0.3272724619350802,-0.3339753631295677
1985-2015,198512,201512,67897,0.5134381127486938,0.467779820083693
1985-2015,198512,201512,67918,-0.9596773651089708,-0.9669867865648728
1985-2015,198512,201512,67926,-0.9504188968389305,-0.9538790248893201
1985-2015,198512,201512,67927,-0.9047618939031524,-0.9201723543221976
1985-2015,198512,201512,67934,0.20212810503776854,0.1356318226501992
1985-2015,198512,201512,67935,-0.9736841610829146,-0.9763460428154817
1985-2015,198512,201512,67942,-0.2686449945408805,-0.6298677027875207
1985-2015,198512,201512,67950,0.6827252262692409,0.6659589423118479
1985-2015,198512,201512,67969,-0.9839222078666908,-0.9876246290128825
1985-2015,198512,201512,67970,1.3076870465092432,0.6431934474492529
1985-2015,198512,201512,67977,0.038460323049812215,-0.03071124415589732
1985-2015,198512,201512,67985,-0.9744185365530037,-0.9813222848713647
1985-2015,198512,201512,67993,2.2959007996219616,1.183284590295035
1985-2015,198512,201512,68005,-0.31318588164428296,-0.3611167392657034
1985-2015,198512,201512,68006,-0.3894739378891495,-0.4212445915983005
1985-2015,198512,201512,68013,0.7021152454265718,0.245255664826803
1985-2015,198512,201512,68049,6.502965466016801,3.063796459046766
1985-2015,198512,201512,68056,-0.9915157946461133,-0.9931613300502963
1985-2015,198512,201512,68057,-0.8944445022737538,-0.895306570766981
1985-2015,198512,201512,68065,4.720820742554829,2.260092320965816
1985-2015,198512,201512,68072,0.9315254285826149,0.3843654383218344
1985-2015,198512,201512,68073,0.22856961198435638,-0.0987741034235573
1985-2015,198512,201512,68099,1.0216717665698982,0.9164676850484814
1985-2015,198512,201512,68102,4.5035913500713995,2.4811489268680744
1985-2015,198512,201512,68128,-0.8629739206439337,-0.9098859778964017
1985-2015,198512,201512,68129,-0.8333332021488264,-0.8590040169881326
1985-2015,198512,201512,68136,1.2050034485488088,0.9280550154110783
1985-2015,198512,201512,68137,-0.9766500339964285,-0.9793848846188177
1985-2015,198512,201512,68144,8.49036188909784,3.3855683520912976
1985-2015,198512,201512,68145,-0.9993587313377487,-0.9997036648777758
1985-2015,198512,201512,68152,-0.03604491649597651,-0.12418711033258757
1985-2015,198512,201512,68160,0.5849131241346868,0.24179931518223144
1985-2015,198512,201512,68161,10.365309073842418,6.002414215168979
1985-2015,198512,201512,68180,0.0,0.003673094582185249
1985-2015,198512,201512,68195,-0.7052622427931191,-0.7365916855052161
1985-2015,198512,201512,68196,132.55994172820186,60.71906407733849
1985-2015,198512,201512,68208,-0.9617342428142637,-0.9712941162635486
1985-2015,198512,201512,68209,-0.9936440759162887,-0.9948540555381508
1985-2015,198512,201512,68216,-0.5816328801785509,-0.6722041132868504
1985-2015,198512,201512,68233,-0.3640921028059127,-0.6740539619053
1985-2015,198512,201512,68275,0.31706751654551596,0.18873228371944595
1985-2015,198512,201512,68276,-0.874597920410232,-0.9420507460134799
1985-2015,198512,201512,68283,1.7381222669057625,1.321774738346003
1985-2015,198512,201512,68291,-0.9045168886718002,-0.928075092569454
1985-2015,198512,201512,68292,31.267790531678536,13.911191227618463
1985-2015,198512,201512,68304,1.3529215334074762,0.1873237470057119
1985-2015,198512,201512,68313,1.009082918556607,0.2371423267506328
1985-2015,198512,201512,68320,-0.9824945765302272,-0.9918484727241326
1985-2015,198512,201512,68339,-0.9552169297641863,-0.9623187869378411
1985-2015,198512,201512,68340,17.132739531225116,8.078330237288394
1985-2015,198512,201512,68347,22.46901411442099,13.266758858210315
1985-2015,198512,201512,68355,-0.5397427739597105,-0.6879273275049398
1985-2015,198512,201512,68363,-0.9899750363956414,-0.9926658064126078
1985-2015,198512,201512,68364,-0.9972209419686201,-0.998344680965505
1985-2015,198512,201512,68371,-0.5039326680138341,-0.5443684085202696
1985-2015,198512,201512,68398,-0.28951602094618056,-0.5806916905476104
1985-2015,198512,201512,68400,-0.6327189693628147,-0.688566201329369
1985-2015,198512,201512,68401,1.6565998166025357,0.8250556879613911
1985-2015,198512,201512,68419,33.99003178166777,15.169159597236195
1985-2015,198512,201512,68428,0.4126066993068892,-0.016573807425202723
1985-2015,198512,201512,68435,-0.9393321986374342,-0.9519841369375204
1985-2015,198512,201512,68451,5.262069129989874,2.7097244222650017
1985-2015,198512,201512,68452,-0.6808500068389269,-0.7912441995660963
1985-2015,198512,201512,68478,-0.19999993215275239,-0.24944199643172438
1985-2015,198512,201512,68486,-0.9821427952552783,-0.9861868897480673
1985-2015,198512,201512,68494,-0.9808695764661566,-0.9882133298069385
1985-2015,198512,201512,68495,-0.39371051418058434,-0.6270824940908155
1985-2015,198512,201512,68507,2.234928058762547,2.0745881462847495
1985-2015,198512,201512,68516,0.3495157822253584,0.2781808925236714
1985-2015,198512,201512,68523,-0.8703278100299294,-0.9352240583368203
1985-2015,198512,201512,68524,-0.8902440763851281,-0.9117917466830479
1985-2015,198512,201512,68531,-0.8811881172267328,-0.8877602524881755
1985-2015,198512,201512,68558,-0.9444443611018559,-0.9509512816513155
1985-2015,198512,201512,68559,5.30135896006869,3.2305806777365333
1985-2015,198512,201512,68566,-0.7304608204031172,-0.8164446583804404
1985-2015,198512,201512,68567,-0.7836546954677125,-0.8566876255431572
1985-2015,198512,201512,68574,8.136647999622888,5.670912667727321
1985-2015,198512,201512,68582,23.28807887722369,14.066328157097333
1985-2015,198512,201512,68583,0.43037567093964924,-0.07106321548601437
1985-2015,198512,201512,68590,-0.036693777846385264,-0.14952043552996647
1985-2015,198512,201512,68591,159.50761293985,73.1717877362886
1985-2015,198512,201512,68603,-0.8157132022254654,-0.8605086773077794
1985-2015,198512,201512,68611,0.37587955434688036,0.09609063622532031
1985-2015,198512,201512,68638,-0.9078948655500144,-0.9380486695668713
1985-2015,198512,201512,68647,0.7159036681887052,0.34250730803883717
1985-2015,198512,201512,68654,0.1701449427200019,0.07476338016215314
1985-2015,198512,201512,68655,0.10344819292452284,0.09146504512805691
1985-2015,198512,201512,68662,4.151755967496895,2.4844488072240773
1985-2015,198512,201512,68670,-0.12382986196749386,-0.37612119813059963
1985-2015,198512,201512,68689,0.15909095957320976,0.14754204602673707
1985-2015,198512,201512,68697,-0.24597748550781431,-0.5041235810228886
1985-2015,198512,201512,68698,0.02419899782710869,-0.021460223229869534
1985-2015,198512,201512,68718,-0.5094130837752864,-0.7732960577386692
1985-2015,198512,201512,68719,-0.384615,-0.38235463269054193
1985-2015,198512,201512,68734,-0.9857142310566266,-0.9885188636359507
1985-2015,198512,201512,68742,-0.9903141013049171,-0.9951439219143587
1985-2015,198512,201512,68743,-0.8794640854104885,-0.9242840490538297
1985-2015,198512,201512,68785,-0.7656251002165522,-0.7675392327919162
1985-2015,198512,201512,68786,2.164564110036113,1.144369852615919
1985-2015,198512,201512,68793,0.7493254889645535,0.4184070915714069
1985-2015,198512,201512,68806,1.9532447753002358,1.770726643264513
1985-2015,198512,201512,68814,-0.620388491648415,-0.769363324831416
1985-2015,198512,201512,68815,9.950200630724723,4.548890918751246
1985-2015,198512,201512,68823,0.191784174687461,-0.3544994534522312
1985-2015,198512,201512,68830,8.011634106223829,3.1643446054762245
1985-2015,198512,201512,68865,-0.9491527050618238,-0.9603594198520495
1985-2015,198512,201512,68866,43.82412710815205,19.713569782987054
1985-2015,198512,201512,68873,-0.920138817254578,-0.9254583494955199
1985-2015,198512,201512,68874,-0.12000044000000001,-0.1143282513075505
1985-2015,198512,201512,68882,-0.914285668890515,-0.9188164957515883
1985-2015,198512,201512,68903,-0.976470600844718,-0.9812826540926324
1985-2015,198512,201512,68910,0.06435251105174693,-0.25712816438086855
1985-2015,198512,201512,68937,-0.7142850719665597,-0.7733770563566399
1985-2015,198512,201512,68938,2.0425513106296376,1.059138441187736
1985-2015,198512,201512,68946,-0.991703513061194,-0.9932928548638202
1985-2015,198512,201512,68953,-0.8733328663811362,-0.8997486046014351
1985-2015,198512,201512,68954,-0.9258922478987454,-0.9266970379668134
1985-2015,198512,201512,68962,0.36777423089671923,0.36527601312339175
1985-2015,198512,201512,68996,-0.5679172868968907,-0.7390793340211615
1985-2015,198512,201512,68997,-0.3101307546352655,-0.5087771432028305
1985-2015,198512,201512,69016,-0.2892763294944215,-0.44591942092539444
1985-2015,198512,201512,69017,-0.03448300000000001,-0.030045881433823567
1985-2015,198512,201512,69024,-0.4057135383426384,-0.46095012233070876
1985-2015,198512,201512,69033,-0.9662921105641225,-0.9788260211761987
1985-2015,198512,201512,69041,0.18852561525026057,0.10558169997322096
1985-2015,198512,201512,69060,1.2307719805428787,0.5451418090832503
1985-2015,198512,201512,69075,1.386425144219598,0.2817507039960812
1985-2015,198512,201512,69084,-0.8783774892501858,-0.9134548149417012
1985-2015,198512,201512,69121,0.6766204025052622,0.46603687995060183
1985-2015,198512,201512,69155,-0.9167716079885991,-0.9392327104419097
1985-2015,198512,201512,69156,1.2884657472295409,1.2037824332351414
1985-2015,198512,201512,69171,-0.9875621873809896,-0.9917055953675543
1985-2015,198512,201512,69199,12.737037555482068,5.347989450646597
1985-2015,198512,201512,69200,5.137526199738891,2.226703288270618
1985-2015,198512,201512,69201,-0.9267482159190694,-0.9428928673320564
1985-2015,198512,201512,69220,24.280053960313214,17.383964722968948
1985-2015,198512,201512,69227,-0.10227275296114482,-0.11761161779364358
1985-2015,198512,201512,69244,-0.9918621419335006,-0.9949889133145443
1985-2015,198512,201512,69278,0.958920736188547,0.9185487138477433
1985-2015,198512,201512,69279,1.2670442650992766,1.0461431723810977
1985-2015,198512,201512,69286,3.862705449432121,2.485204627035613
1985-2015,198512,201512,69287,-0.9444445681585268,-0.9583238936151475
1985-2015,198512,201512,69295,-0.6551725907327357,-0.7252941994685717
1985-2015,198512,201512,69307,-0.8808943693870643,-0.9277165717601673
1985-2015,198512,201512,69316,-0.8653845103136403,-0.8763573695569822
1985-2015,198512,201512,69323,-0.16980908824012333,-0.2251078850951802
1985-2015,198512,201512,69324,-0.5882355664661947,-0.6416731482066487
1985-2015,198512,201512,69332,-0.5967729255473238,-0.7109985623758854
1985-2015,198512,201512,69358,0.3861395853011488,0.0931100770087698
1985-2015,198512,201512,69359,-0.2857153264604247,-0.3252263196380677
1985-2015,198512,201512,69383,0.8518538745461859,0.8451014447392706
1985-2015,198512,201512,69391,0.5909086196847575,0.5880028505163835
1985-2015,198512,201512,69439,1.4883768688894468,1.3345887705546469
1985-2015,198512,201512,69447,-0.8498129678642092,-0.9012307905388572
1985-2015,198512,201512,69471,0.1359919151724408,-0.2618078696293234
1985-2015,198512,201512,69519,1.2765463996929727,0.6699766542714194
1985-2015,198512,201512,69542,1.758351134642849,0.5350701579249697
1985-2015,198512,201512,69543,-0.9411765793174325,-0.9519476840014602
1985-2015,198512,201512,69550,34.013172167242494,15.179852945268358
1985-2015,198512,201512,69586,0.8135598616281783,-0.16194020557674782
1985-2015,198512,201512,69607,18.27590285913538,11.108368864962642
1985-2015,198512,201512,69623,-0.9273824785509901,-0.9431847165756851
1985-2015,198512,201512,69631,-5.441540183828667e-07,-0.052860134107748855
1985-2015,198512,201512,69649,151.06098565352042,69.26853707612209
1985-2015,198512,201512,69650,2.7692333978546007,2.536285067686763
1985-2015,198512,201512,69666,2.0000000007724516e-07,-0.017086134352518406
1985-2015,198512,201512,69674,0.5425206122075703,0.4854405543109021
1985-2015,198512,201512,69682,5.983551828183642,3.4172581876184793
1985-2015,198512,201512,69702,-0.8237372770172724,-0.8636552326821505
1985-2015,198512,201512,69703,-0.9058186882888932,-0.9275069199294086
1985-2015,198512,201512,69710,0.24323939132946562,0.12955997898845087
1985-2015,198512,201512,69754,0.378581855979058,0.19967354186712705
1985-2015,198512,201512,69762,2.924048161315812,2.074540960801564
1985-2015,198512,201512,69877,1.1666675212351616,0.6422798895353876
1985-2015,198512,201512,69885,-0.7999992293041012,-0.8684712139767643
1985-2015,198512,201512,69892,10.739820076068815,4.425060075316865
1985-2015,198512,201512,69905,2.0509814478493382,0.9165073117812224
1985-2015,198512,201512,69906,-0.9836365287911258,-0.9897211068785635
1985-2015,198512,201512,69913,-0.9397803732043719,-0.9520960319595186
1985-2015,198512,201512,69957,-0.5467889728161714,-0.6394762352897202
1985-2015,198512,201512,69965,-0.9000004418086197,-0.9330272566769738
1985-2015,198512,201512,69973,-0.9345412434047033,-0.9449219238193539
1985-2015,198512,201512,70018,3.559815144173795,1.8046583863713854
1985-2015,198512,201512,70026,-0.19999624973225077,-0.4589083545528154
1985-2015,198512,201512,70077,-0.8808493538294941,-0.9226193367413172
1985-2015,198512,201512,70093,-0.1279050304951572,-0.22060523166901658
1985-2015,198512,201512,70106,-0.9894375162394884,-0.992081759430563
1985-2015,198512,201512,70114,0.15322505859936586,-0.1563085749336646
1985-2015,198512,201512,70122,-0.666667,-0.6654426363636365
1985-2015,198512,201512,70200,-0.8780488124113597,-0.8844951056894421
1985-2015,198512,201512,70229,2.195162573757613,1.0257034182813651
1985-2015,198512,201512,70245,-0.9137928515292254,-0.9185614405544021
1985-2015,198512,201512,70261,0.13222401524993443,0.0668283178173949
1985-2015,198512,201512,70280,0.3055738931525513,-0.14140056244540308
1985-2015,198512,201512,70288,-0.9533332287144174,-0.9716313787457498
1985-2015,198512,201512,70325,-0.9803571259491264,-0.9856582088593154
1985-2015,198512,201512,70376,-0.8069287785046853,-0.8775946374162538
1985-2015,198512,201512,70384,0.45000194302430724,0.3318085073324101
1985-2015,198512,201512,70392,-0.7727273008596953,-0.8143430043644597
1985-2015,198512,201512,70421,-0.8897059690571083,-0.9239903052833666
1985-2015,198512,201512,70440,-0.6875004236994993,-0.7692148399348333
1985-2015,198512,201512,70448,-0.35483923981594956,-0.3978132272577568
1985-2015,198512,201512,70536,50.78763385521564,22.79934400884245
1985-2015,198512,201512,70552,-0.05000154444846822,-0.10487214489842743
1985-2015,198512,201512,70578,70.5703544071286,32.07320467899444
1985-2015,198512,201512,70595,-0.6666665279893141,-0.6840125889785953
1985-2015,198512,201512,70608,-0.41666654220238164,-0.4397333309553631
1985-2015,198512,201512,70616,1.2642097753182329,0.0596547508511494
1985-2015,198512,201512,70624,0.46729021504801976,0.3028011413870709
1985-2015,198512,201512,70632,2.890463480932849,1.403774214052914
1985-2015,198512,201512,70659,0.24218704814502975,-0.30230706905317634
1985-2015,198512,201512,70667,0.46341544758430053,0.4488343154072828
1985-2015,198512,201512,70675,-0.9971040238031549,-0.9980699378151514
1985-2015,198512,201512,70691,-0.6583208661344426,-0.7736634585969364
1985-2015,198512,201512,70704,-0.990747582647601,-0.9957243876266052
1985-2015,198512,201512,70747,1.0055884822087733,0.9856052636360397
1985-2015,198512,201512,70763,0.6428551996392404,0.5153086356166148
1985-2015,198512,201512,70790,3.776821596470504,1.9988891470087693
1985-2015,198512,201512,70798,-0.8523082630005558,-0.908849763670021
1985-2015,198512,201512,70819,-0.8942305244142953,-0.9070691022386052
1985-2015,198512,201512,70827,0.655172614735366,0.5676808214087987
1985-2015,198512,201512,70835,0.6846130396971102,0.3639126313992146
1985-2015,198512,201512,70843,0.17783924698391454,0.022540347063874623
1985-2015,198512,201512,70851,-0.6785717171739277,-0.6955622936491361
1985-2015,198512,201512,70886,0.6428560882279095,0.5413233514447249
1985-2015,198512,201512,70907,0.5428568943958698,0.5485239536957622
1985-2015,198512,201512,70914,-0.8951611834496533,-0.9248597859085056
1985-2015,198512,201512,70915,0.18181920668658186,0.002116674094983188
1985-2015,198512,201512,70923,55.472031360133165,25.391620499931843
1985-2015,198512,201512,70950,0.4754881884550695,0.24822646283389407
1985-2015,198512,201512,70958,2.2498157060145956,1.4213009997777464
1985-2015,198512,201512,70966,1.148355199145973,0.6261442054477491
1985-2015,198512,201512,70974,-0.8999999555745204,-0.9106295596426417
1985-2015,198512,201512,70982,-0.2500005624998593,-0.2871744476629102
1985-2015,198512,201512,71002,-0.9576876570521597,-0.9737528996356473
1985-2015,198512,201512,71029,-0.8874996319800362,-0.8994579703631886
1985-2015,198512,201512,71037,-0.2481734586036243,-0.291597922632553
1985-2015,198512,201512,71045,-0.9563756961260502,-0.9658687443563156
1985-2015,198512,201512,71061,0.148148668616,0.148148668616
1985-2015,198512,201512,71080,-0.20000020000000004,-0.19706172506887074
1985-2015,198512,201512,71116,11.935579673049658,5.784351527180071
1985-2015,198512,201512,71117,2.4193550402164967,1.3314753954813705
1985-2015,198512,201512,71168,-0.7692305044897239,-0.8380018891504613
1985-2015,198512,201512,71176,13.992662828463455,5.928223431565604
1985-2015,198512,201512,71184,0.0,-0.0027372262773722733
1985-2015,198512,201512,71205,-0.8662787604130984,-0.8784048961160704
1985-2015,198512,201512,71213,-0.9572893232301731,-0.9624736577898546
1985-2015,198512,201512,71220,-0.9557520605743767,-0.9720121540554362
1985-2015,198512,201512,71239,-0.9681818542185919,-0.974428504897736
1985-2015,198512,201512,71298,10.510729784995338,4.319195710812763
1985-2015,198512,201512,71299,2.7203274090684166,1.5949699158339352
1985-2015,198512,201512,71328,1.0601058066729152,0.6340316739430307
1985-2015,198512,201512,71336,-0.5625004812499563,-0.563299567128952
1985-2015,198512,201512,71395,3.1219520789132122,1.1566747832705384
1985-2015,198512,201512,71424,0.038792648290409855,0.04356651156380336
1985-2015,198512,201512,71475,42.021073974562285,18.88036522743754
1985-2015,198512,201512,71512,4.9999999995497945e-08,5.0000000057947997e-08
1985-2015,198512,201512,71539,-0.8865744230575933,-0.9110020419253048
1985-2015,198512,201512,71555,-0.9229997593874333,-0.949513339538371
1985-2015,198512,201512,71563,19.793320921725254,8.608751619256164
1985-2015,198512,201512,71571,0.6213338194645348,-0.042098451527170094
1985-2015,198512,201512,71598,0.7945773928139657,0.022665844810045382
1985-2015,198512,201512,71627,0.17777772929467928,0.16498738291319853
1985-2015,198512,201512,71635,-0.9779411357801343,-0.9791613322451916
1985-2015,198512,201512,71651,-0.902229164943878,-0.9138891839513767
1985-2015,198512,201512,71686,29.119957603451475,16.245214070493716
1985-2015,198512,201512,71782,6.4515790614593564,2.730704640228235
1985-2015,198512,201512,71811,3.8970949193052604,2.7067345891971244
1985-2015,198512,201512,71846,-0.7857138928569297,-0.8053078012407517
1985-2015,198512,201512,71854,0.3264681619284058,0.2933360401318
1985-2015,198512,201512,71862,0.6349605106205181,0.5080268676018784
1985-2015,198512,201512,71889,-0.010113555837610854,-0.17785267213564557
1985-2015,198512,201512,71918,-0.8928572513355741,-0.8976337200260338
1985-2015,198512,201512,71934,1.2222222818541004,0.6225043113336886
1985-2015,198512,201512,71942,3.6140191387007894,1.1321733087834094
1985-2015,198512,201512,71985,16.650171280117632,7.156278283128035
1985-2015,198512,201512,71993,-0.06666569697534372,-0.13180051642046886
1985-2015,198512,201512,72005,0.8680929424243862,-0.12053203911431701
1985-2015,198512,201512,72013,0.5094331228255109,0.197249929788303
1985-2015,198512,201512,72040,-0.9999251148398992,-0.999942073970283
1985-2015,198512,201512,72048,-0.30625181874777635,-0.37642536010799277
1985-2015,198512,201512,72056,2.2777757120617124,2.115312046333434
1985-2015,198512,201512,72072,-0.5828479776012976,-0.7298891229373331
1985-2015,198512,201512,72128,1.9327829988547083,0.41860288264865136
1985-2015,198512,201512,72136,-0.2667401098609984,-0.4311901632917474
1985-2015,198512,201512,72144,-0.8124998478232746,-0.8224110343768103
1985-2015,198512,201512,72195,-0.6967445473118827,-0.732263158491024
1985-2015,198512,201512,72208,-0.8828127019143822,-0.8914527823664574
1985-2015,198512,201512,72232,-0.9310889552478152,-0.9677436909371412
1985-2015,198512,201512,72259,-0.3999999,-0.3999999
1985-2015,198512,201512,72275,-0.6874999278976233,-0.7291335616115008
1985-2015,198512,201512,72291,2.1351252464104022,1.1605875752374328
1985-2015,198512,201512,72304,-0.8574923273727577,-0.9341461214748649
1985-2015,198512,201512,72339,0.36926114716539055,0.3279524701435415
1985-2015,198512,201512,72371,-0.9579832259245807,-0.9631425890333601
1985-2015,198512,201512,72390,1.9030131702635855,1.7353391337052582
1985-2015,198512,201512,72398,-0.6071428792078868,-0.62758644143471
1985-2015,198512,201512,72443,-0.4062499099793595,-0.4327195381183917
1985-2015,198512,201512,72478,-0.7999999968919955,-0.8516960628242546
1985-2015,198512,201512,72486,1.567645736741984,0.22496193443108392
1985-2015,198512,201512,72494,-0.9593941004619613,-0.9810915686663046
1985-2015,198512,201512,72523,3.730904039984358,2.072417181047481
1985-2015,198512,201512,72550,0.646544225019205,0.6330969491342935
1985-2015,198512,201512,72574,-0.7500000005701167,-0.8018491665142407
1985-2015,198512,201512,72603,-0.08333496697570796,-0.38115201908860313
1985-2015,198512,201512,72611,8.302834593985185,3.2989105638836413
1985-2015,198512,201512,72638,0.07975422424480183,0.07778207041056448
1985-2015,198512,201512,72662,-0.6896559459905897,-0.7585722056709714
1985-2015,198512,201512,72710,28.229444616165402,16.37236702853117
1985-2015,198512,201512,72726,37.65930823773449,16.864760132689494
1985-2015,198512,201512,72769,3.894976922589928,2.5907448163696585
1985-2015,198512,201512,72777,-0.8472909689362846,-0.8765451398279284
1985-2015,198512,201512,72785,-0.9833334049500921,-0.9854963468236072
1985-2015,198512,201512,72849,-0.38043453998431775,-0.387162852672271
1985-2015,198512,201512,72857,-0.9401406799972759,-0.9432556489479814
1985-2015,198512,201512,72945,0.5465118772915285,0.35879218800614154
1985-2015,198512,201512,72953,-0.6999990657693347,-0.7336303646514079
1985-2015,198512,201512,72961,16.50687701447938,8.49628614234541
1985-2015,198512,201512,72980,6.32433095692288,2.3846289973223618
1985-2015,198512,201512,72988,-0.9312497371938984,-0.9478890171656941
1985-2015,198512,201512,72996,26.7703216839162,11.83287669401561
1985-2015,198512,201512,73008,0.33009414542388654,0.1743076744332047
1985-2015,198512,201512,73016,0.7410646392457547,0.44603620873526617
1985-2015,198512,201512,73024,-0.47500004797805495,-0.4797597936899494
1985-2015,198512,201512,73059,-0.4166675982317679,-0.41452496314721987
1985-2015,198512,201512,73075,0.4184196250892206,-0.052363905731957254
1985-2015,198512,201512,73083,-0.04531722936435835,-0.34905285820040194
1985-2015,198512,201512,73091,-0.9988925304419105,-0.9992641554851114
1985-2015,198512,201512,73112,0.06666721627710813,-0.2555126006443936
1985-2015,198512,201512,73139,213.28927673122172,98.02470329446167
1985-2015,198512,201512,73147,2.7452998250273573,1.9198378807096304
1985-2015,198512,201512,73163,0.9743587504935434,0.9564588524836293
1985-2015,198512,201512,73171,-0.9976851820903783,-0.9983376504762046
1985-2015,198512,201512,73198,-0.9702382059024315,-0.9804274121849323
1985-2015,198512,201512,73219,59.0695912095408,26.758614603965004
1985-2015,198512,201512,73235,-0.5405176332293854,-0.6148663904292317
1985-2015,198512,201512,73243,0.051471406678728876,0.05824884668494555
1985-2015,198512,201512,73251,0.166192938301,0.1661929383009998
1985-2015,198512,201512,73278,-0.949789408967352,-0.9690815909866567
1985-2015,198512,201512,73294,-0.2800044869923217,-0.5216078445486976
1985-2015,198512,201512,73315,2.5707946978707397,1.3856226190542307
1985-2015,198512,201512,73323,-0.4999982299822182,-0.6034093362631099
1985-2015,198512,201512,73358,1.028095709010802,0.43105785019290177
1985-2015,198512,201512,73366,0.04406014977105667,-0.22475696759526848
1985-2015,198512,201512,73374,0.24999949999999996,0.25574398299632334
1985-2015,198512,201512,73411,2.077461968036601,1.2499437665979967
1985-2015,198512,201512,73438,0.9111073780420067,0.29020405447802006
1985-2015,198512,201512,73446,-0.3166672408436676,-0.3996119728634477
1985-2015,198512,201512,73489,-0.7187498407819644,-0.7620693312497577
1985-2015,198512,201512,73497,-0.9179103961504965,-0.9397825926124113
1985-2015,198512,201512,73542,-0.038461946432719975,-0.21452833142822325
1985-2015,198512,201512,73577,0.748931776767775,0.3528538089222773
1985-2015,198512,201512,73606,0.8649181495794445,0.7678712380662027
1985-2015,198512,201512,73614,0.9146358339343053,0.20200859649063452
1985-2015,198512,201512,73622,0.2996678638854185,0.1400778292349613
1985-2015,198512,201512,73649,0.43333273442280207,0.26545450623919364
1985-2015,198512,201512,73681,8.614795160359373,3.447432260063894
1985-2015,198512,201512,73700,-0.6999990017149837,-0.7818356013802243
1985-2015,198512,201512,73702,-0.8461536982395466,-0.8467146692578162
1985-2015,198512,201512,73729,-0.9872881229729485,-0.9900543438864945
1985-2015,198512,201512,73745,-0.5384603712464588,-0.6401834420630382
1985-2015,198512,201512,73753,43.59254585990137,30.75221669372785
1985-2015,198512,201512,73796,3.933332762097356,1.9807256544899947
1985-2015,198512,201512,73809,5.289494612987465,1.8804954503152276
1985-2015,198512,201512,73817,-0.8239441586929077,-0.9193636241719036
1985-2015,198512,201512,73825,1.937561221541539,1.47171240580824
1985-2015,198512,201512,73833,-0.7272724353513296,-0.7660194441436448
1985-2015,198512,201512,73860,0.2158908417515468,0.20377598735003635
1985-2015,198512,201512,73868,-0.41860412890658455,-0.4637420361982251
1985-2015,198512,201512,73892,-0.7692309994898334,-0.8153510120368873
1985-2015,198512,201512,73905,1.8888858859783153,1.8575133695694994
1985-2015,198512,201512,73913,-0.8727271243994065,-0.9054964313645049
1985-2015,198512,201512,73921,-0.8055853600354925,-0.8461294703249773
1985-2015,198512,201512,73940,17.748883098895345,9.154870776557292
1985-2015,198512,201512,73948,6.038436298554363,3.760526531138563
1985-2015,198512,201512,73956,-0.9405909590862364,-0.9632933398989578
1985-2015,198512,201512,73999,-0.6904762032593359,-0.6982073953277915
1985-2015,198512,201512,74019,-0.9692982677763659,-0.9752529547784424
1985-2015,198512,201512,74027,-0.9374998787361861,-0.949472904925038
1985-2015,198512,201512,74043,0.9102927002124417,0.6388931878588695
1985-2015,198512,201512,74051,0.492909345919451,0.4766967557375199
1985-2015,198512,201512,74070,0.04228369432108008,-0.05927656656239422
1985-2015,198512,201512,74086,5.419514569326112,2.788622799283719
1985-2015,198512,201512,74107,0.1395357297374697,0.1271606810887369
1985-2015,198512,201512,74115,-0.5454544790210001,-0.5433655749723832
1985-2015,198512,201512,74123,-0.8916668689098769,-0.9183955118666405
1985-2015,198512,201512,74150,0.9937613973641322,0.6866727610828152
1985-2015,198512,201512,74158,-0.7352943348661192,-0.7343220459216422
1985-2015,198512,201512,74166,-0.9399996285538258,-0.949241171833848
1985-2015,198512,201512,74182,-0.717948033337518,-0.7376316599471552
1985-2015,198512,201512,74203,22.348149750833226,11.811007870311608
1985-2015,198512,201512,74230,11.871263958282805,7.439287046432593
1985-2015,198512,201512,74246,-0.28600137873747267,-0.6439437660360057
1985-2015,198512,201512,74289,-0.7916664382439746,-0.7986661511942215
1985-2015,198512,201512,74297,2.8263094446159998,2.1024897796478377
1985-2015,198512,201512,74310,-0.8725488632737255,-0.8868366430204566
1985-2015,198512,201512,74318,5.333337981652742,5.09897657616427
1985-2015,198512,201512,74369,-0.571428739795965,-0.5926709674756435
1985-2015,198512,201512,74385,0.22500179885472105,0.12514871104891565
1985-2015,198512,201512,74393,-0.7973331348365743,-0.8797421913009642
1985-2015,198512,201512,74406,1.2912687608157092,0.058812707143671386
1985-2015,198512,201512,74481,7.360239206074283,4.334349942930068
1985-2015,198512,201512,74500,4.700096317277835,1.6340578267771568
1985-2015,198512,201512,74529,-0.9975490076574934,-0.9987405635725993
1985-2015,198512,201512,74553,0.10583645993370512,-0.11516892334733568
1985-2015,198512,201512,74561,-0.8671872087905848,-0.9117541758104005
1985-2015,198512,201512,74580,5.330959559801109,2.480753922969126
1985-2015,198512,201512,74617,2.232566388415219,1.197260611030992
1985-2015,198512,201512,74625,-0.9487179369133519,-0.9608306813740696
1985-2015,198512,201512,74740,8.076595740033396,3.1943638701433263
1985-2015,198512,201512,74828,1.6152352463108803,0.8358716276286395
1985-2015,198512,201512,74836,-0.9864006729156484,-0.99371564760461
1985-2015,198512,201512,74844,-0.9583332,-0.9581417165441176
1985-2015,198512,201512,74887,-0.4302347922225823,-0.49410773996692314
1985-2015,198512,201512,74895,-0.15603230779880747,-0.475280610025083
1985-2015,198512,201512,74908,-0.8504194240139294,-0.9308776790813761
1985-2015,198512,201512,74916,-0.5000005808560677,-0.6088050357019916
1985-2015,198512,201512,74924,0.8333339063540324,0.8167125654079386
1985-2015,198512,201512,74932,-0.6910988633490991,-0.8583272032262059
1985-2015,198512,201512,74959,1.000000000068716e-07,0.004595688694852841
1985-2015,198512,201512,74975,-0.10784751215005846,-0.40541300657317886
1985-2015,198512,201512,74983,-0.6770234808364644,-0.7200528664189181
1985-2015,198512,201512,75000,0.3606580080616678,0.24140167179582853
1985-2015,198512,201512,75030,13.811037754955288,8.841011711955113
1985-2015,198512,201512,75038,16.058769339259914,10.334489293502193
1985-2015,198512,201512,75039,23.67273348430224,10.401457646482323
1985-2015,198512,201512,75046,-0.7474745868560236,-0.8041091010884557
1985-2015,198512,201512,75054,-0.49999984999999003,-0.5045329429283674
1985-2015,198512,201512,75064,21.719197831883534,9.498713975372036
1985-2015,198512,201512,75083,74.75280183239032,38.825787591535686
1985-2015,198512,201512,75089,-0.8561975095177607,-0.9008977792578263
1985-2015,198512,201512,75097,-0.812500045505387,-0.8289336809160166
1985-2015,198512,201512,75110,-0.9825744110374626,-0.9912484118824738
1985-2015,198512,201512,75118,1.9738381115716899,1.4293012376291903
1985-2015,198512,201512,75142,841.108074981615,406.8592496875576
1985-2015,198512,201512,75153,-0.8507029624950088,-0.9004989865896612
1985-2015,198512,201512,75169,-0.6590916531465887,-0.7347951436933959
1985-2015,198512,201512,75228,69.24630903976806,38.01382915674109
1985-2015,198512,201512,75247,-0.45714108207612714,-0.5449809836727046
1985-2015,198512,201512,75249,1.6369518987684759e-06,-0.22206278349578212
1985-2015,198512,201512,75257,6.2115519768013145,2.3819282318299906
1985-2015,198512,201512,75271,1.0439569869708385,0.9078095531674866
1985-2015,198512,201512,75273,0.3350864726601988,-0.16183255909385458
1985-2015,198512,201512,75281,2.0000000002173398e-07,-0.09068201447587379
1985-2015,198512,201512,75302,-0.9939501671369845,-0.995856850050579
1985-2015,198512,201512,75309,-0.9026921514312369,-0.9340623195997161
1985-2015,198512,201512,75337,-0.5777778466619903,-0.6189192290681711
1985-2015,198512,201512,75345,-0.9296869661108056,-0.9534229417934004
1985-2015,198512,201512,75353,-0.7027026373091994,-0.7585839395088818
1985-2015,198512,201512,75361,-0.7333326990920216,-0.7529937628030335
1985-2015,198512,201512,75388,-0.8547172947994098,-0.9072464972054641
1985-2015,198512,201512,75409,-0.9400000472017892,-0.9532240025617373
1985-2015,198512,201512,75417,-0.89285673688183,-0.9335371245243134
1985-2015,198512,201512,75433,-0.9980716233145815,-0.999004385584713
1985-2015,198512,201512,75460,18.53309102697726,8.026389807625469
1985-2015,198512,201512,75484,0.46147109575435047,0.44690933664810223
1985-2015,198512,201512,75492,-0.9698794670002953,-0.9718857877295668
1985-2015,198512,201512,75505,-0.8632210008744662,-0.9186176123874749
1985-2015,198512,201512,75521,-0.25970185602385853,-0.45105436135283394
1985-2015,198512,201512,75540,-0.03703869361458024,-0.2800843311359349
1985-2015,198512,201512,75548,-0.759826653943681,-0.8520239756259542
1985-2015,198512,201512,75599,-0.5714289142858,-0.5722116925245475
1985-2015,198512,201512,75628,-0.9166667333856855,-0.929338044678475
1985-2015,198512,201512,75636,-0.6818181966902386,-0.6823993506688866
1985-2015,198512,201512,75644,-0.5833337631721995,-0.5973331592813564
1985-2015,198512,201512,75652,424.2741913204964,195.5224357312345
1985-2015,198512,201512,75759,-0.49333509628144406,-0.6633527417845702
1985-2015,198512,201512,75788,-0.9906249883865773,-0.993155051640968
1985-2015,198512,201512,75791,2.624996110336931,2.503201369229233
1985-2015,198512,201512,75824,1.058679774907029,0.7844068152049022
1985-2015,198512,201512,75879,0.3939350085086131,0.38004616331513935
1985-2015,198512,201512,75890,2.564263506841653,1.4333166851829655
1985-2015,198512,201512,75919,-0.9926470528726946,-0.9940380035533051
1985-2015,198512,201512,75927,-0.700000065929306,-0.7272047188525221
1985-2015,198512,201512,75943,-0.9166662877483172,-0.9391558132992055
1985-2015,198512,201512,75951,-0.8680007566444568,-0.9188096944357858
1985-2015,198512,201512,75970,2.0205266532667787,1.744335521214122
1985-2015,198512,201512,75986,0.8090520279221547,0.14692219635667997
1985-2015,198512,201512,76014,0.42687266282577613,0.4126556344824025
1985-2015,198512,201512,76022,0.2818559313407915,-0.183050418101757
1985-2015,198512,201512,76081,78.65714491161971,35.8101720276504
1985-2015,198512,201512,76100,-0.673675990448147,-0.850103115240843
1985-2015,198512,201512,76102,-0.8181816401212358,-0.8645347870841926
1985-2015,198512,201512,76126,-0.7272728586188942,-0.7526217713447729
1985-2015,198512,201512,76129,13.0607061411818,6.06165565214133
1985-2015,198512,201512,76164,-0.9822536963144439,-0.9863978191246053
1985-2015,198512,201512,76180,0.08635480181532992,0.026262574230039155
1985-2015,198512,201512,76188,0.172727950072009,-0.18148681390248686
1985-2015,198512,201512,76196,3.263937665510232,1.9292796155893703
1985-2015,198512,201512,76209,-0.9978431215106826,-0.9988916932575378
1985-2015,198512,201512,76241,0.5434807465728395,0.4631608464909913
1985-2015,198512,201512,76260,-0.8461537223345497,-0.8776171896009192
1985-2015,198512,201512,76268,10.899608167927198,6.045650990002412
1985-2015,198512,201512,76276,0.9739105090091478,0.0357581307474796
1985-2015,198512,201512,76321,3.308533187844513,1.9141254791547344
1985-2015,198512,201512,76340,0.0918526245710492,-0.3997007451427781
1985-2015,198512,201512,76356,-0.7252325117342184,-0.7388514220221745
1985-2015,198512,201512,76428,4.759444416146056,2.0206683046293863
1985-2015,198512,201512,76436,-0.6666668740432735,-0.691243129940083
1985-2015,198512,201512,76452,0.6000002000000002,0.6073531420955882
1985-2015,198512,201512,76479,-0.087807090746679,-0.2093363601793177
1985-2015,198512,201512,76512,-0.9658927594891773,-0.9785874704891848
1985-2015,198512,201512,76516,-0.5703124342144734,-0.5791680023265406
1985-2015,198512,201512,76524,-0.7872338025491294,-0.8014061026355239
1985-2015,198512,201512,76532,-0.9940812444044871,-0.9972812205064634
1985-2015,198512,201512,76545,-0.9914728555368728,-0.9937741022724128
1985-2015,198512,201512,76567,-0.7530853373030773,-0.8000905730905659
1985-2015,198512,201512,76583,-0.727272709884597,-0.7660196796733633
1985-2015,198512,201512,76639,58.05018239503946,26.2875380436648
1985-2015,198512,201512,76655,18.797150228140005,8.148413571232215
1985-2015,198512,201512,76663,-0.981343283293258,-0.9825860022540829
1985-2015,198512,201512,76743,-0.37723369051627603,-0.590443094906311
1985-2015,198512,201512,76751,-0.14285672767563307,-0.1373318631210563
1985-2015,198512,201512,76807,-0.9313523331822587,-0.962028390773385
1985-2015,198512,201512,76815,0.18309817889982544,0.19072404193140788
1985-2015,198512,201512,76823,0.5187749256539023,0.16985270876653544
1985-2015,198512,201512,76863,2.7134886920326537,1.2574211014414285
1985-2015,198512,201512,76873,-0.9984262286401012,-0.9990176287285155
1985-2015,198512,201512,76894,-0.6769229329121462,-0.7426215493243264
1985-2015,198512,201512,76903,-0.9067797434450843,-0.9203986403011539
1985-2015,198512,201512,76911,0.28571064900938276,0.18589176317911804
1985-2015,198512,201512,76930,-0.9666666835659083,-0.974769172532921
1985-2015,198512,201512,76932,60.97235893178564,27.637898028724962
1985-2015,198512,201512,76946,6.2290755878877055,2.340610767386644
1985-2015,198512,201512,76954,-0.4,-0.40543970988213984
1985-2015,198512,201512,76962,0.055557119644186206,-0.286061923408975
1985-2015,198512,201512,77008,-0.9995499982901397,-0.9997000903238552
1985-2015,198512,201512,77017,-0.9659089916327014,-0.9735546684560274
1985-2015,198512,201512,77041,6.598325107382872,4.184125681878581
1985-2015,198512,201512,77156,-0.010753000000000002,-0.013460792883211668
1985-2015,198512,201512,77172,-0.7777777666122404,-0.7781836519700263
1985-2015,198512,201512,77228,3.1763027289590617,1.8690753505671012
1985-2015,198512,201512,77241,-0.9757575277511411,-0.9827493345260399
1985-2015,198512,201512,77252,0.08510655070481841,0.042198119437931336
1985-2015,198512,201512,77295,0.9681409645367809,0.43699270156225767
1985-2015,198512,201512,77332,-0.959604189914541,-0.9756062870588913
1985-2015,198512,201512,77367,0.705023025539872,0.1079608602348901
1985-2015,198512,201512,77439,-0.8518517955752137,-0.8839240233431604
1985-2015,198512,201512,77463,7.219162494304015,4.337816165344212
1985-2015,198512,201512,77490,21.717568423107085,12.207607599178742
1985-2015,198512,201512,77519,24.426570701863863,10.749811553593581
1985-2015,198512,201512,77527,1.090908639778772,0.45843212717179016
1985-2015,198512,201512,77551,0.6214492333834616,0.19423450949334484
1985-2015,198512,201512,77563,-0.7586216709030701,-0.838736849814826
1985-2015,198512,201512,77578,-0.8423912619427656,-0.8463279654803237
1985-2015,198512,201512,77615,-0.20740996872545686,-0.40172589490119054
1985-2015,198512,201512,77631,-0.9788135565483503,-0.9827958523828729
1985-2015,198512,201512,77650,0.14285677956436918,-0.11093063340650842
1985-2015,198512,201512,77658,-0.14821381523120872,-0.3316566403788311
1985-2015,198512,201512,77666,-1.7221493029994539e-06,-0.010861431954017113
1985-2015,198512,201512,77682,-0.6444453758523809,-0.6891030366453217
1985-2015,198512,201512,77703,0.1249972355572991,-0.23292452996623306
1985-2015,198512,201512,77729,-0.8931310885988172,-0.9506150638784514
1985-2015,198512,201512,77730,20.84710786923438,9.09571457607995
1985-2015,198512,201512,77733,-0.5648828464291078,-0.7928654279149546
1985-2015,198512,201512,77754,0.25742469093674125,0.21948996201761956
1985-2015,198512,201512,77762,-0.8405795871755501,-0.8766832900091128
1985-2015,198512,201512,77789,2.443973820747498,1.2366389697427347
1985-2015,198512,201512,77834,0.02771215546974201,-0.24963968875856518
1985-2015,198512,201512,77869,-0.7021479545703585,-0.752619843727509
1985-2015,198512,201512,77893,-0.9758866461050861,-0.9875792812170331
1985-2015,198512,201512,77906,1.3974211254202982,1.106415828042111
1985-2015,198512,201512,77914,0.15546755100968337,0.08405668090436434
1985-2015,198512,201512,77957,-0.25581440326777616,-0.3077490576780254
1985-2015,198512,201512,77965,1.8994496998918255,1.6453243088328584
1985-2015,198512,201512,77973,8.619991424227715,3.445471145409953
1985-2015,198512,201512,78036,-0.9361702286783251,-0.9477408688729658
1985-2015,198512,201512,78044,3.2336880479336108,0.9564194213683272
1985-2015,198512,201512,78045,20.51471070905121,8.94211132226739
1985-2015,198512,201512,78079,13.700580644064265,8.667710375428545
1985-2015,198512,201512,78095,5.164465921846054,3.169406715704051
1985-2015,198512,201512,78108,-0.5714288104381501,-0.6063627645452924
1985-2015,198512,201512,78116,0.24342840658828727,-0.18227000697894175
1985-2015,198512,201512,78159,-0.432432627363411,-0.4548759768964925
1985-2015,198512,201512,78167,0.072252489302961,0.07029403726770385
1985-2015,198512,201512,78223,1.1987100274432008,0.016040613041083476
1985-2015,198512,201512,78229,-0.42857222688184027,-0.521034849679334
1985-2015,198512,201512,78230,-0.3095231487772622,-0.31578313836223726
1985-2015,198512,201512,78231,328.8756389892607,152.55010536738396
1985-2015,198512,201512,78236,-0.9358525772942996,-0.9703569884716919
1985-2015,198512,201512,78242,68.76167315096254,47.076613337958385
1985-2015,198512,201512,78243,-0.9548718499046643,-0.9670507227426841
1985-2015,198512,201512,78248,-0.9642855612228702,-0.9732264186670763
1985-2015,198512,201512,78255,-0.1405986535661736,-0.22047662103554186
1985-2015,198512,201512,78257,-0.996045008538565,-0.9973641428857631
1985-2015,198512,201512,78263,5.002270409737293,2.4583455760900734
1985-2015,198512,201512,78268,-0.933333150473931,-0.958994447646599
1985-2015,198512,201512,78270,-0.7692298651525491,-0.7906790395118144
1985-2015,198512,201512,78271,-0.8387100817327888,-0.8919792397879525
1985-2015,198512,201512,78274,-0.1904763244048471,-0.18750286737786784
1985-2015,198512,201512,78280,-0.9358975068287003,-0.9498467966812952
1985-2015,198512,201512,78283,1.8915483477432034,1.5364866324906261
1985-2015,198512,201512,78289,1.5443911088119586,1.3117368927111146
1985-2015,198512,201512,78295,-0.14285661318681125,-0.13970824445655183
1985-2015,198512,201512,78298,1.156744012044054,1.0130838643587978
1985-2015,198512,201512,78299,1.3333325895911932,1.2852441939275763
1985-2015,198512,201512,78300,-0.9000001257513341,-0.9333537423452488
1985-2015,198512,201512,78301,-0.3999998318182,-0.4102516332529612
1985-2015,198512,201512,78302,0.7499951196652501,0.369180147311466
1985-2015,198512,201512,78303,-0.8818182303855673,-0.9089050252548836
1985-2015,198512,201512,78307,3.294118764919223,2.171264736524807
1985-2015,198512,201512,78308,-0.5142857619532382,-0.6453669591281828
1985-2015,198512,201512,78309,0.26315799578438215,-0.0758824033518535
1985-2015,198512,201512,78316,0.450337596128041,0.3434059259050413
1985-2015,198512,201512,78318,1.7179589233826538,1.22027586192619
1985-2015,198512,201512,78321,-0.8928574359492221,-0.901590905455882
1985-2015,198512,201512,78322,-0.3513530482394603,-0.37700253227217084
1985-2015,198512,201512,78327,-0.5937497464286212,-0.6038969427711716
1985-2015,198512,201512,78329,-0.8636361664339502,-0.8686822289976279
1985-2015,198512,201512,78332,-0.839999983778942,-0.8731834534230483
1985-2015,198512,201512,78334,-0.25609794689230775,-0.3167353411372207
1985-2015,198512,201512,78335,1.4528268342824315,1.3312519390179967
1985-2015,198512,201512,78336,1.2665743753562895,0.580960939543347
1985-2015,198512,201512,78337,1.0467162478059922,0.9335011744614943
1985-2015,198512,201512,78342,0.44000006171408007,0.38671371581805175
1985-2015,198512,201512,78344,0.19999618282796044,-0.027006062439940103
1985-2015,198512,201512,78345,-0.7692304442306197,-0.796259188646258
1985-2015,198512,201512,78349,-0.908965646956672,-0.9545837945480965
1985-2015,198512,201512,78350,1.0219759309125176,0.4491932409753327
1985-2015,198512,201512,78356,-0.7236844093201555,-0.7246919411002097
1985-2015,198512,201512,78361,2.3048589898189076,0.7715600175929693
1985-2015,198512,201512,78363,-0.5937501462967009,-0.6413319142991065
1985-2015,198512,201512,78364,-0.62500052499985,-0.6256854555477958
1985-2015,198512,201512,78365,-0.9230767917413476,-0.9484189775296274
1985-2015,198512,201512,78373,-0.8000001222614412,-0.8163026333039961
1985-2015,198512,201512,78374,-0.8000003779011268,-0.830805273255365
1985-2015,198512,201512,78375,-0.9067796083982061,-0.9225760729325526
1985-2015,198512,201512,78377,-0.7179476837775804,-0.7753038034758712
1985-2015,198512,201512,78379,-0.9318180416411797,-0.9401903045857218
1985-2015,198512,201512,78384,-0.8979589851488107,-0.9062766140904623
1985-2015,198512,201512,78386,-0.791666502976194,-0.7935552926137626
1985-2015,198512,201512,78387,-0.9642104061703306,-0.9761329920342717
1985-2015,198512,201512,78388,10.813561485680157,5.037811753632562
1985-2015,198512,201512,78389,0.6771622178260301,0.5250734642960493
1985-2015,198512,201512,78391,-0.942307662593549,-0.9540395591944235
1985-2015,198512,201512,78394,1.7041245918394434,1.4009814613164195
1985-2015,198512,201512,78395,-0.045498607040335766,-0.4258282760016991
1985-2015,198512,201512,78396,-0.33333316666675,-0.3387778141259146
1985-2015,198512,201512,78404,-0.34883625355083026,-0.566815596549639
1985-2015,198512,201512,78405,8.435720976708225,3.360318371225903
1985-2015,198512,201512,78406,-0.7142851985445553,-0.7342244442631483
1985-2015,198512,201512,78407,0.14055792085103289,0.1281717714843245
1985-2015,198512,201512,78410,2.193319600409114e-06,-0.044578324039928556
1985-2015,198512,201512,78411,1.1077242815140784,0.4047211217651767
1985-2015,198512,201512,78413,-0.9107142043608479,-0.9223014533172028
1985-2015,198512,201512,78414,-0.9666664714329255,-0.9740686500186388
1985-2015,198512,201512,78415,-0.9694444670746453,-0.9710596208947897
1985-2015,198512,201512,78418,0.7371491597534547,-0.19725017160531705
1985-2015,198512,201512,78420,-0.8750000925213417,-0.8799429711123256
1985-2015,198512,201512,78425,-0.8983048377434516,-0.9306595057102885
1985-2015,198512,201512,78428,-0.8260870851210269,-0.8637370494890914
1985-2015,198512,201512,78431,0.13333356,0.1333335599999998
1985-2015,198512,201512,78432,0.614491284689199,-0.1828445724845706
1985-2015,198512,201512,78436,-0.9754911668577604,-0.9880124785205565
1985-2015,198512,201512,78439,-0.13333190035302153,-0.134914855786167
1985-2015,198512,201512,78441,-0.8437498983179894,-0.8781873315703013
1985-2015,198512,201512,78443,-0.5555558361253584,-0.6308681830433259
1985-2015,198512,201512,78447,24.52267058379883,10.79422003935826
1985-2015,198512,201512,78448,9.876770459713429,4.701827392070401
1985-2015,198512,201512,78450,1.2499988679725953,1.2036279235609735
1985-2015,198512,201512,78451,5.613735668628093,2.0562575143475352
1985-2015,198512,201512,78452,-0.9500001068309982,-0.9657582185252387
1985-2015,198512,201512,78454,-0.9638554654166928,-0.9721592837917161
1985-2015,198512,201512,78456,-0.6521745777185721,-0.655640229571014
1985-2015,198512,201512,78458,-0.9822833267759976,-0.9848003737568017
1985-2015,198512,201512,78462,-0.9709128912827092,-0.9787343078073586
1985-2015,198512,201512,78464,-0.8271604517238716,-0.8537820230140803
1985-2015,198512,201512,78465,-0.9558139846518946,-0.9685781946808854
1985-2015,198512,201512,78466,0.1331068993458386,-0.08260308075185094
1985-2015,198512,201512,78467,3.1752121872469905,1.8773688024344009
1985-2015,198512,201512,78468,-0.9812243358985556,-0.9886431649901058
1985-2015,198512,201512,78473,-0.19500016883277208,-0.4528203883919276
1985-2015,198512,201512,78477,0.10769253873748598,0.07047563646336998
1985-2015,198512,201512,78478,-0.5000000456936656,-0.5276577786890031
1985-2015,198512,201512,78480,-0.8641973373449838,-0.8848469276323253
1985-2015,198512,201512,78481,-0.13332969085304683,-0.4209837115540211
1985-2015,198512,201512,78486,-0.7222224278765994,-0.747411908210585
1985-2015,198512,201512,78489,-0.3333332666668,-0.3447241550960546
1985-2015,198512,201512,78490,-0.9189188786200159,-0.9288750676819241
1985-2015,198512,201512,78492,-0.9481480699378612,-0.9593733623240733
1985-2015,198512,201512,78493,2.565788555969607,1.7978513220924452
1985-2015,198512,201512,78494,-0.2857134307305058,-0.3657877983659162
1985-2015,198512,201512,78495,21.830101344384435,11.365362125575926
1985-2015,198512,201512,78503,7.621413453913524,4.87848091399095
1985-2015,198512,201512,78505,-0.799999951548231,-0.8375928284117508
1985-2015,198512,201512,78506,-0.8985505358380784,-0.905630413337038
1985-2015,198512,201512,78507,-0.6180550256435877,-0.6566892623589158
1985-2015,198512,201512,78508,-0.37499934267061547,-0.4259447744025067
1985-2015,198512,201512,78510,-0.9186045786789865,-0.9343914487434604
1985-2015,198512,201512,78511,2.508244551593267,1.7527001399077116
1985-2015,198512,201512,78513,1.0688601822516919,0.8369327207157602
1985-2015,198512,201512,78518,-0.6581199771361486,-0.6914328117339474
1985-2015,198512,201512,78526,-0.777777753439306,-0.7900700816846685
1985-2015,198512,201512,78527,3.2376655598600896,0.9582574598571276
1985-2015,198512,201512,78529,-0.8636364246982144,-0.8747517749539062
1985-2015,198512,201512,78530,3.2190661582662603,1.8731709102710443
1985-2015,198512,201512,78532,-0.36363541186966447,-0.40296438212321334
1985-2015,198512,201512,78533,4.106376794860637,3.433097566944146
1985-2015,198512,201512,78534,-0.2599997647331338,-0.2966780372637525
1985-2015,198512,201512,78535,-0.8870777040134465,-0.9246955036526522
1985-2015,198512,201512,78536,-0.9821427842753915,-0.9848580785205608
1985-2015,198512,201512,78537,-0.9047982367017814,-0.9424789788363998
1985-2015,198512,201512,78539,-0.8048771521513145,-0.8434146309114441
1985-2015,198512,201512,78540,-0.9207921426976768,-0.9263198399732432
1985-2015,198512,201512,78542,-0.7307692216563123,-0.7317509200276658
1985-2015,198512,201512,78543,-0.8987340192343982,-0.9105947358830349
1985-2015,198512,201512,78544,-0.9748201538559405,-0.9784987720035492
1985-2015,198512,201512,78545,-0.1777089600245977,-0.23248154851143066
1985-2015,198512,201512,78550,-0.9393938139114298,-0.9511485535436525
1985-2015,198512,201512,78552,0.005917017983314425,-0.12671381997159412
1985-2015,198512,201512,78553,0.06401967101656203,0.06013992745770467
1985-2015,198512,201512,78554,-0.6400003338068059,-0.6406578674436885
1985-2015,198512,201512,78558,-0.7619048607273133,-0.838861927414832
1985-2015,198512,201512,78560,-0.7755090964581789,-0.8744275549789097
1985-2015,198512,201512,78561,-0.9152939231349666,-0.9482193836613637
1985-2015,198512,201512,78565,0.8627439093026465,0.43378809356886755
1985-2015,198512,201512,78567,-0.8152173513137374,-0.8478014807731085
1985-2015,198512,201512,78568,1.9126648563396795,1.0712704541179399
1985-2015,198512,201512,78569,-0.9932380971860493,-0.9968752733217849
1985-2015,198512,201512,78571,-0.9230767910155537,-0.9400306223823112
1985-2015,198512,201512,78572,-0.47457640594535444,-0.5361163260890733
1985-2015,198512,201512,78573,-0.9680851531574974,-0.9751191671905454
1985-2015,198512,201512,78576,-0.4799995649776953,-0.6447747028253878
1985-2015,198512,201512,78578,-0.8161108996212056,-0.8403568016568528
1985-2015,198512,201512,78580,0.18181909326937976,0.08548594028859803
1985-2015,198512,201512,78581,-0.40740799439926856,-0.40849035422685
1985-2015,198512,201512,78582,2.124235330246626,0.7351571219306741
1985-2015,198512,201512,78583,-0.9898374014776073,-0.9907281133681343
1985-2015,198512,201512,78597,5.6721837176593946,3.7232492250011067
1985-2015,198512,201512,78626,-0.8593752266386155,-0.880572744923082
1985-2015,198512,201512,78634,0.21813000684594822,0.2226043135744914
1985-2015,198512,201512,78642,-0.563114147678075,-0.6462842691941753
1985-2015,198512,201512,78660,-0.9642856981398801,-0.9724712750824323
1985-2015,198512,201512,78677,-0.9903846254636536,-0.9912638367678914
1985-2015,198512,201512,78693,24.24803111394774,10.667307053184608
1985-2015,198512,201512,78706,0.7988794608512384,0.7809558430347852
1985-2015,198512,201512,78749,3.6981288560053684,1.1710410483517015
1985-2015,198512,201512,78765,0.04667853847917251,-0.28319571268312177
1985-2015,198512,201512,78829,11.039022128078324,4.563323617372213
1985-2015,198512,201512,78837,7.558977140044082,4.075942492711985
1985-2015,198512,201512,78845,1.9447092073803876,1.2075220601280945
1985-2015,198512,201512,78853,-0.9333333303932758,-0.9340573123256566
1985-2015,198512,201512,78896,0.8902431320013913,0.8512865083131897
1985-2015,198512,201512,78933,-0.9625767765366127,-0.9704880351764197
1985-2015,198512,201512,78960,-0.9916292363362312,-0.9961318064963537
1985-2015,198512,201512,78968,9.602226565171385,6.220083262138518
1985-2015,198512,201512,78992,-0.9861110759272853,-0.9887384317422276
1985-2015,198512,201512,79004,-0.43478341588418745,-0.45183520280516143
1985-2015,198512,201512,79039,-0.9338596951249495,-0.9694360624760892
1985-2015,198512,201512,79119,10.307858810804069,6.88735780485569
1985-2015,198512,201512,79127,1.2767821008248919,1.06516417942042
1985-2015,198512,201512,79135,-0.7234044487192282,-0.7264082013123225
1985-2015,198512,201512,79151,-0.6829816084825522,-0.7835720787454274
1985-2015,198512,201512,79170,-0.3684215546251314,-0.36957512256188896
1985-2015,198512,201512,79186,-0.591303879934997,-0.6409124925795431
1985-2015,198512,201512,79194,-0.6694212041320755,-0.6868954732377458
1985-2015,198512,201512,79223,-0.8939395062828023,-0.9037974110930315
1985-2015,198512,201512,79231,0.2500009420934311,0.1880443736592342
1985-2015,198512,201512,79250,9.042982253427411,5.709645234105239
1985-2015,198512,201512,79266,-0.46689568137134907,-0.5024056189059645
1985-2015,198512,201512,79274,2.7097608649604763,1.6519088459135407
1985-2015,198512,201512,79282,-0.250000758213478,-0.25273548653357497
1985-2015,198512,201512,79303,13.324550829790175,5.619483799581709
1985-2015,198512,201512,79311,0.6470590772514961,0.5861106356263304
1985-2015,198512,201512,79330,4.229386807242265,2.2201238198962288
1985-2015,198512,201512,79338,7.073106898579466,2.7306440503741123
1985-2015,198512,201512,79346,0.4498588525900379,0.21993512384981645
1985-2015,198512,201512,79354,9.840299887253485,6.229071248790766
1985-2015,198512,201512,79397,-0.40000015,-0.4010960401369864
1985-2015,198512,201512,79410,3.040358490857991,1.6845664623147631
1985-2015,198512,201512,79426,-0.967741852727303,-0.9755491297024563
1985-2015,198512,201512,79477,4.46314599835156,1.6549841161188485
1985-2015,198512,201512,79493,-0.17032947147954308,-0.17859611623835223
1985-2015,198512,201512,79522,0.17241352091331427,0.17027212635456807
1985-2015,198512,201512,79549,-0.8833331657023836,-0.8900716811316425
1985-2015,198512,201512,79573,-0.9431197240137948,-0.9737151921983205
1985-2015,198512,201512,79602,-0.9357798010548982,-0.939332171610202
1985-2015,198512,201512,79629,0.3874961323586426,-0.07809527497386035
1985-2015,198512,201512,79637,71.12306438673575,32.328616160956365
1985-2015,198512,201512,79645,1.2188188107273121,0.9829672609361839
1985-2015,198512,201512,79653,-0.9603174865030841,-0.9640058197077768
1985-2015,198512,201512,79661,4.541050542464528,3.013497841559791
1985-2015,198512,201512,79688,-0.5161286719687707,-0.5170124552163162
1985-2015,198512,201512,79696,1.5666630480524075,1.4309902179560479
1985-2015,198512,201512,79709,5.128247398876468,3.099249943067309
1985-2015,198512,201512,79733,4.107148191411002,2.519617259276309
1985-2015,198512,201512,79741,0.7910377254241994,0.7715875419806781
1985-2015,198512,201512,79760,2.314268014799403,1.2196660172645508
1985-2015,198512,201512,79768,0.4278781191815524,0.38480105081227706
1985-2015,198512,201512,79776,45.63033536233906,20.548232343742352
1985-2015,198512,201512,79784,1.088673276562102,0.39202432395266745
1985-2015,198512,201512,79805,0.06382859989492906,0.007595025723706216
1985-2015,198512,201512,79840,-0.9720606489535326,-0.9812075626499761
1985-2015,198512,201512,79848,0.41947932140546185,-0.06649163760759691
1985-2015,198512,201512,79856,0.004885537891635479,-0.253845181443236
1985-2015,198512,201512,79864,43.54315926434117,19.583732407113356
1985-2015,198512,201512,79872,-0.8999996417349628,-0.9229193289254686
1985-2015,198512,201512,79899,0.9713021136579039,0.3234847728673794
1985-2015,198512,201512,79901,0.5789458450930021,0.4737726803472676
1985-2015,198512,201512,79928,0.14285635903862312,-0.11970260716757167
1985-2015,198512,201512,79944,0.2913567717562094,-0.27765969727249845
1985-2015,198512,201512,79979,0.0,-0.0027372262773722733
1985-2015,198512,201512,79987,-0.39999988000000003,-0.4059781420652178
1985-2015,198512,201512,80005,-0.14012133268038438,-0.31845729994174055
1985-2015,198512,201512,80013,5.410025340067872,3.162898215504571
1985-2015,198512,201512,80021,2.691216614778608,1.735254074544415
1985-2015,198512,201512,80056,-0.8496890755757949,-0.878483845861201
1985-2015,198512,201512,80064,9.589022944949637,6.06150218354483
1985-2015,198512,201512,80072,7.2477722898193075,2.8113582550565512
1985-2015,198512,201512,80099,0.75719804115568,0.34215056532715477
1985-2015,198512,201512,80128,78.5293557357823,35.751119678346925
1985-2015,198512,201512,80152,0.2672389983742902,0.2411220656120959
1985-2015,198512,201512,80179,2.12593999694339,0.44452062854206953
1985-2015,198512,201512,80195,-0.8653848986574147,-0.8776938439173353
1985-2015,198512,201512,80208,0.043010999999999994,0.04973390699815812
1985-2015,198512,201512,80224,-0.6941180739669797,-0.7412314665990003
1985-2015,198512,201512,80267,-0.9874999962070924,-0.9901068036599218
1985-2015,198512,201512,80304,0.3062515725169463,-0.01603516970294837
1985-2015,198512,201512,80347,15.699032713591585,9.949035846404087
1985-2015,198512,201512,80390,-0.44444441582501343,-0.44647014265883306
1985-2015,198512,201512,80427,-0.7976186292018759,-0.8281252227798372
1985-2015,198512,201512,80451,-0.1755315866381293,-0.3441455780170855
1985-2015,198512,201512,80486,-0.7575753599672146,-0.8054551163319865
1985-2015,198512,201512,80515,1.6730482850516992,0.6079481428516855
1985-2015,198512,201512,80523,-0.6666662289998824,-0.6840123055480238
1985-2015,198512,201512,80531,4.9079993526480425,2.885344941302231
1985-2015,198512,201512,80566,3.673713927314819,2.1689635995999414
1985-2015,198512,201512,80603,-0.9038909955294627,-0.9194423758540666
1985-2015,198512,201512,80638,-0.9818606136248271,-0.99152274515747
1985-2015,198512,201512,80646,-0.971590850858054,-0.9767928251030292
1985-2015,198512,201512,80654,0.3646751179199225,-0.15681746529876922
1985-2015,198512,201512,80697,1.1397855152596081,0.502110191508512
1985-2015,198512,201512,80710,2.114294220601227,1.240897684738079
1985-2015,198512,201512,80718,-0.46666607106217806,-0.46421508793286825
1985-2015,198512,201512,80726,1.2775790742248248,1.2692743191683973
1985-2015,198512,201512,80734,0.04545479287876,0.05219345176471849
1985-2015,198512,201512,80769,-0.7727270997275865,-0.7766103597142555
1985-2015,198512,201512,80785,-0.9504461093650357,-0.974905528107705
1985-2015,198512,201512,80793,0.6603409425145819,0.4564628010982647
1985-2015,198512,201512,80814,1.323775478596216,1.120105674545628
1985-2015,198512,201512,80857,22.127885435409805,9.687571622831802
1985-2015,198512,201512,80881,-0.16446752408035104,-0.286533596734238
1985-2015,198512,201512,80900,-0.9999845325138385,-0.9999918877339853
1985-2015,198512,201512,80929,0.14882151914499842,-0.16009236091940912
1985-2015,198512,201512,80937,7.003680341902141,4.317946877628606
1985-2015,198512,201512,80953,7.433980036187268,4.7079505755744275
1985-2015,198512,201512,81016,-0.7586205635943517,-0.7675526660868957
1985-2015,198512,201512,81024,-0.9519232050111909,-0.9547000543769238
1985-2015,198512,201512,81032,-0.02083433405604811,-0.21422314766759162
1985-2015,198512,201512,81083,-0.937500066402084,-0.9476131691545076
1985-2015,198512,201512,81091,-0.45833239961279393,-0.4637294499789712
1985-2015,198512,201512,81104,0.8333349023560546,0.5100490190468483
1985-2015,198512,201512,81112,3.3999980785359316,2.1453223674557056
1985-2015,198512,201512,81139,4.062496389557672,3.875161721397828
1985-2015,198512,201512,81147,2.661542155470183,1.8323181712164973
1985-2015,198512,201512,81155,-0.2000002555556,-0.20653382878608997
1985-2015,198512,201512,81171,-0.7954542095355666,-0.8262870637314484
1985-2015,198512,201512,81190,0.2800786923188033,-0.4084659081685016
1985-2015,198512,201512,81219,-0.978591549193666,-0.9868172187429166
1985-2015,198512,201512,81227,-0.43113954228771856,-0.47308094891565783
1985-2015,198512,201512,81251,0.5959989942714776,0.516892957164107
1985-2015,198512,201512,81286,-0.12727295454581675,-0.1617832507193131
1985-2015,198512,201512,81294,28.23344739880475,12.508998206064286
1985-2015,198512,201512,81331,3.434134301756269,1.082075151250188
1985-2015,198512,201512,81366,-0.3199996479195335,-0.3261646556446511
1985-2015,198512,201512,81382,1.1018759960875144,0.38228066409365363
1985-2015,198512,201512,81403,0.8605335003699572,0.8221891719573138
1985-2015,198512,201512,81430,-0.8308824664592922,-0.8673040458291502
1985-2015,198512,201512,81438,0.0952388697659751,-0.13316720879492297
1985-2015,198512,201512,81454,-0.9733332816421624,-0.9780356268537178
1985-2015,198512,201512,81510,-0.9602966786176367,-0.9817515484237408
1985-2015,198512,201512,81569,1.7636459883926352,0.8985952641817412
1985-2015,198512,201512,81577,25.70636517470295,11.341214305443538
1985-2015,198512,201512,81593,-0.7975672058312611,-0.9064542674024177
1985-2015,198512,201512,81614,-0.264297907702509,-0.66002647209337
1985-2015,198512,201512,81700,3.8913957682630356,1.456587331175934
1985-2015,198512,201512,81702,6.132241897620667,2.2958631832150442
1985-2015,198512,201512,81737,6.394947806594416,3.9647898971791813
1985-2015,198512,201512,81745,-0.5728814164881778,-0.656734844280572
1985-2015,198512,201512,81753,-0.765257970138107,-0.8440285479397875
1985-2015,198512,201512,81796,0.4098008629545287,0.3970193501444242
1985-2015,198512,201512,81841,1.6563017309004273,1.1316723875728099
1985-2015,198512,201512,81892,2.6072259458149643,2.131610769480346
1985-2015,198512,201512,81913,2.748579278898047,1.783421978149165
1985-2015,198512,201512,81921,-0.7592601304018205,-0.8286922672716079
1985-2015,198512,201512,82027,0.0,-0.0027372262773722733
1985-2015,198512,201512,82035,-0.9583332091985574,-0.9614052522491722
1985-2015,198512,201512,82051,-0.8667307507558796,-0.877077392891288
1985-2015,198512,201512,82107,24.604313526561462,10.831947863664183
1985-2015,198512,201512,82123,1.2637354584987088,1.2554811815306186
1985-2015,198512,201512,82182,4.299285601874614,2.620074476780601
1985-2015,198512,201512,82211,0.6379142547758929,0.09965619193492163
1985-2015,198512,201512,82254,1.7589094023796212,1.5340235099167443
1985-2015,198512,201512,82289,0.263314,0.2598560237226277
1985-2015,198512,201512,82326,-0.12067661855740794,-0.44251713693923767
1985-2015,198512,201512,82334,-0.8625000100951479,-0.9038467760934079
1985-2015,198512,201512,82342,-0.5714291644718799,-0.6047021744875651
1985-2015,198512,201512,82422,0.20688706330744336,0.2124334192969075
1985-2015,198512,201512,82449,-0.6390010672829313,-0.7793222407943194
1985-2015,198512,201512,82465,1.247099301881438,0.9477236613452904
1985-2015,198512,201512,82473,1.113942860072643,0.8323073323230756
1985-2015,198512,201512,82502,6.149406713989603,3.9995531275691887
1985-2015,198512,201512,82529,-0.8214290039043395,-0.833323570680993
1985-2015,198512,201512,82668,-0.9944231203977358,-0.9973648588710408
1985-2015,198512,201512,82676,-0.9157894605666729,-0.9172283097116668
1985-2015,198512,201512,82684,0.598836167905499,0.29255024520762507
1985-2015,198512,201512,82705,0.8092485994788698,0.39951077086369824
1985-2015,198512,201512,82772,3.1249877766696983,2.264744127371453
1985-2015,198512,201512,82801,15.937785192280991,9.07784388413887
1985-2015,198512,201512,82828,0.058822984364563805,-0.1763035431242221
1985-2015,198512,201512,82836,-0.4285699462569138,-0.49671793010379267
1985-2015,198512,201512,82844,-0.9112903935873502,-0.911613856144917
1985-2015,198512,201512,82887,0.5000036861962838,0.16030009130399173
1985-2015,198512,201512,82895,-0.24137843710390766,-0.26426497937406496
1985-2015,198512,201512,82924,29.019416282260654,12.872200400173698
1985-2015,198512,201512,82932,25.118322874454975,11.069475489601222
1985-2015,198512,201512,82959,9.475209713176858,5.439484936165525
1985-2015,198512,201512,82975,1.2017852130370406,0.6585466835627063
1985-2015,198512,201512,82983,0.5080696217809584,0.3123567648141619
1985-2015,198512,201512,82991,-0.8950007850298274,-0.9444779187409779
1985-2015,198512,201512,83011,114.1805638742108,52.2258138947309
1985-2015,198512,201512,83030,1.141912616809488,0.04092842795335269
1985-2015,198512,201512,83046,1.478259564893453,1.236777625457096
1985-2015,198512,201512,83062,-0.6585367641388841,-0.7447200295511632
1985-2015,198512,201512,83089,2.4062543272934147,2.0947930006082296
1985-2015,198512,201512,83118,0.23809535343702679,0.24378512987745438
1985-2015,198512,201512,83142,1.5557544274864217,0.3842614416465084
1985-2015,198512,201512,83177,0.521733584959085,0.2638714349242256
1985-2015,198512,201512,83273,-0.8529409338452273,-0.8541419607013008
1985-2015,198512,201512,83337,2.6799327648550952,1.7586875939551545
1985-2015,198512,201512,83345,-0.05612346376565515,-0.45616391454710636
1985-2015,198512,201512,83396,5.55645816249192,2.873626363029015
1985-2015,198512,201512,83425,-0.6451616790904167,-0.7247421683788682
1985-2015,198512,201512,83433,6.7680179232591025,3.1722081523942016
1985-2015,198512,201512,83476,-0.35000088672400737,-0.46782844134032997
1985-2015,198512,201512,83484,-0.4615373034571804,-0.5646895507978533
1985-2015,198512,201512,83492,-0.9122802710568854,-0.9283425532624632
1985-2015,198512,201512,83513,-0.2857133707400448,-0.2811093132770436
1985-2015,198512,201512,83601,10.440870352898896,4.2869131363359
1985-2015,198512,201512,83620,0.22830486462547547,0.19762463607104774
1985-2015,198512,201512,83636,-0.9183672683372538,-0.9389708784491233
1985-2015,198512,201512,83652,-0.9264491856377188,-0.9408889411044314
1985-2015,198512,201512,83687,0.2690254459804073,-0.17535980234447884
1985-2015,198512,201512,83759,-0.9562499369890856,-0.960675313428512
1985-2015,198512,201512,83804,-0.8706545336275711,-0.9199917403819667
1985-2015,198512,201512,83812,-0.9888889410840367,-0.9918494044327867
1985-2015,198512,201512,83855,-0.41322329133411523,-0.45877895141619246
1985-2015,198512,201512,83863,0.7291436367070527,-0.0037142883917714712
1985-2015,198512,201512,83898,6.144441045815056,3.4956097081611306
1985-2015,198512,201512,83919,-0.9445161026564406,-0.9662714684112845
1985-2015,198512,201512,83927,0.8666720725832038,0.6847832992018492
1985-2015,198512,201512,83951,0.1666654346450299,0.10883940875392736
1985-2015,198512,201512,84073,5.911788654688181,2.4652629017949685
1985-2015,198512,201512,84100,-0.9318180306515782,-0.9456830229607689
1985-2015,198512,201512,84102,1.1485321865481208,0.27281608666509477
1985-2015,198512,201512,84129,8.3271740413341,3.3101580074741266
1985-2015,198512,201512,84137,-0.3295448242956863,-0.34977151105162835
1985-2015,198512,201512,84145,0.028569854847859493,-0.055271553488478876
1985-2015,198512,201512,84153,-0.9360466085287013,-0.9572208954234214
1985-2015,198512,201512,84161,4.766022729282648,1.6491226746977485
1985-2015,198512,201512,84180,-0.8780488803512211,-0.9049268375348678
1985-2015,198512,201512,84196,3.0000012843273396,2.0277018031646685
1985-2015,198512,201512,84233,-0.20000106372799653,-0.39362077854001376
1985-2015,198512,201512,84241,-0.8719999106569423,-0.9209134552560981
1985-2015,198512,201512,84276,-0.8094104867603661,-0.8823747385822022
1985-2015,198512,201512,84735,-0.20505561418866636,-0.5088331183200745
1985-2015,198512,201512,84911,7.042892647033396,3.0636442764329983
1985-2015,198512,201512,85009,-0.948966117088027,-0.9600143125284685
1985-2015,198512,201512,85017,17.537793687271687,11.491867139450028
1985-2015,198512,201512,85033,-0.4556983143286143,-0.6098873820073281
1985-2015,198512,201512,85041,-0.664635274348621,-0.7716176665813349
1985-2015,198512,201512,85060,-0.590475607424539,-0.5949229311448158
1985-2015,198512,201512,85076,-0.838709159648565,-0.8450870927028836
1985-2015,198512,201512,85084,-0.6957981130021189,-0.8436866035340846
1985-2015,198512,201512,85092,-0.9540814550461638,-0.9649273447697114
1985-2015,198512,201512,85105,-0.49999995000009995,-0.5049818345562584
1985-2015,198512,201512,85113,2.7805344304851514,1.7602699616033881
1985-2015,198512,201512,85121,-0.9247310957895338,-0.9297447375729808
1985-2015,198512,201512,85156,-0.9898477214036815,-0.9920455623614508
1985-2015,198512,201512,85164,3.920474081641304,1.9149475182839808
1985-2015,198512,201512,85172,6.668218165497526,2.543541889816637
1985-2015,198512,201512,85199,-0.8619405258635774,-0.8759054233296795
1985-2015,198512,201512,85201,16.352382243178695,10.564727921825805
1985-2015,198512,201512,85220,-0.9921259909214759,-0.9943565298866709
1985-2015,198512,201512,85236,2.7410301934591774,1.804489712929274
1985-2015,198512,201512,85244,0.10561762583899145,-0.03786619025317076
1985-2015,198512,201512,85252,-0.9421861267216554,-0.960157273963915
1985-2015,198512,201512,85279,0.6941210527427695,0.6271303257010952
1985-2015,198512,201512,85287,0.620994596866945,0.09637815246013096
1985-2015,198512,201512,85295,-0.9624999902753887,-0.9707649710206846
1985-2015,198512,201512,85308,-0.9886363513562024,-0.9903866346999453
1985-2015,198512,201512,85316,0.06501656469948769,0.05631860727453703
1985-2015,198512,201512,85324,0.2758900879040835,0.1909033869164497
1985-2015,198512,201512,85359,2.2831009387104757,1.3423167924350845
1985-2015,198512,201512,85367,-0.33333308888912666,-0.3685728476220242
1985-2015,198512,201512,85375,4.778709488101959,2.4104370791012117
1985-2015,198512,201512,85383,-0.6666670806266461,-0.6702869856334159
1985-2015,198512,201512,85391,0.22641593907875524,0.21419621504807887
1985-2015,198512,201512,85404,-0.4576890368263573,-0.7259992221380341
1985-2015,198512,201512,85412,-0.9301469669467973,-0.934799858986208
1985-2015,198512,201512,85439,16.64456390495176,7.244629844949593
1985-2015,198512,201512,85447,-0.9596855092170159,-0.9682079809337651
1985-2015,198512,201512,85455,1.512730460277809,1.1814252526478501
1985-2015,198512,201512,85471,-0.5714287142857233,-0.5722114928897677
1985-2015,198512,201512,85490,-0.89772726521894,-0.9045396250079432
1985-2015,198512,201512,85519,0.4852951535481478,0.4704960170544606
1985-2015,198512,201512,85527,-0.8466134713156319,-0.9048516028081643
1985-2015,198512,201512,85535,0.44165236295403004,0.36544716872509003
1985-2015,198512,201512,85543,-0.7142854816350601,-0.7408415198565318
1985-2015,198512,201512,85551,1.1961655168848444,0.808898952490684
1985-2015,198512,201512,85570,-0.9947697340406692,-0.9975830543521621
1985-2015,198512,201512,85586,3.48255071496681,1.0714207510659461
1985-2015,198512,201512,85594,-0.26268651614267197,-0.42230563594547726
1985-2015,198512,201512,85607,-0.9899516454560716,-0.9932288215064651
1985-2015,198512,201512,85615,-0.8999997322297469,-0.9243072765423224
1985-2015,198512,201512,85623,-0.7789477063222243,-0.7936719410847065
1985-2015,198512,201512,85631,67.82442766146015,30.804291061822518
1985-2015,198512,201512,85650,-0.8819444305336532,-0.906360858180902
1985-2015,198512,201512,85666,-0.2195126351037863,-0.3432850732628477
1985-2015,198512,201512,85674,-0.11764581153048682,-0.20362252023354518
1985-2015,198512,201512,85682,0.2215255174877117,-0.05910684241432871
1985-2015,198512,201512,85703,7.2475414053764595,4.1016201222843645
1985-2015,198512,201512,85711,-0.15179221738979107,-0.35974371105458686
1985-2015,198512,201512,85730,2.06831490044804,1.1012958560085888
1985-2015,198512,201512,85746,-0.6261261549314128,-0.7453930762243199
1985-2015,198512,201512,85754,-0.8641647575260079,-0.9253179476740073
1985-2015,198512,201512,85762,0.6469411077987648,0.20408470289234096
1985-2015,198512,201512,85789,14.94265222877296,6.367220753006591
1985-2015,198512,201512,85797,-0.685312124982346,-0.6969569626481976
1985-2015,198512,201512,85810,0.5227301831414097,0.05806998739577983
1985-2015,198512,201512,85826,-0.444444497436,-0.44444449743599995
1985-2015,198512,201512,85834,-0.8095238215731589,-0.8509731832351201
1985-2015,198512,201512,85842,-0.9943801478510877,-0.9966598703650021
1985-2015,198512,201512,85869,-0.7762787922017744,-0.8594670803888158
1985-2015,198512,201512,85877,0.2888881003284601,0.28653396681187815
1985-2015,198512,201512,85885,-0.8238296940511026,-0.9088039175335461
1985-2015,198512,201512,85893,6.171238759511291,3.5359745162881078
1985-2015,198512,201512,85906,-0.9719827217884578,-0.9742664831216675
1985-2015,198512,201512,85914,106.1239009723011,48.502768740186056
1985-2015,198512,201512,85922,15.231085445105425,8.351911645493006
1985-2015,198512,201512,85949,-0.9619047228502644,-0.9626898405693002
1985-2015,198512,201512,85965,-0.8253302020627331,-0.8925638215276123
1985-2015,198512,201512,85973,-0.7052635456642496,-0.7631272466257535
1985-2015,198512,201512,86020,0.8916675568655716,0.3460889581081181
1985-2015,198512,201512,86036,-0.9934782483858142,-0.9944613251637101
1985-2015,198512,201512,86044,0.3970605729019415,0.33477902638271057
1985-2015,198512,201512,86052,-4.235847284359093e-06,-0.11712813391040505
1985-2015,198512,201512,86079,-0.9921184533292332,-0.9957542974316668
1985-2015,198512,201512,86087,-0.9466667462622932,-0.9548813882853611
1985-2015,198512,201512,86095,-0.9722222309523968,-0.9724490911351813
1985-2015,198512,201512,86108,-0.925708953358057,-0.9296359497576745
1985-2015,198512,201512,86116,-0.9984583251938016,-0.9989725301444056
1985-2015,198512,201512,86124,20.92521483724638,9.131808399581566
1985-2015,198512,201512,86132,-0.325301696004076,-0.3326287364094619
1985-2015,198512,201512,86159,0.015987945548671077,-0.07691203284730057
1985-2015,198512,201512,86167,7.567248849662038,4.390905580127018
1985-2015,198512,201512,86175,-0.8857143151567334,-0.8920360816476315
1985-2015,198512,201512,86183,-0.7368420313179979,-0.7687848394136427
1985-2015,198512,201512,86191,-0.8683039442997152,-0.9391422518209865
1985-2015,198512,201512,86204,0.4897176663130647,0.13073708977790352
1985-2015,198512,201512,86212,-0.9778657323425317,-0.9836976047509347
1985-2015,198512,201512,86239,-0.9196429024802394,-0.9352283867337033
1985-2015,198512,201512,86255,8.069271189268923,4.893408686011264
1985-2015,198512,201512,86263,-0.4827594988210545,-0.5249211195053889
1985-2015,198512,201512,86271,-0.7818179211272949,-0.7841873192688991
1985-2015,198512,201512,86290,-0.5570875678267077,-0.7953267991267698
1985-2015,198512,201512,86319,-0.9972375031517073,-0.998628931103843
1985-2015,198512,201512,86327,-0.8979590432788414,-0.9058812103829312
1985-2015,198512,201512,86335,-0.131935403233627,-0.2336069432426133
1985-2015,198512,201512,86343,-0.25,-0.2465533088235294
1985-2015,198512,201512,86351,7.728490480551244,4.074595795341766
1985-2015,198512,201512,86370,1.1067033973028133,0.98502311487239
1985-2015,198512,201512,86386,-0.9438775940457395,-0.9469820313673235
1985-2015,198512,201512,86394,-0.46428621868133385,-0.46623959618842126
1985-2015,198512,201512,86407,-0.48936178417349696,-0.4874861617094879
1985-2015,198512,201512,86415,-0.8152176699516189,-0.8384263306056956
1985-2015,198512,201512,86423,-0.9993225800569332,-0.9995909281780265
1985-2015,198512,201512,86431,-0.9604521889515168,-0.9735460480563084
1985-2015,198512,201512,86450,-0.11340059887622708,-0.18223363254997155
1985-2015,198512,201512,86466,-0.9134616772366885,-0.9226603542270649
1985-2015,198512,201512,86474,2.363047727511766,0.554089912766244
1985-2015,198512,201512,86482,0.418223449778995,0.05306945014160462
1985-2015,198512,201512,86503,5.699829586691189,3.617221776956792
1985-2015,198512,201512,86511,1.7516179457130328,0.8041502187548568
1985-2015,198512,201512,86546,-0.9682539654488094,-0.9785282080665523
1985-2015,198512,201512,86554,-0.7187491910926339,-0.7739653425472417
1985-2015,198512,201512,86562,-0.2331618725116697,-0.3044364536558131
1985-2015,198512,201512,86589,-0.6231882315324927,-0.6309540654704432
1985-2015,198512,201512,86597,28.08240041748821,19.042284776995327
1985-2015,198512,201512,86610,-0.9494948933182954,-0.9594698372958127
1985-2015,198512,201512,86626,-0.6287900036290484,-0.7503184455178764
1985-2015,198512,201512,86634,-0.9411764225321384,-0.9539769719596473
1985-2015,198512,201512,86642,-0.9301861867798529,-0.9560699494245131
1985-2015,198512,201512,86669,-0.9369371355415808,-0.9390559585737822
1985-2015,198512,201512,86677,-0.8048786583540355,-0.8756456988810266
1985-2015,198512,201512,86685,-0.28274194912256984,-0.6632070516730759
1985-2015,198512,201512,86693,1.0020334550158494,0.8189713768348492
1985-2015,198512,201512,86706,3.2808539670789045,1.950172374537983
1985-2015,198512,201512,86714,3.764811972595103,2.2227348304742924
1985-2015,198512,201512,86749,-0.6842102486529633,-0.6870732563714316
1985-2015,198512,201512,86765,-0.9801323730316288,-0.9862387095840116
1985-2015,198512,201512,86773,3.5336320228770086,2.223981653223536
1985-2015,198512,201512,86781,-0.9134616700605207,-0.9144014528290942
1985-2015,198512,201512,86800,-0.2380958875061435,-0.23948749319106408
1985-2015,198512,201512,86837,-0.33333396724513775,-0.43601704814159126
1985-2015,198512,201512,86845,39.272997871676544,19.792813733463635
1985-2015,198512,201512,86853,0.46716138006612895,0.46181165762286075
1985-2015,198512,201512,86861,6.46148895762059,3.1272304811130143
1985-2015,198512,201512,86880,-0.8764047450483343,-0.8846373922611694
1985-2015,198512,201512,86896,32.91124669374532,14.67064480975103
1985-2015,198512,201512,86909,0.43925129446235756,0.13910330546513858
1985-2015,198512,201512,86917,0.1981942819812352,-0.3263238939272167
1985-2015,198512,201512,86925,-0.5703569430856916,-0.7392560459703836
1985-2015,198512,201512,86933,-0.7934776546464052,-0.818545881453795
1985-2015,198512,201512,86941,-0.9238100741060981,-0.95368432202334
1985-2015,198512,201512,86960,-0.8558557485962391,-0.8899023991723894
1985-2015,198512,201512,86976,0.6297149928767205,-0.010950312485143566
1985-2015,198512,201512,86984,2.433416446016843,1.4305208390520785
1985-2015,198512,201512,86992,1.1625350859686017,0.8466022257528756
1985-2015,198512,201512,87004,-0.9166664180962966,-0.9222172459259199
1985-2015,198512,201512,87012,-0.86122450525513,-0.9001437684291358
1985-2015,198512,201512,87039,-0.431402832867023,-0.733895376638288
1985-2015,198512,201512,87047,0.15370387151687748,-0.17903754455211718
1985-2015,198512,201512,87055,102.38785622237927,46.77631406872864
1985-2015,198512,201512,87063,-0.9729728766011213,-0.9762535001005029
1985-2015,198512,201512,87071,0.0017117903405454028,-0.09961267529423003
1985-2015,198512,201512,87090,-0.9947909436440646,-0.9958197513971826
1985-2015,198512,201512,87119,-0.7681366874623157,-0.8665473403877362
1985-2015,198512,201512,87127,1.2862642744027548,0.484781254855743
1985-2015,198512,201512,87135,-0.8055555693357945,-0.8062645736408601
1985-2015,198512,201512,87143,3.224894225871342,1.778465336267978
1985-2015,198512,201512,87151,-0.9112966177943995,-0.9453787060559317
1985-2015,198512,201512,87170,-0.7499992812603616,-0.8041213006577601
1985-2015,198512,201512,87186,-0.8095235217191986,-0.8267963471207022
1985-2015,198512,201512,87194,-0.16666617613639348,-0.2079705482757203
1985-2015,198512,201512,87207,-0.7989328112205543,-0.8812073311697654
1985-2015,198512,201512,87215,0.2727260763195226,0.18390604375935152
1985-2015,198512,201512,87223,-0.020395140022214837,-0.34832129521867267
1985-2015,198512,201512,87231,-0.9937499933241574,-0.9949323017086825
1985-2015,198512,201512,87250,3.9501744126869776,2.4007169283889835
1985-2015,198512,201512,87266,-0.9920635106020798,-0.9929532226548117
1985-2015,198512,201512,87274,1.7917536935442744,0.8359727960552916
1985-2015,198512,201512,87282,-0.8955227073268042,-0.8996540589702962
1985-2015,198512,201512,87303,-0.9655173235798062,-0.9718314160483769
1985-2015,198512,201512,87311,-0.9054050527655763,-0.9231855294745728
1985-2015,198512,201512,87330,-0.8555554275101804,-0.8830533942730572
1985-2015,198512,201512,87346,-0.8611103164259521,-0.8913339841471479
1985-2015,198512,201512,87354,-0.15384660874045847,-0.2195395302559675
1985-2015,198512,201512,87362,-0.9851566245218238,-0.9914205132746449
1985-2015,198512,201512,87389,-0.7096775669425404,-0.7123096832893896
1985-2015,198512,201512,87397,0.5363635761248164,0.53355743260678
1985-2015,198512,201512,87410,0.538462567119357,0.5455327075932512
1985-2015,198512,201512,87426,38.74157472556578,17.364883701529802
1985-2015,198512,201512,87434,-0.9887500057018668,-0.9929372522872719
1985-2015,198512,201512,87442,-0.9695122142519188,-0.9698159874794812
1985-2015,198512,201512,87469,-0.7950822975716533,-0.8093829372304826
1985-2015,198512,201512,87477,-0.11388839269894444,-0.15780870714777998
1985-2015,198512,201512,87485,1.3127907815026467,1.1030618337623905
1985-2015,198512,201512,87493,3.594841162792406,2.1368903128870067
1985-2015,198512,201512,87506,-0.5458329634913393,-0.5873611214430873
1985-2015,198512,201512,87514,-0.13569922753599242,-0.5937398693923993
1985-2015,198512,201512,87522,-0.8987342209897278,-0.9111689434524658
1985-2015,198512,201512,87549,-0.8905129944848402,-0.9327700578493991
1985-2015,198512,201512,87565,0.27586199404661954,0.26314960098999546
1985-2015,198512,201512,87573,-0.7581840561493338,-0.8348094833570135
1985-2015,198512,201512,87581,29.337803183370546,15.721744265972774
1985-2015,198512,201512,87600,0.2647075664327318,0.11657945889416353
1985-2015,198512,201512,87629,-0.9133534548441439,-0.9230668774530051
1985-2015,198512,201512,87637,-0.9503775796843531,-0.976326338516568
1985-2015,198512,201512,87645,-0.9223300903882717,-0.9392317743696356
1985-2015,198512,201512,87653,0.27868698984408596,0.14276768593588451
1985-2015,198512,201512,87661,0.5789463219482451,0.42509358372372524
1985-2015,198512,201512,87680,8.66662160504457,5.446380362607515
1985-2015,198512,201512,87696,1.0062060442120888,-0.07291694056703994
1985-2015,198512,201512,87709,-0.9895833151807398,-0.9905357967519107
1985-2015,198512,201512,87717,201.27039072538088,92.4706847322021
1985-2015,198512,201512,87725,-0.5300992275512615,-0.7828552819843693
1985-2015,198512,201512,87733,-0.0975597716670421,-0.14526241805206008
1985-2015,198512,201512,87760,4.272730834994718,4.263100276391985
1985-2015,198512,201512,87776,-0.984391855254213,-0.9886946970131576
1985-2015,198512,201512,87784,-0.8809523106125908,-0.8992886033278341
1985-2015,198512,201512,87792,-0.20408142099134993,-0.20115793677093266
1985-2015,198512,201512,87805,0.6464003999988355,0.4396125097589821
1985-2015,198512,201512,87813,-0.5776407595629818,-0.6087808052562198
1985-2015,198512,201512,87821,3.1885589022990324,2.3368038485516323
1985-2015,198512,201512,87840,5.929918110219514,3.7310434069143845
1985-2015,198512,201512,87856,-0.7339350809134256,-0.8779872047588452
1985-2015,198512,201512,87864,1.5581156129109268,0.5734498395676115
1985-2015,198512,201512,87872,1.16998547813759,0.8838714278033242
1985-2015,198512,201512,87899,2.300368540678233,1.4000684064945483
1985-2015,198512,201512,87901,-0.9583334836798654,-0.9623934745351717
1985-2015,198512,201512,87920,25.966032079265343,16.185931814948695
1985-2015,198512,201512,87936,0.7233375589670428,0.5631601261003962
1985-2015,198512,201512,87944,1.0370387463284776,0.9360724780321961
1985-2015,198512,201512,87952,118.45999265998564,54.203370458667905
1985-2015,198512,201512,87979,0.9684703514946642,0.5087924924149145
1985-2015,198512,201512,87987,0.15619877747032762,0.1636512557781472
1985-2015,198512,201512,87995,0.5575710917389824,0.32073328415105395
1985-2015,198512,201512,88007,48.37893275002327,24.56663832106844
1985-2015,198512,201512,88015,24.554118135698477,12.725135686642968
1985-2015,198512,201512,88023,0.9869329464224841,0.429702245187475
1985-2015,198512,201512,88031,236.15173735796114,108.58962009607924
1985-2015,198512,201512,88050,3.863154320662587,2.076057680835774
1985-2015,198512,201512,88066,1.2067352955998278,1.0973579809483573
1985-2015,198512,201512,88074,-0.6956520758054058,-0.7627301846328876
1985-2015,198512,201512,88082,-0.8545456854072988,-0.8635351366095945
1985-2015,198512,201512,88111,-0.7101489258719011,-0.8104086032184245
1985-2015,198512,201512,88130,8.16003246480159,5.184012034606629
1985-2015,198512,201512,88146,-0.4468571234997675,-0.5554520852832692
1985-2015,198512,201512,88154,3.0245219207411473,1.9641526006536894
1985-2015,198512,201512,88162,0.496605160480101,0.3804130298774268
1985-2015,198512,201512,88189,0.022728682646589296,0.020860685052714108
1985-2015,198512,201512,88197,10.642081004417726,4.3798941075271385
1985-2015,198512,201512,88210,2.0469329239357004e-07,-0.009963565462166498
1985-2015,198512,201512,88226,-0.45454367536001733,-0.5207526022254816
1985-2015,198512,201512,88234,-0.9828419662301371,-0.9885995556775318
1985-2015,198512,201512,88242,0.45014235933751284,0.07677010785047786
1985-2015,198512,201512,88269,0.5652143402625285,0.043158093845697604
1985-2015,198512,201512,88277,0.5064277982999259,0.1162885312147915
1985-2015,198512,201512,88285,-0.9961872854999556,-0.9982381156543501
1985-2015,198512,201512,88293,-0.9060399908445034,-0.9133347763654365
1985-2015,198512,201512,88306,-0.9785156563742979,-0.9813779638517904
1985-2015,198512,201512,88314,0.3232594328642536,0.3100747827179601
1985-2015,198512,201512,88322,-0.01960825588902256,-0.21323922443957613
1985-2015,198512,201512,88349,-0.5869568854410607,-0.5877113020886571
1985-2015,198512,201512,88357,0.1298537052335508,-0.20275655273061882
1985-2015,198512,201512,88365,-0.4712239551883567,-0.5898138985243963
1985-2015,198512,201512,88381,3.856785631518095,2.2527369456184307
1985-2015,198512,201512,88400,-0.8430142190331782,-0.8946035266604815
1985-2015,198512,201512,88429,-0.42986232776469857,-0.5737616444916663
1985-2015,198512,201512,88437,-0.853658195221572,-0.8548533642261147
1985-2015,198512,201512,88445,1.1759231364452893,0.4662663305392752
1985-2015,198512,201512,88453,-0.7391302754400229,-0.7445066228099866
1985-2015,198512,201512,88480,-0.38998896021859214,-0.5546145180487116
1985-2015,198512,201512,88496,-0.8691589786062961,-0.8877478521324031
1985-2015,198512,201512,88517,-0.0909091318028798,-0.09256957174479265
1985-2015,198512,201512,88525,-0.9835165160894099,-0.9835466229093379
1985-2015,198512,201512,88533,-0.9282504286378187,-0.9398602135744906
1985-2015,198512,201512,88541,-0.9666666629822139,-0.9747341627181414
1985-2015,198512,201512,88560,-0.6333330091426802,-0.6340027205415065
1985-2015,198512,201512,88576,-0.4313715620203144,-0.4732958621086472
1985-2015,198512,201512,88584,-0.8412694840642618,-0.8483457570648937
1985-2015,198512,201512,88592,-0.9419455746624199,-0.9654580909668072
1985-2015,198512,201512,88605,4.767092540765969,2.9495188891335804
1985-2015,198512,201512,88613,0.25073297502016395,0.011132501255205934
1985-2015,198512,201512,88621,-0.4545450606060001,-0.4510292368714162
1985-2015,198512,201512,88640,3.516726595053907,2.6568756802917903
1985-2015,198512,201512,88656,0.5244693129624141,0.16439200493914563
1985-2015,198512,201512,88664,367.14484150765986,169.12252902140227
1985-2015,198512,201512,88672,0.052022484182754895,0.050100981928539644
1985-2015,198512,201512,88699,1.000000000068716e-07,0.004595688694852987
1985-2015,198512,201512,88701,-0.9476746039623893,-0.958586779240327
1985-2015,198512,201512,88720,-0.8052009688085773,-0.8436744925901432
1985-2015,198512,201512,88736,1.209589974476308,0.7019604243147299
1985-2015,198512,201512,88752,-0.6352937007771101,-0.6578334892269369
1985-2015,198512,201512,88779,-0.8939483480570647,-0.9509927256849684
1985-2015,198512,201512,88787,-0.5999999019048419,-0.6039854101286162
1985-2015,198512,201512,88795,0.36762346002236795,-0.3680108057057618
1985-2015,198512,201512,88808,1.1186416035427271,0.9962717867863793
1985-2015,198512,201512,88816,-0.6122440775422521,-0.6514660993040142
1985-2015,198512,201512,88832,1.3039978686326466,0.23747895352112322
1985-2015,198512,201512,88859,0.7808261187908321,0.6866923291493756
1985-2015,198512,201512,88867,64.61956113025491,30.746434749766987
1985-2015,198512,201512,88875,-0.9512195333156264,-0.9609684845636747
1985-2015,198512,201512,88883,-0.347826,-0.34961114781021896
1985-2015,198512,201512,88891,-0.4751175572532195,-0.7367942055273877
1985-2015,198512,201512,88904,3.770973179742462e-07,-0.11712406125414526
1985-2015,198512,201512,88912,1.123366992085241,-0.018775976176231866
1985-2015,198512,201512,88939,-0.574075277641364,-0.7305927537395895
1985-2015,198512,201512,88947,-0.943181917405513,-0.9539301451960132
1985-2015,198512,201512,88955,-0.642857,-0.642857
1985-2015,198512,201512,88971,-0.7078656503833247,-0.7273246420742734
1985-2015,198512,201512,88990,-0.6967115882799946,-0.8492961420914487
1985-2015,198512,201512,89010,-0.989550716992113,-0.9913213781705011
1985-2015,198512,201512,89034,-0.22222154172502814,-0.2456860205017359
1985-2015,198512,201512,89077,-0.9854544658132485,-0.9910834162276392
1985-2015,198512,201512,89085,-0.9838362496118811,-0.9874968300253263
1985-2015,198512,201512,89093,-0.9333337272706544,-0.9616291542426674
1985-2015,198512,201512,89106,-0.9902597487001804,-0.9920432775256333
1985-2015,198512,201512,89114,-0.11607433347203479,-0.1554801105637539
1985-2015,198512,201512,89122,-0.4200017753693443,-0.5728180191904941
1985-2015,198512,201512,89157,-0.8800002575683937,-0.8959875349105904
1985-2015,198512,201512,89173,-0.9605262396445262,-0.9641058069313371
1985-2015,198512,201512,89181,27.436619635196372,13.186769241881995
1985-2015,198512,201512,89200,-0.9107140195267984,-0.9280312856510257
1985-2015,198512,201512,89229,-0.7275008946918626,-0.7899566134684104
1985-2015,198512,201512,89237,0.22303064737647144,-0.38064786012283264
1985-2015,198512,201512,89245,1.585594120574012,0.4944761363233189
1985-2015,198512,201512,89253,-2.499999999822063e-07,-0.009964015625000237
1985-2015,198512,201512,89261,-0.9723500677762128,-0.9785511881330026
1985-2015,198512,201512,89280,-0.8953487689289937,-0.9070805884966614
1985-2015,198512,201512,89296,2.3087011155190584,1.8253205619236943
1985-2015,198512,201512,89309,1.0137078541182145,0.5095903186222257
1985-2015,198512,201512,89325,-0.9995135282171917,-0.9996997664265334
1985-2015,198512,201512,89333,14.059374824519972,6.5227015549148435
1985-2015,198512,201512,89341,2.4578804700071926,1.1758568530327396
1985-2015,198512,201512,89360,7.28227551337711,4.591431214404685
1985-2015,198512,201512,89376,-0.9841771622126566,-0.9862852008710814
1985-2015,198512,201512,89384,-0.8278986560127746,-0.8294589583154693
1985-2015,198512,201512,89392,10.984935986543015,6.78807076890102
1985-2015,198512,201512,89405,-0.9008741623364909,-0.9354707918009437
1985-2015,198512,201512,89421,-0.8571429406724024,-0.8756825112698533
1985-2015,198512,201512,89440,5.1172836806858895,1.8268432778732433
1985-2015,198512,201512,89456,5.2495402562178,1.8879600465261883
1985-2015,198512,201512,89464,-0.7368425880970065,-0.743415654585217
1985-2015,198512,201512,89499,5.574792411909779,2.6239274363173926
1985-2015,198512,201512,89501,-0.7516609759717752,-0.7741809041074461
1985-2015,198512,201512,89520,-0.49167292932733253,-0.5377691445547207
1985-2015,198512,201512,89536,-0.5000000398055715,-0.5009132817419999
1985-2015,198512,201512,89544,-0.8979594526081903,-0.9030171145223931
1985-2015,198512,201512,89552,1.2406276803056477,0.7555598957520253
1985-2015,198512,201512,89579,-0.27777752271344924,-0.30204317623855015
1985-2015,198512,201512,89587,-0.08514513163185339,-0.4681189515285187
1985-2015,198512,201512,89595,-0.04689266172761456,-0.4458796166320649
1985-2015,198512,201512,89608,-0.8379304049771954,-0.8894934077604955
1985-2015,198512,201512,89610,-2.0486894197514682e-07,-0.052038355526239366
1985-2015,198512,201512,89616,-0.8889524292478252,-0.9148842953491396
1985-2015,198512,201512,89624,-0.20967822085696017,-0.267947707963269
1985-2015,198512,201512,89632,-0.9469696150019089,-0.950501954907845
1985-2015,198512,201512,89659,0.26185426018380814,-0.41688755675683314
1985-2015,198512,201512,89667,0.2761322837097855,-0.0663905046219577
1985-2015,198512,201512,89675,6.927079832951073,3.1675316293485007
1985-2015,198512,201512,89683,-0.6851858518500622,-0.701568201276772
1985-2015,198512,201512,89691,-0.9107144628953825,-0.913408081583543
1985-2015,198512,201512,89712,0.7891632056551501,0.2739774487173142
1985-2015,198512,201512,89747,-0.8495145682207336,-0.872396759554121
1985-2015,198512,201512,89755,0.9346772862717945,0.25719516878422777
1985-2015,198512,201512,89763,-0.08399307392160649,-0.4727774775125412
1985-2015,198512,201512,89771,-0.9947471272518511,-0.9971177761477276
1985-2015,198512,201512,89790,-0.9585333419810688,-0.9808379421986294
1985-2015,198512,201512,89819,-0.8718267338622829,-0.8978911225302297
1985-2015,198512,201512,89827,-0.0733448030745151,-0.1636382078946702
1985-2015,198512,201512,89843,-0.8958334059020824,-0.9164066906394832
1985-2015,198512,201512,89851,10.500392398272842,6.783237703598901
1985-2015,198512,201512,89870,-0.5606063257744356,-0.656222415226527
1985-2015,198512,201512,89886,-0.8679245844406585,-0.9080519559195157
1985-2015,198512,201512,89894,-0.07825945333698532,-0.34367269218066704
1985-2015,198512,201512,89907,-0.927631871002216,-0.9335307857188421
1985-2015,198512,201512,89915,32.50105598224052,14.4810925646713
1985-2015,198512,201512,89931,40.41678809740209,25.817861013305983
1985-2015,198512,201512,89950,-0.8703705154132848,-0.9039423548113357
1985-2015,198512,201512,89966,-0.65384577307684,-0.652574315861328
1985-2015,198512,201512,89974,-0.7826086280194577,-0.7847746652402784
1985-2015,198512,201512,90019,-0.5344826979681008,-0.5382845634111928
1985-2015,198512,201512,90027,-0.9696970270331393,-0.9713732502568897
1985-2015,198512,201512,90035,1.0710301453972062,0.8615427211506133
1985-2015,198512,201512,90051,-0.9845679218480721,-0.9923010774672698
1985-2015,198512,201512,90070,-0.9140625078115373,-0.9276907783202544
1985-2015,198512,201512,90086,16.13178259420302,6.916726931810119
1985-2015,198512,201512,90094,-0.6800006267446097,-0.7192942897526954
1985-2015,198512,201512,90107,-0.7530523965543894,-0.8426159005445756
1985-2015,198512,201512,90115,-0.9435482135226098,-0.9615085448410559
1985-2015,198512,201512,90123,-0.9486300749944695,-0.9584093866436705
1985-2015,198512,201512,90131,-0.9950000093727673,-0.9956069214183558
1985-2015,198512,201512,90150,-0.2537308729720275,-0.24892066681254696
1985-2015,198512,201512,90166,0.0,-0.0027372262773722733
1985-2015,198512,201512,90174,-0.9766391597994325,-0.9860549435613215
1985-2015,198512,201512,90182,-0.3333340162391174,-0.3557330501762648
1985-2015,198512,201512,90203,-0.7037036562673646,-0.7409184770401838
1985-2015,198512,201512,90211,-0.6655557257412199,-0.8018712239756929
1985-2015,198512,201512,90230,-0.9687499495985201,-0.9716073939411326
1985-2015,198512,201512,90246,0.6617034960553598,0.5959946583378799
1985-2015,198512,201512,90254,-0.9722222436386698,-0.978015142865363
1985-2015,198512,201512,90262,0.18518723991607264,0.1264431767202317
1985-2015,198512,201512,90289,-0.7500016367149666,-0.8355907273943792
1985-2015,198512,201512,90297,0.4250016637511126,0.35084719729398545
1985-2015,198512,201512,90310,-0.8356775942208985,-0.9001087933723259
1985-2015,198512,201512,90326,1.0830091964233888,0.9294313997379342
1985-2015,198512,201512,90334,1.699480357284084,1.2713872444276384
1985-2015,198512,201512,90342,6.550978220397225,3.9390898832400856
1985-2015,198512,201512,90369,2.524241743722239,1.3176872598606564
1985-2015,198512,201512,90377,1.42242347112201,0.11942029550210444
1985-2015,198512,201512,90385,1.355044641595347,0.7925235329134515
1985-2015,198512,201512,90393,-0.888888687250746,-0.894761988877873
1985-2015,198512,201512,90406,0.7570007318656349,0.1781606134534608
1985-2015,198512,201512,90414,3.799999998664246,3.353858919950225
1985-2015,198512,201512,90422,-0.5025900903667317,-0.5583517211785847
1985-2015,198512,201512,90449,-0.015625897861640238,-0.09586479526283438
1985-2015,198512,201512,90457,-0.9820512996905322,-0.983719560632159
1985-2015,198512,201512,90465,-0.8333333204521085,-0.8420063480088071
1985-2015,198512,201512,90473,2.6849745757112014,1.8244580724069732
1985-2015,198512,201512,90481,-0.9594594777632394,-0.965888536716875
1985-2015,198512,201512,90500,-0.8695648528061318,-0.8853974148851302
1985-2015,198512,201512,90529,-0.9402984205921987,-0.9425076420328399
1985-2015,198512,201512,90537,9.628492282978346,3.9115070564614047
1985-2015,198512,201512,90553,-0.9444444640218181,-0.9564715406278474
1985-2015,198512,201512,90561,28.745975185967346,12.669151774322831
1985-2015,198512,201512,90580,-0.7272724693942053,-0.7407902687372753
1985-2015,198512,201512,90596,-0.9777777723390714,-0.9849324473738245
1985-2015,198512,201512,90609,3.9610437501588756,1.4264973436452149
1985-2015,198512,201512,90625,-0.534615564076293,-0.6657915975922389
1985-2015,198512,201512,90633,-0.7064219314146676,-0.7245658120482678
1985-2015,198512,201512,90641,-0.675675295309375,-0.7514117095183357
1985-2015,198512,201512,90660,4.449941947986394,1.8652171953579266
1985-2015,198512,201512,90676,1.2338933452223384,0.4897165505357026
1985-2015,198512,201512,90684,-0.9181816777602377,-0.9195796526905935
1985-2015,198512,201512,90692,-0.04494509571865931,-0.048427520164535075
1985-2015,198512,201512,90705,-0.5898254967198611,-0.795454522520318
1985-2015,198512,201512,90713,-0.9650000102545331,-0.9711718245728747
1985-2015,198512,201512,90721,2.9469294704837927,1.217991728143335
1985-2015,198512,201512,90740,0.3825110503104881,-0.05616203748322107
1985-2015,198512,201512,90756,21.00364355497452,9.168050906072176
1985-2015,198512,201512,90764,-0.072462221753036,-0.2079696940438034
1985-2015,198512,201512,90772,-0.6240017607885892,-0.7198595259317846
1985-2015,198512,201512,90799,-0.32142970109019664,-0.5002174280940606
1985-2015,198512,201512,90801,0.19925163717375477,0.19487879619955645
1985-2015,198512,201512,90820,0.2520634863796347,-0.23887353136099002
1985-2015,198512,201512,90844,0.5391322732881425,0.33619664392687865
1985-2015,198512,201512,90852,-0.9505497874452902,-0.9664707926040336
1985-2015,198512,201512,90879,19.20599791131115,10.176698237380117
1985-2015,198512,201512,90887,1.970774627599051,1.0093172450283139
1985-2015,198512,201512,90895,0.8795216932466334,0.8051996579249294
1985-2015,198512,201512,90908,0.7567579687708046,0.7376800541778175
1985-2015,198512,201512,90916,2.819898354094017,0.7936568678604303
1985-2015,198512,201512,90924,-0.9957576069754636,-0.9976438335488728
1985-2015,198512,201512,90932,0.33333414967627323,0.3200491173878316
1985-2015,198512,201512,90959,0.010460790815498942,0.0003927938055612847
1985-2015,198512,201512,90967,-0.9284408626416139,-0.9349840921590057
1985-2015,198512,201512,90975,0.06522071781809996,0.008913556824248057
1985-2015,198512,201512,90983,10.354724957019728,4.24710469422791
1985-2015,198512,201512,90991,-0.6999998947699673,-0.709050474697049
1985-2015,198512,201512,91003,-0.7226685954862694,-0.8299925826508654
1985-2015,198512,201512,91011,-0.9832487679541412,-0.987042394461342
1985-2015,198512,201512,91030,-0.9866525064556464,-0.9886024918406419
1985-2015,198512,201512,91046,-0.8750001186091699,-0.8827254331672298
1985-2015,198512,201512,91054,-0.5624998007304611,-0.5668589512666614
1985-2015,198512,201512,91089,-0.07013927662119579,-0.3734045803618785
1985-2015,198512,201512,91097,-0.6239309504687711,-0.6425708946629278
1985-2015,198512,201512,91110,-0.7187496306561095,-0.7312878901286082
1985-2015,198512,201512,91126,0.23529174424201546,0.16696099953027016
1985-2015,198512,201512,91134,-0.9675926067748178,-0.9725203407330302
1985-2015,198512,201512,91142,3.7408119289228887,2.3004505976514142
1985-2015,198512,201512,91169,-0.9700001320017729,-0.9738934269728804
1985-2015,198512,201512,91177,-0.24757357953668468,-0.4304694753695267
1985-2015,198512,201512,91185,1.8717001584561332,1.5664499371975094
1985-2015,198512,201512,91193,-0.823529032138359,-0.8745069825160875
1985-2015,198512,201512,91206,-0.8000002652683639,-0.8181366804811329
1985-2015,198512,201512,91214,1.2317060484556603,1.2094698468859018
1985-2015,198512,201512,91249,-0.9180328219197392,-0.9339305858099374
1985-2015,198512,201512,91257,3.0874647870429675,1.412310481769957
1985-2015,198512,201512,91265,-0.9984574956836018,-0.9992015093004157
1985-2015,198512,201512,91273,-0.0797055723594174,-0.3334116571165297
1985-2015,198512,201512,91281,-0.8888886820317019,-0.9023756667690114
1985-2015,198512,201512,91300,0.05555597963048937,-0.000240306987760219
1985-2015,198512,201512,91329,0.8657224840604425,0.8030368479912142
1985-2015,198512,201512,91337,1.4270376192573258,0.774416132339971
1985-2015,198512,201512,91345,-0.21428582700308269,-0.2092213710077068
1985-2015,198512,201512,91353,-0.7171054025411943,-0.770960151835204
1985-2015,198512,201512,91380,13.537790719138151,7.013013240553709
1985-2015,198512,201512,91396,-0.10881094271722914,-0.20354076892063125
1985-2015,198512,201512,91409,-0.8707075771565495,-0.9217948986342602
1985-2015,198512,201512,91417,-0.9062501182619718,-0.9081822394805871
1985-2015,198512,201512,91425,0.5223894225321033,0.13041551550787267
1985-2015,198512,201512,91433,0.8529338156323956,0.4025323133560994
1985-2015,198512,201512,91441,1.1077420377794591,0.31044485056481813
1985-2015,198512,201512,91460,-0.10211154415405566,-0.18421273296789906
1985-2015,198512,201512,91476,0.09949300033712298,-0.000211439793281361
1985-2015,198512,201512,91484,-0.9166666166667048,-0.9293379457072989
1985-2015,198512,201512,91492,-0.9954117965634954,-0.9973067097980132
1985-2015,198512,201512,91505,0.3535357182024363,0.20179897643806885
1985-2015,198512,201512,91513,0.616824741832791,0.531360002446482
1985-2015,198512,201512,91521,-0.5750007156735,-0.6589396345309368
1985-2015,198512,201512,91540,-0.9500000233390449,-0.961103221003257
1985-2015,198512,201512,91556,115.93997052018172,53.03884907665512
1985-2015,198512,201512,91564,1.7106779661295914,0.8835162218561001
1985-2015,198512,201512,91572,9.26671702487427,5.961241754458799
1985-2015,198512,201512,91599,-0.4539478426974567,-0.4841529749942268
1985-2015,198512,201512,91601,6.834756883705851,3.802798246713695
1985-2015,198512,201512,91620,3.8771220053691007,1.8877000822689172
1985-2015,198512,201512,91636,1.7711551206754441,0.9329116444787879
1985-2015,198512,201512,91652,0.3138092542418871,0.2995416424311154
1985-2015,198512,201512,91679,2.7226770690262496,1.5430537727785603
1985-2015,198512,201512,91687,2.299189847365657,0.7869249272401706
1985-2015,198512,201512,91695,8.689093031504864,6.6684856505683
1985-2015,198512,201512,91708,-0.9814452219401519,-0.9899352990474373
1985-2015,198512,201512,91716,-0.1300979216721813,-0.23568892957210166
1985-2015,198512,201512,91724,-0.7419359544373973,-0.744275610335517
1985-2015,198512,201512,91732,-0.8868685857223279,-0.9177294505618792
1985-2015,198512,201512,91759,0.26219456154376314,0.2406282875605509
1985-2015,198512,201512,91767,-0.5172407362434437,-0.6335723088292251
1985-2015,198512,201512,91775,1.0392123583259578,0.9214302652157509
1985-2015,198512,201512,91783,0.538455312710262,0.027831086058874677
1985-2015,198512,201512,91791,-0.967741820774304,-0.9732080623908164
1985-2015,198512,201512,91804,-0.8097601150955924,-0.8864379059527485
1985-2015,198512,201512,91812,0.333333,0.26394880225498646
1985-2015,198512,201512,91855,33.15842175006381,14.784866281712171
1985-2015,198512,201512,91863,-0.9356059671230529,-0.9393252776426697
1985-2015,198512,201512,91871,-0.749999778406641,-0.8277110704908315
1985-2015,198512,201512,91890,0.8101511273730189,0.6446343991842969
1985-2015,198512,201512,91919,-0.9013381976645072,-0.9282519295058592
1985-2015,198512,201512,91927,0.13333191065430625,0.006280892238145054
1985-2015,198512,201512,91935,-0.36249961362590405,-0.3877083283770772
1985-2015,198512,201512,91943,-0.8651379782949667,-0.8856445386162907
1985-2015,198512,201512,91951,0.6666664701628955,0.6007613812724468
1985-2015,198512,201512,91970,6.660939045368487,4.1088507483756915
1985-2015,198512,201512,91986,-0.7121502967145563,-0.7271294660095491
1985-2015,198512,201512,91994,-0.01923422774533314,-0.34234540547585846
1985-2015,198512,201512,92006,-0.947674411612369,-0.9538030144526004
1985-2015,198512,201512,92014,-0.7536236350300818,-0.7666469957433965
1985-2015,198512,201512,92022,-0.9680851234610826,-0.9747407964829568
1985-2015,198512,201512,92049,0.8400429397263318,0.7174781666275662
1985-2015,198512,201512,92057,-0.848837329410882,-0.8987617653468714
1985-2015,198512,201512,92065,1.0204066656868802,0.9136087396843664
1985-2015,198512,201512,92073,8.139970214256872,3.8051887658406756
1985-2015,198512,201512,92081,-0.9744897369591986,-0.9768223462147998
1985-2015,198512,201512,92100,-0.9294319484244329,-0.9521817232659053
1985-2015,198512,201512,92129,4.3437089727255715,2.6481411038032845
1985-2015,198512,201512,92137,-0.9826389661744633,-0.9862395866778016
1985-2015,198512,201512,92145,1.6615198942586704,1.0749224282629997
1985-2015,198512,201512,92153,0.5179535675379532,0.04808796545734865
1985-2015,198512,201512,92161,-0.019459291438751785,-0.3570899853284675
1985-2015,198512,201512,92180,-0.9830507942930253,-0.9842336324785332
1985-2015,198512,201512,92196,-0.9517542375760542,-0.9543044901825193
1985-2015,198512,201512,92209,0.42608755340324794,0.34720284863418205
1985-2015,198512,201512,92217,-0.9956140410855254,-0.9966499978382105
1985-2015,198512,201512,92225,-0.6799986806921317,-0.824063660964034
1985-2015,198512,201512,92233,-0.9148936501330294,-0.9239401141417835
1985-2015,198512,201512,92241,-0.8592970125740188,-0.8984224800154574
1985-2015,198512,201512,92260,-0.9687999995662908,-0.9785659330772821
1985-2015,198512,201512,92276,-0.9162948618046897,-0.9260987754059176
1985-2015,198512,201512,92284,-0.7588460412543137,-0.8780715446559832
1985-2015,198512,201512,92292,0.7058832909066017,0.7027675223387351
1985-2015,198512,201512,92305,-0.5333323385818234,-0.534184699607245
1985-2015,198512,201512,92313,-0.18032776479852936,-0.3343969145057898
1985-2015,198512,201512,92321,-0.6666664966813439,-0.7195276989012389
1985-2015,198512,201512,92340,-0.9702485583497609,-0.9846918556084682
1985-2015,198512,201512,92356,-0.16666583312975947,-0.17571561593740065
1985-2015,198512,201512,92364,-0.9715909171638453,-0.9778522628103301
1985-2015,198512,201512,92372,-0.7980766737726311,-0.8425804596529856
1985-2015,198512,201512,92399,1.4680760894947928,0.1994376165232626
1985-2015,198512,201512,92401,-0.931249906049037,-0.9540123300560571
1985-2015,198512,201512,92420,-0.9938271342721982,-0.9947779084825948
1985-2015,198512,201512,92436,-0.9718749569006944,-0.9796284479075275
1985-2015,198512,201512,92444,0.5454554356937165,0.32588916107788996
1985-2015,198512,201512,92452,-0.9230767863848859,-0.9414505066286074
1985-2015,198512,201512,92479,0.39285402542465614,0.20728743044341716
1985-2015,198512,201512,92487,-0.9285712524783167,-0.9322882731646143
1985-2015,198512,201512,92508,-0.5101288515107401,-0.6583094031277845
1985-2015,198512,201512,92516,-0.9884615065591847,-0.9902007977227575
1985-2015,198512,201512,92524,-0.9800995703654244,-0.9865401178276045
1985-2015,198512,201512,92532,-0.7142855701515808,-0.7148074229914866
1985-2015,198512,201512,92567,1.4431818137006083,1.1261128362856438
1985-2015,198512,201512,92575,-0.5000012991388061,-0.6402247662664352
1985-2015,198512,201512,92583,-0.9228474171441781,-0.9643472051320523
1985-2015,198512,201512,92591,9.0341924671686,5.687422174765417
1985-2015,198512,201512,92604,-0.9651899893681697,-0.9680274440163104
1985-2015,198512,201512,92612,-0.8463917269350631,-0.8973754019193299
1985-2015,198512,201512,92639,1.1355932884756932,0.9781385290711289
1985-2015,198512,201512,92647,0.262548241562563,0.22012840674436832
1985-2015,198512,201512,92655,405.02708735916235,186.6282027200355
1985-2015,198512,201512,92663,-0.95889591381301,-0.9789313608129899
1985-2015,198512,201512,92671,-0.1515156237365731,-0.21407337012209718
1985-2015,198512,201512,92719,5.171864488371556,3.506244412685442
1985-2015,198512,201512,92735,-0.9230767406678029,-0.9376282474405849
1985-2015,198512,201512,92751,0.20000012,0.19562454982680005
1985-2015,198512,201512,92770,-0.44094421048335136,-0.6011436175315292
1985-2015,198512,201512,92786,-0.6363638787878401,-0.6425770858948824
1985-2015,198512,201512,92794,-0.7800007248731093,-0.8226702008011125
1985-2015,198512,201512,92807,0.4914741150951009,-0.3107784767787985
1985-2015,198512,201512,92815,-0.31933148158760755,-0.48478484028757235
1985-2015,198512,201512,92823,-0.9743996990139782,-0.9813085310770061
1985-2015,198512,201512,92831,-0.9862746591197882,-0.9890816611484196
1985-2015,198512,201512,92850,0.750000062499875,0.7468037153537561
1985-2015,198512,201512,92866,2.1203890301144885,1.020488868433139
1985-2015,198512,201512,92874,0.22256225000391172,-0.43407326845604316
1985-2015,198512,201512,92882,-0.826922957693634,-0.8427487886609659
1985-2015,198512,201512,92903,-0.6081086650019945,-0.7347757095028975
1985-2015,198512,201512,92911,0.00290769102388418,-0.17394264786050834
1985-2015,198512,201512,92930,26.148066071107802,13.116477742969
1985-2015,198512,201512,92946,-0.949999919033468,-0.9561395758455703
1985-2015,198512,201512,92962,-0.7288138171431962,-0.7705832059887874
1985-2015,198512,201512,92989,-0.93055545962714,-0.9417922679236688
1985-2015,198512,201512,92997,-0.984892038956794,-0.9887051973869876
1985-2015,198512,201512,93009,-0.16428364034155987,-0.4533584792898408
1985-2015,198512,201512,93017,-0.9375000174103731,-0.9469211492071001
1985-2015,198512,201512,93025,-0.9657533537825493,-0.9771619375743297
1985-2015,198512,201512,93033,-0.6428569964285699,-0.6649293537308385
1985-2015,198512,201512,93041,-0.677418436203634,-0.7179346806164575
1985-2015,198512,201512,93060,21.807530211861373,15.145486089096174
1985-2015,198512,201512,93076,-0.947792777277985,-0.9525665050414278
1985-2015,198512,201512,93084,-0.04064951912006044,-0.2615703692945256
1985-2015,198512,201512,93092,0.298015320756479,-0.01613679224214202
1985-2015,198512,201512,93105,-0.8395474436631168,-0.9195562366341695
1985-2015,198512,201512,93113,-0.21529949335409393,-0.4592196382320466
1985-2015,198512,201512,93121,0.5075236591492414,0.39637572834756013
1985-2015,198512,201512,93156,2.271033395467206,1.6561957661557623
1985-2015,198512,201512,93164,0.8636356526142321,0.7189483276855322
1985-2015,198512,201512,93172,-0.9156250642006842,-0.9163141516981378
1985-2015,198512,201512,93201,-0.2752293867301851,-0.37819915203774895
1985-2015,198512,201512,93220,0.05082531621132143,-0.1640814624316057
1985-2015,198512,201512,93236,-0.9390247250436544,-0.9592129892733869
1985-2015,198512,201512,93244,0.0,-0.0027372262773722733
1985-2015,198512,201512,93252,-0.8823530466344368,-0.9093811698177868
1985-2015,198512,201512,93279,-0.8717950798220874,-0.8749973436623921
1985-2015,198512,201512,93287,-0.14814968460857678,-0.19317816748455352
1985-2015,198512,201512,93308,0.20000084295499998,0.20000084295500012
1985-2015,198512,201512,93316,0.6712819833051771,0.07580165356452354
1985-2015,198512,201512,32898,0.0,0.0
1985-2015,198512,201512,45314,0.0,0.0
1985-2015,198512,201512,78338,0.0,0.0
1985-2015,198512,201512,93199,0.0,0.0
1985-2015,198512,201512,76305,0.0,0.0
1985-2015,198512,201512,78225,0.0,0.0
1985-2015,198512,201512,78227,0.0,0.0
1985-2015,198512,201512,78487,0.0,0.0
1985-2015,198512,201512,78360,0.0,0.0
1985-2015,198512,201512,92954,0.0,0.0
1985-2015,198512,201512,78235,0.0,0.0
1985-2015,198512,201512,78491,0.0,0.0
1985-2015,198512,201512,37533,0.0,0.0
1985-2015,198512,201512,11295,0.0,0.0
1985-2015,198512,201512,78240,0.0,0.0
1985-2015,198512,201512,78498,0.0,0.0
1985-2015,198512,201512,78371,0.0,0.0
1985-2015,198512,201512,46755,0.0,0.0
1985-2015,198512,201512,78501,0.0,0.0
1985-2015,198512,201512,57892,0.0,0.0
1985-2015,198512,201512,88103,0.0,0.0
1985-2015,198512,201512,88744,0.0,0.0
1985-2015,198512,201512,16812,0.0,0.0
1985-2015,198512,201512,78509,0.0,0.0
1985-2015,198512,201512,48813,0.0,0.0
1985-2015,198512,201512,30510,0.0,0.0
1985-2015,198512,201512,79792,0.0,0.0
1985-2015,198512,201512,88824,0.0,0.0
1985-2015,198512,201512,78261,0.0,0.0
1985-2015,198512,201512,30518,0.0,0.0
1985-2015,198512,201512,77623,0.0,0.0
1985-2015,198512,201512,78264,0.0,0.0
1985-2015,198512,201512,78392,0.0,0.0
1985-2015,198512,201512,78393,0.0,0.0
1985-2015,198512,201512,78520,0.0,0.0
1985-2015,198512,201512,78521,0.0,0.0
1985-2015,198512,201512,80187,0.0,0.0
1985-2015,198512,201512,54201,0.0,0.0
1985-2015,198512,201512,55482,0.0,0.0
1985-2015,198512,201512,63803,0.0,0.0
1985-2015,198512,201512,78277,0.0,0.0
1985-2015,198512,201512,16839,0.0,0.0
1985-2015,198512,201512,25671,0.0,0.0
1985-2015,198512,201512,14155,0.0,0.0
1985-2015,198512,201512,44493,0.0,0.0
1985-2015,198512,201512,59854,0.0,0.0
1985-2015,198512,201512,45007,0.0,0.0
1985-2015,198512,201512,46543,0.0,0.0
1985-2015,198512,201512,20432,0.0,0.0
1985-2015,198512,201512,89042,0.0,0.0
1985-2015,198512,201512,46165,0.0,0.0
1985-2015,198512,201512,78294,0.0,0.0
1985-2015,198512,201512,45015,0.0,0.0
1985-2015,198512,201512,43095,0.0,0.0
1985-2015,198512,201512,62551,0.0,0.0
1985-2015,198512,201512,59484,0.0,0.0
1985-2015,198512,201512,70237,0.0,0.0
1985-2015,198512,201512,14817,0.0,0.0
1985-2015,198512,201512,62819,0.0,0.0
1985-2015,198512,201512,48996,0.0,0.0
1985-2015,198512,201512,67687,0.0,0.0
1985-2015,198512,201512,28135,0.0,0.0
1985-2015,198512,201512,78313,0.0,0.0
1985-2015,198512,201512,31596,0.0,0.0
1985-2015,198512,201512,89069,0.0,0.0
1985-2015,198512,201512,15086,0.0,0.0
1985-2015,198512,201512,78319,0.0,0.0
1985-2015,198512,201512,78455,0.0,0.0
1985-2015,198512,201512,70520,0.0,0.0
1985-2015,198512,201512,10233,0.0,0.0
1985-2015,198512,201512,13435,0.0,0.0
